date,XLY,XLF,XLV,XLK,XLP,XLI,XLB,XLE,XLU,XLRE,XLC,SPY
2024-09-09,90.8096923828125,43.45368576049805,149.24949645996094,102.26671600341797,78.84717559814453,124.06019592285156,43.50761032104492,40.424625396728516,35.96934509277344,40.945701599121094,81.90573120117188,532.4515380859375
2024-09-10,91.84999084472656,43.00899887084961,149.93299865722656,103.79633331298828,78.82832336425781,124.27371215820312,43.52678298950195,39.729339599609375,36.138214111328125,41.66909408569336,81.88626098632812,534.770751953125
2024-09-11,92.7676010131836,42.80598831176758,149.49017333984375,107.33910369873047,78.09292602539062,124.49696350097656,43.63225173950195,39.360694885253906,36.250797271728516,41.55780792236328,82.22699737548828,540.2568969726562
2024-09-12,93.81279754638672,42.90266036987305,150.02931213378906,108.22724914550781,78.57374572753906,125.45783996582031,44.03491973876953,39.71533966064453,36.330543518066406,41.631996154785156,83.76522827148438,544.8076782226562
2024-09-13,94.4507064819336,43.0283317565918,150.33734130859375,108.77003479003906,79.13002014160156,126.72930908203125,44.432804107666016,39.9393196105957,36.84183883666992,41.92876434326172,84.57328796386719,547.6530151367188
2024-09-16,94.28878021240234,43.58902359008789,151.3770751953125,108.35555267333984,79.4411392211914,127.37959289550781,44.845054626464844,40.39662170410156,37.123287200927734,42.0678825378418,85.45921325683594,548.4618530273438
2024-09-17,94.76969146728516,43.82103729248047,149.81747436523438,108.14337158203125,78.68690490722656,128.0784149169922,44.93134307861328,40.94258499145508,37.09514236450195,41.7340087890625,85.45921325683594,548.68603515625
2024-09-18,94.58320617675781,43.68569564819336,149.56716918945312,107.15653991699219,78.38520050048828,127.97162628173828,44.739593505859375,41.02192306518555,36.81369400024414,41.613441467285156,85.39106750488281,547.0586547851562
2024-09-19,96.73741149902344,44.16905212402344,150.1063232421875,110.33910369873047,77.9232177734375,130.1748809814453,45.41550827026367,41.51188659667969,36.59791564941406,41.51142501831055,86.54960632324219,556.3939819335938
2024-09-20,96.51658630371094,44.14005661010742,149.49017333984375,109.80127716064453,78.30036163330078,129.26254272460938,45.094322204589844,41.41856002807617,37.56422805786133,41.437232971191406,86.54960632324219,555.43212890625
2024-09-23,97.68933868408203,44.08667755126953,149.19737243652344,109.78101348876953,78.75434875488281,130.130126953125,45.48820495605469,41.92997360229492,37.936851501464844,41.895790100097656,86.74394989013672,556.8200073242188
2024-09-24,98.54491424560547,43.71800994873047,148.89784240722656,110.53236389160156,78.56478881835938,131.06492614746094,46.10935592651367,41.82646942138672,37.66765213012695,41.895790100097656,87.1540756225586,558.413330078125
2024-09-25,98.19087219238281,43.45604705810547,147.4483642578125,110.84871673583984,78.36573791503906,130.4514617919922,45.80118179321289,41.007816314697266,37.866004943847656,41.718345642089844,86.88066101074219,557.1817016601562
2024-09-26,98.60883331298828,43.679195404052734,147.94119262695312,112.31682586669922,78.54582977294922,131.1038818359375,46.749755859375,40.203277587890625,37.60625457763672,41.30741882324219,87.36891174316406,559.3907470703125
2024-09-27,98.75636291503906,43.80532455444336,147.8638916015625,111.26888275146484,78.68799591064453,131.2888946533203,46.667903900146484,41.02193832397461,37.97935104370117,41.36345672607422,87.89623260498047,558.579345703125
2024-09-30,98.52525329589844,43.97026062011719,148.8302001953125,111.5951156616211,78.66905975341797,131.8828582763672,46.40788269042969,41.308929443359375,38.149356842041016,41.718345642089844,88.27706909179688,560.8178100585938
2024-10-01,98.12696075439453,43.73741149902344,148.0474853515625,108.87642669677734,78.40365600585938,131.9510040283203,46.29232406616211,42.24991226196289,38.45633316040039,41.4661865234375,88.34542083740234,555.793701171875
2024-10-02,97.29595947265625,43.785919189453125,147.7479248046875,109.6821517944336,77.74018859863281,131.7075958251953,46.114166259765625,42.682762145996094,38.47522735595703,41.3167610168457,88.07200622558594,556.0283203125
2024-10-03,96.16993713378906,43.55306625366211,146.4144287109375,110.13691711425781,76.96296691894531,131.0356903076172,45.60376739501953,43.435543060302734,38.46105194091797,40.9151725769043,87.76927947998047,555.0117797851562
2024-10-04,97.44346618652344,44.290435791015625,146.53038024902344,111.36280059814453,77.2188949584961,131.9510040283203,45.82525634765625,43.84016036987305,38.399662017822266,40.64433288574219,88.74579620361328,560.0553588867188
2024-10-07,95.92898559570312,43.74711227416992,145.88294982910156,110.59662628173828,76.45116424560547,131.62966918945312,45.690433502197266,43.995426177978516,37.51652908325195,40.34548568725586,87.55445861816406,554.9922485351562
2024-10-08,96.86325073242188,43.999366760253906,146.6753387451172,112.66282653808594,76.83026885986328,131.92181396484375,45.47856903076172,42.84742736816406,37.53542709350586,40.46689224243164,88.32589721679688,560.2410278320312
2024-10-09,97.55656433105469,44.4068603515625,148.173095703125,113.92330932617188,77.29471588134766,133.1000213623047,45.767478942871094,43.106201171875,37.21428298950195,40.485572814941406,88.35519409179688,564.1215209960938
2024-10-10,97.07469177246094,44.271034240722656,147.622314453125,113.89366149902344,76.95350646972656,132.4184112548828,45.87340545654297,43.39790344238281,37.10093688964844,40.14935302734375,87.70092010498047,563.1343994140625
2024-10-11,96.6616439819336,45.124813079833984,148.70457458496094,114.09139251708984,77.38002014160156,134.78457641601562,46.17195129394531,43.66607666015625,37.42680358886719,40.560279846191406,88.30636596679688,566.506591796875
2024-10-14,97.08451843261719,45.40618896484375,149.52593994140625,115.5792465209961,77.69279479980469,135.59278869628906,46.43677520751953,43.647254943847656,37.89906311035156,40.840457916259766,88.71650695800781,571.1395874023438
2024-10-15,97.29595947265625,45.503204345703125,147.6996307373047,113.03849792480469,78.18565368652344,134.55091857910156,46.38862609863281,42.24049758911133,38.06907653808594,41.3541145324707,88.91180419921875,566.7019653320312
2024-10-16,97.8073501586914,46.0659294128418,148.11512756347656,113.38946533203125,78.12879180908203,135.59278869628906,46.749755859375,42.442813873291016,38.82469940185547,41.765045166015625,88.85321044921875,569.165283203125
2024-10-17,97.71882629394531,46.19206237792969,147.25511169433594,113.73548889160156,77.7780990600586,135.2032928466797,46.82198715209961,42.645118713378906,38.47994613647461,41.494205474853516,88.43330383300781,569.2140502929688
2024-10-18,98.10237884521484,46.201759338378906,147.97018432617188,114.14082336425781,77.9487075805664,135.6122589111328,47.00977325439453,42.50397491455078,38.701908111572266,41.78372573852539,89.08759307861328,571.403564453125
2024-10-21,97.34021759033203,45.83308410644531,146.2308349609375,114.67466735839844,77.29471588134766,135.13511657714844,46.648643493652344,42.3769416809082,38.55078125,40.92450714111328,88.73603820800781,570.4652099609375
2024-10-22,96.94683074951172,45.74576187133789,146.0182342529297,114.55603790283203,77.73070526123047,133.49923706054688,46.220096588134766,42.475746154785156,38.41382598876953,40.98988342285156,88.86299133300781,570.162109375
2024-10-23,95.4225082397461,45.70695114135742,145.3321533203125,112.91493225097656,77.57905578613281,133.10975646972656,46.09490203857422,42.254615783691406,38.782196044921875,41.3914794921875,88.1891860961914,564.9523315429688
2024-10-24,98.43183135986328,45.74576187133789,144.37551879882812,113.2461166381836,77.47480010986328,132.19442749023438,45.53153991699219,42.24991226196289,38.53189468383789,41.48486328125,88.49191284179688,566.1741943359375
2024-10-25,98.74160766601562,45.24124526977539,143.5831298828125,113.83434295654297,76.83026885986328,131.84390258789062,45.242637634277344,42.23579406738281,37.960453033447266,41.15799331665039,88.71650695800781,565.9786376953125
2024-10-28,98.97270965576172,45.80397415161133,143.79574584960938,113.79974365234375,76.97245025634766,132.2333984375,45.61820983886719,41.96761703491211,38.25798416137695,41.28874588012695,89.28289031982422,567.7283325195312
2024-10-29,98.45640563964844,45.522613525390625,143.39955139160156,115.33209991455078,76.21420288085938,132.05810546875,45.324493408203125,41.3277473449707,37.44096755981445,40.9151725769043,90.12268829345703,568.6471557617188
2024-10-30,98.31873321533203,45.726356506347656,143.1289825439453,113.49822235107422,76.09098052978516,131.8341522216797,45.57005310058594,41.421852111816406,37.351234436035156,41.064605712890625,90.6695327758789,566.9268188476562
2024-10-31,96.8140869140625,45.09571838378906,141.92112731933594,109.85517120361328,75.9393310546875,130.31515502929688,44.968170166015625,41.68061065673828,37.73849868774414,40.34548568725586,89.87855529785156,555.8132934570312
2024-11-01,98.38756561279297,45.250953674316406,142.7617950439453,110.6806640625,75.96776580810547,130.4904022216797,44.84298324584961,41.417144775390625,36.89786911010742,39.91587829589844,90.2301025390625,558.1590576171875
2024-11-04,98.04827880859375,44.901668548583984,141.82447814941406,110.59662628173828,76.17628479003906,130.3443603515625,45.04039764404297,42.141693115234375,36.458656311035156,40.36415481567383,89.92738342285156,556.9569702148438
2024-11-05,99.78404235839844,45.31886291503906,142.8680877685547,112.15369415283203,76.65967559814453,132.5255126953125,45.10780715942383,42.42399215698242,37.00648880004883,40.9151725769043,90.92343139648438,563.6914672851562
2024-11-06,102.97528076171875,48.074275970458984,143.05169677734375,115.3469467163086,75.40855407714844,137.7155303955078,45.72896194458008,44.01893997192383,36.623958587646484,39.82247543334961,93.15966033935547,577.7080078125
2024-11-07,104.29801177978516,47.2981071472168,144.08563232421875,117.3587646484375,75.68341827392578,136.88784790039062,45.9071159362793,43.8166389465332,36.69007110595703,40.31745910644531,94.38029479980469,582.1749877929688
2024-11-08,105.77806854248047,47.72500228881836,145.1195831298828,117.2302474975586,76.6028060913086,138.3582000732422,45.48820495605469,44.108333587646484,37.39374542236328,41.00856018066406,93.92132568359375,584.69677734375
2024-11-11,107.91212463378906,48.40415573120117,144.26922607421875,116.58271026611328,76.33741760253906,139.42929077148438,45.29078674316406,44.35770034790039,37.497642517089844,40.6536750793457,94.44866180419922,585.2540283203125
2024-11-12,106.47139739990234,48.25862503051758,142.2593231201172,116.73097229003906,76.42271423339844,138.23162841796875,44.52036666870117,44.122459411621094,37.067874908447266,40.1400146484375,94.8783187866211,583.4358520507812
2024-11-13,107.38107299804688,48.28772735595703,141.88246154785156,116.32566833496094,76.65018463134766,138.5237274169922,44.62630844116211,44.46590805053711,37.001766204833984,40.457550048828125,94.9173812866211,583.7192993164062
2024-11-14,105.85674285888672,48.161598205566406,139.65029907226562,115.93020629882812,76.46063232421875,136.18678283691406,44.26035690307617,44.635284423828125,36.8742561340332,40.093318939208984,94.8099594116211,579.9659423828125
2024-11-15,104.95197296142578,48.38475036621094,137.06060791015625,113.05332946777344,75.78767395019531,135.4564666748047,43.952186584472656,44.569419860839844,37.42680358886719,40.1400146484375,92.91552734375,572.537353515625
2024-11-18,105.92068481445312,48.53028869628906,137.1572265625,113.41912078857422,76.3184585571289,135.27145385742188,44.29405975341797,45.162235260009766,37.752662658691406,40.494903564453125,93.83345031738281,574.88330078125
2024-11-19,105.99935150146484,48.21010971069336,136.4518280029297,114.34842681884766,76.42271423339844,135.1546173095703,44.14961242675781,44.875240325927734,37.99351119995117,40.66301345825195,94.44866180419922,576.9847412109375
2024-11-20,105.53221893310547,48.064579010009766,138.0655517578125,114.24956512451172,76.03411102294922,135.3006591796875,44.510738372802734,45.326908111572266,38.01240539550781,40.59764099121094,95.05408477783203,577.18017578125
2024-11-21,105.71907043457031,48.675819396972656,139.1768035888672,115.41119384765625,76.85871124267578,136.99497985839844,45.054847717285156,45.69388961791992,38.6735725402832,40.868473052978516,94.8099594116211,580.2786865234375
2024-11-22,107.2433853149414,49.219139099121094,139.3024139404297,115.47050476074219,77.56957244873047,138.90347290039062,45.30523681640625,45.764461517333984,38.465782165527344,41.17667007446289,94.60488891601562,582.0772705078125
2024-11-25,108.33991241455078,49.539310455322266,140.49099731445312,115.46556091308594,77.99610137939453,139.77011108398438,45.77229309082031,44.861122131347656,38.53662109375,41.727684020996094,95.09315490722656,584.0515747070312
2024-11-26,108.73329162597656,49.63633728027344,141.24472045898438,116.04389953613281,78.31835174560547,139.9356689453125,45.43042755126953,44.79996109008789,39.15055847167969,41.93315505981445,95.4447021484375,587.101318359375
2024-11-27,108.19730377197266,49.73335647583008,141.9984130859375,114.47199249267578,78.47948455810547,139.41954040527344,45.40634536743164,44.75291442871094,39.15055847167969,42.22266387939453,95.57164001464844,585.3223266601562
2024-11-29,109.30860137939453,49.810970306396484,142.44293212890625,115.53475952148438,78.87757873535156,140.20828247070312,45.63747024536133,44.9458122253418,39.16472625732422,42.02653503417969,96.08919525146484,588.9583740234375
2024-12-02,110.26252746582031,49.316165924072266,142.19168090820312,116.63213348388672,78.78279113769531,139.17613220214844,45.608577728271484,44.470611572265625,38.324100494384766,41.3914794921875,96.88017272949219,590.0140991210938
2024-12-03,110.17892456054688,48.947479248046875,141.87278747558594,117.05229187011719,78.375244140625,138.29978942871094,45.46412658691406,44.46590805053711,37.99351119995117,41.14865493774414,97.6613998413086,590.2877197265625
2024-12-04,111.20169067382812,48.76313400268555,141.7954864501953,119.19264221191406,78.15721893310547,138.90347290039062,45.02114486694336,43.3931999206543,37.988792419433594,41.03657913208008,97.885986328125,593.953125
2024-12-05,112.11138916015625,48.90867233276367,140.2107391357422,118.58960723876953,78.47000122070312,137.2189483642578,44.42887878417969,43.56256866455078,38.10685729980469,40.93385314941406,97.6613998413086,592.9757080078125
2024-12-06,114.47161865234375,48.89897155761719,139.4183807373047,119.0492935180664,78.08138275146484,136.86837768554688,44.25553512573242,42.82390213012695,37.63459396362305,40.87781524658203,98.5597915649414,594.0997924804688
2024-12-09,114.10774993896484,48.22951126098633,139.82423400878906,118.27323150634766,77.95818328857422,135.680419921875,44.245906829833984,42.75333023071289,37.16233825683594,40.96186828613281,96.46026611328125,591.0403442382812
2024-12-10,114.29460906982422,48.219818115234375,139.2444610595703,116.63213348388672,78.32783508300781,135.349365234375,43.79328536987305,42.46162796020508,36.893150329589844,40.29878616333008,97.973876953125,589.2026977539062
2024-12-11,116.3008041381836,48.316837310791016,137.35049438476562,118.32266235351562,77.73070526123047,135.03775024414062,43.63920211791992,42.53220748901367,36.66173553466797,40.1960563659668,99.57537841796875,593.757568359375
2024-12-12,115.33704376220703,48.103389739990234,136.25856018066406,117.6603012084961,77.95818328857422,134.171142578125,43.33585739135742,42.188743591308594,36.642845153808594,40.16802978515625,99.76089477539062,590.6982421875
2024-12-13,115.7943344116211,48.064579010009766,136.2392578125,118.16448211669922,77.7591552734375,133.8206024169922,42.9650993347168,41.977027893066406,36.66645431518555,39.999935150146484,98.56954956054688,590.5809936523438
2024-12-16,117.3629150390625,47.977264404296875,134.61585998535156,119.34589385986328,77.35157775878906,133.93743896484375,42.58469772338867,41.054866790771484,36.37364959716797,39.79446792602539,98.95039367675781,593.1026611328125
2024-12-17,117.73169708251953,47.6376838684082,134.5192108154297,118.62419128417969,77.2188949584961,132.71051025390625,42.34876251220703,40.749053955078125,36.222530364990234,39.61701202392578,98.20824432373047,590.6591186523438
2024-12-18,112.42608642578125,46.21147155761719,132.69293212890625,114.79823303222656,76.04358673095703,128.96165466308594,41.144981384277344,39.54459762573242,35.36773681640625,38.06670379638672,95.40564727783203,573.0553588867188
2024-12-19,112.2736587524414,46.376399993896484,131.6879425048828,114.92182159423828,75.50332641601562,128.79612731933594,40.70199966430664,39.201141357421875,35.5283088684082,37.412960052490234,95.14198303222656,572.87939453125
2024-12-20,112.55884552001953,47.06525421142578,133.3500213623047,116.63707733154297,75.76871490478516,130.305419921875,41.20758056640625,39.58694076538086,36.09502029418945,38.09471893310547,95.65953826904297,579.7603149414062
2024-12-23,112.9002456665039,47.178279876708984,134.6817626953125,117.87289428710938,75.36953735351562,130.2760467529297,41.175636291503906,39.81941604614258,36.21786880493164,38.26841354370117,96.1823501586914,583.2321166992188
2024-12-24,115.51128387451172,47.73365783691406,135.23507690429688,119.09088897705078,75.86613464355469,131.2938232421875,41.39828872680664,40.15626525878906,36.417869567871094,38.52328872680664,97.0928726196289,589.7147216796875
2024-12-26,115.08268737792969,47.8505859375,135.50686645507812,119.17009735107422,76.1048812866211,131.39169311523438,41.33536148071289,40.12305450439453,36.3321533203125,38.579917907714844,96.9655990600586,589.75390625
2024-12-27,113.18106079101562,47.499813079833984,134.8759002685547,117.5857162475586,75.73242950439453,130.41307067871094,41.11272048950195,40.118309020996094,36.22739791870117,38.26841354370117,96.1040267944336,583.5458984375
2024-12-30,111.3631820678711,47.0418701171875,133.21603393554688,116.09046173095703,74.84426879882812,129.10169982910156,40.56093215942383,40.11357116699219,36.07502365112305,38.08906173706055,95.0956039428711,576.8867797851562
2024-12-31,110.52567291259766,47.0905876159668,133.53639221191406,115.1249771118164,75.07347106933594,128.94509887695312,40.725494384765625,40.64019012451172,36.041690826416016,38.39112854003906,94.78229522705078,574.7879638671875
2025-01-02,109.07235717773438,46.973663330078125,133.57518005371094,114.8526611328125,74.84426879882812,128.49493408203125,40.27535629272461,41.1146240234375,36.317867279052734,38.03242492675781,95.24246215820312,573.3756713867188
2025-01-03,111.27942657470703,47.34392166137695,134.8856201171875,116.72421264648438,74.80607604980469,129.88458251953125,40.26567840576172,41.49891662597656,36.70357131958008,38.551605224609375,95.82988739013672,580.5448608398438
2025-01-06,111.7178955078125,47.19776153564453,134.94384765625,118.2095718383789,74.02296447753906,129.60076904296875,40.53672790527344,41.30914306640625,36.29405975341797,38.02298355102539,96.8676986694336,583.88916015625
2025-01-07,109.5551528930664,47.0905876159668,135.61361694335938,115.83795166015625,73.76510620117188,129.4735565185547,40.51252746582031,41.72190475463867,36.20358657836914,37.73979568481445,95.79072570800781,577.2888793945312
2025-01-08,109.86553192138672,47.246490478515625,136.31251525878906,115.79834747314453,73.8988037109375,129.98243713378906,40.73517990112305,41.76460266113281,36.194061279296875,37.9002685546875,95.2228775024414,578.1322631835938
2025-01-10,108.78662872314453,46.10648727416992,135.545654296875,113.27323150634766,72.90558624267578,128.5242919921875,40.31892013549805,41.93539810180664,35.989315032958984,36.984619140625,93.8032455444336,569.3057250976562
2025-01-13,109.40245056152344,46.437767028808594,137.3123016357422,112.47113800048828,73.02975463867188,130.03140258789062,41.21920394897461,42.81785202026367,35.57027053833008,37.45660400390625,93.8424072265625,570.1882934570312
2025-01-14,109.19060516357422,47.012638092041016,135.89512634277344,112.7682113647461,73.0488510131836,131.56784057617188,41.73226547241211,43.278053283691406,36.036922454833984,37.77754592895508,93.52912902832031,570.972900390625
2025-01-15,111.9691390991211,48.211097717285156,136.4484100341797,115.01109313964844,72.80055236816406,132.399658203125,42.129154205322266,43.918540954589844,36.56547927856445,37.938018798828125,95.06623077392578,581.3588256835938
2025-01-16,111.3631820678711,48.532630920410156,136.9919891357422,114.12483978271484,73.34490966796875,134.00462341308594,42.47765350341797,44.23641586303711,37.489261627197266,38.78759765625,94.52774810791016,580.2408447265625
2025-01-17,112.92488098144531,48.94186019897461,136.06982421875,115.91221618652344,73.76510620117188,134.80712890625,42.753543853759766,44.57801055908203,37.5416374206543,38.778160095214844,95.35015869140625,586.06640625
2025-01-21,113.75251770019531,49.35108947753906,138.3218231201172,116.877685546875,74.1089096069336,137.57666015625,43.30048370361328,44.350284576416016,38.11781692504883,39.48613739013672,96.21171569824219,591.4309692382812
2025-01-22,113.32392883300781,49.117244720458984,138.0111846923828,119.51667785644531,73.74600982666016,137.25372314453125,42.95199203491211,43.543739318847656,37.29403305053711,38.79703140258789,97.17119598388672,594.7557373046875
2025-01-23,114.00870513916016,49.39981460571289,139.85548400878906,119.7295913696289,74.0134048461914,138.64337158203125,43.18916702270508,43.74299621582031,37.470218658447266,39.10854721069336,97.4257583618164,598.0018920898438
2025-01-24,113.3140640258789,49.54597091674805,140.07875061035156,118.48188781738281,74.3954086303711,138.05621337890625,43.07783889770508,43.32075500488281,37.85115432739258,39.221824645996094,98.30690002441406,596.2562255859375
2025-01-27,113.95944213867188,50.09160232543945,143.2237548828125,112.67414093017578,76.41047668457031,136.2065887451172,43.102046966552734,42.87004089355469,36.97499084472656,39.608848571777344,98.81600952148438,587.8218383789062
2025-01-28,114.09738159179688,50.003910064697266,142.22393798828125,115.67951202392578,75.21672058105469,135.30624389648438,42.961673736572266,42.4620246887207,36.465484619140625,39.12742233276367,99.29574584960938,592.8726806640625
2025-01-29,113.7722396850586,49.96493911743164,141.38917541503906,114.7387924194336,75.3981704711914,134.84628295898438,42.88422775268555,42.55691146850586,36.54166793823242,38.674320220947266,99.73632049560547,590.2147216796875
2025-01-30,114.88561248779297,50.44236755371094,143.01991271972656,114.9516830444336,76.14309692382812,136.35336303710938,43.29081344604492,42.77515411376953,37.303550720214844,39.184059143066406,99.83423614501953,593.382568359375
2025-01-31,114.37818908691406,50.150062561035156,142.56369018554688,114.27832794189453,75.42682647705078,135.3943328857422,42.976192474365234,41.57957458496094,37.084510803222656,39.09910202026367,100.23563385009766,590.2247314453125
2025-02-03,112.86576080322266,49.9454460144043,143.11697387695312,112.7385025024414,75.72286987304688,134.05355834960938,43.01975631713867,41.840518951416016,37.28451156616211,39.03302764892578,100.45103454589844,586.2527465820312
2025-02-04,114.19590759277344,49.82853317260742,142.72869873046875,114.36249542236328,75.0830307006836,134.09271240234375,43.145599365234375,42.71821975708008,36.95594787597656,39.03302764892578,101.35176849365234,590.1856079101562
2025-02-05,112.9002456665039,50.354679107666016,144.09735107421875,115.95183563232422,75.55097961425781,134.19056701660156,43.11171340942383,42.8083610534668,37.32736587524414,39.646602630615234,100.3727035522461,592.578369140625
2025-02-06,113.34854888916016,50.77365493774414,142.8063507080078,116.26870727539062,75.89479064941406,134.79736328125,43.26176452636719,42.02080154418945,37.28451156616211,39.759883880615234,100.80349731445312,594.637939453125
2025-02-07,111.13163757324219,50.491085052490234,142.13658142089844,115.27352142333984,75.7801742553711,134.39610290527344,42.734188079833984,42.01605224609375,37.20832061767578,39.618282318115234,100.58810424804688,589.1950073242188
2025-02-10,111.51097869873047,50.09160232543945,142.01039123535156,116.95692443847656,76.24813079833984,135.5998077392578,42.95199203491211,42.94120407104492,37.613067626953125,39.674922943115234,101.03845977783203,593.1962890625
2025-02-11,110.24486541748047,50.218265533447266,141.748291015625,117.01138305664062,76.9834976196289,135.64874267578125,43.20368194580078,43.28754806518555,37.80353546142578,39.89203643798828,101.20491790771484,593.6473999023438
2025-02-12,110.22515869140625,50.04288864135742,141.5444793701172,116.75887298583984,76.92620086669922,134.80712890625,42.8939094543457,42.24378967285156,37.736873626708984,39.55221176147461,101.31260681152344,591.7349853515625
2025-02-13,111.8804702758789,50.374168395996094,142.09774780273438,118.4125747680664,77.75704193115234,134.9441375732422,43.63930130004883,42.5616569519043,37.82258605957031,39.86371612548828,102.47766876220703,597.9822998046875
2025-02-14,111.83119201660156,50.47159957885742,140.55438232421875,118.81361389160156,76.9834976196289,134.6114044189453,43.489253997802734,42.732452392578125,37.66544723510742,39.703243255615234,103.1042709350586,597.952880859375
2025-02-18,111.52083587646484,50.83210754394531,140.2825927734375,119.89791870117188,77.26045989990234,135.6683349609375,44.04104232788086,43.31601333618164,38.0178108215332,39.84484100341797,102.62452697753906,599.7083129882812
2025-02-19,111.45679473876953,50.851593017578125,142.1074676513672,119.90782165527344,77.88121032714844,135.8053436279297,43.52314376831055,43.65760040283203,38.217811584472656,39.920352935791016,102.74201965332031,601.1206665039062
2025-02-20,110.4961166381836,50.072113037109375,142.90342712402344,119.5265884399414,77.57560729980469,134.91477966308594,43.42149353027344,44.056129455566406,38.21304702758789,40.19411087036133,102.26227569580078,598.6198120117188
2025-02-21,107.58949279785156,49.44852828979492,142.13658142089844,116.28851318359375,78.48286437988281,131.9592742919922,42.62770080566406,43.14046859741211,38.22256851196289,39.86371612548828,100.86224365234375,588.380859375
2025-02-24,107.1855239868164,49.66289138793945,143.2916717529297,114.62490844726562,78.72161102294922,131.3623046875,42.57929992675781,43.149959564208984,38.0321044921875,40.043067932128906,101.05805206298828,585.7034912109375
2025-02-25,106.6239013671875,49.65313720703125,144.52447509765625,113.13955688476562,79.83898162841797,132.03759765625,42.90843200683594,42.528446197509766,37.84162902832031,40.467857360839844,99.56009674072266,582.790771484375
2025-02-26,106.1854476928711,49.54597091674805,143.48585510253906,114.37239074707031,78.31095886230469,132.11587524414062,42.88907241821289,42.28648376464844,37.9987678527832,40.26962661743164,99.38385772705078,583.0849609375
2025-02-27,104.65331268310547,49.81878662109375,142.90342712402344,110.20845031738281,78.30140686035156,131.6559295654297,42.59865951538086,42.514217376708984,37.15593338012695,40.448974609375,98.42439270019531,573.7777709960938
2025-02-28,106.39236450195312,50.84185028076172,144.5632781982422,111.66409301757812,79.34236907958984,133.41748046875,42.961673736572266,43.17367935180664,37.72258758544922,40.73217010498047,99.86360168457031,582.7318725585938
2025-03-03,104.4316177368164,50.41313934326172,145.19422912597656,108.26758575439453,79.76258087158203,131.51889038085938,42.100120544433594,41.66497039794922,37.774967193603516,41.08143615722656,98.8649673461914,572.5224609375
2025-03-04,102.589111328125,48.639808654785156,143.844970703125,108.18341827392578,78.40646362304688,128.9548797607422,41.52897644042969,41.26169967651367,37.160701751708984,40.60945510864258,98.08171844482422,565.74560546875
2025-03-05,104.15081024169922,48.9223747253418,145.29127502441406,109.70343780517578,78.73116302490234,130.99044799804688,42.613182067871094,40.6591682434082,36.8988037109375,40.98703384399414,99.3447036743164,571.8261108398438
2025-03-06,101.51021575927734,48.11366271972656,144.893310546875,106.65845489501953,78.87439727783203,129.86502075195312,42.390525817871094,40.78252029418945,36.132164001464844,39.86371612548828,97.56282043457031,561.675537109375
2025-03-07,101.32300567626953,47.86032485961914,144.9029998779297,108.20321655273438,79.13226318359375,131.38189697265625,42.50669479370117,41.47994613647461,36.80357360839844,40.090274810791016,98.18941497802734,564.82373046875
2025-03-10,97.70696258544922,46.78853988647461,143.34022521972656,103.60356903076172,78.96037292480469,129.32675170898438,41.620933532714844,41.78832244873047,37.20832061767578,39.703243255615234,95.74177551269531,549.7792358398438
2025-03-11,96.75122833251953,46.38905334472656,141.77745056152344,103.1827163696289,77.8048095703125,127.34012603759766,41.301483154296875,41.45622253417969,36.86071014404297,39.28789520263672,94.3319320678711,545.2090454101562
2025-03-12,97.31285095214844,46.45725631713867,140.36024475097656,104.80670166015625,76.11442565917969,127.330322265625,41.10787582397461,41.645999908447266,36.746429443359375,39.14630889892578,94.80188751220703,548.1022338867188
2025-03-13,94.88409423828125,46.20392608642578,139.61282348632812,102.81633758544922,75.76109313964844,126.02875518798828,41.078834533691406,41.36133575439453,36.83689880371094,38.38169479370117,92.85355377197266,540.7957763671875
2025-03-14,96.90394592285156,47.27571105957031,140.68055725097656,105.92567443847656,75.93297576904297,128.32855224609375,41.61609649658203,42.58538055419922,37.55592727661133,39.12742233276367,94.55712890625,551.96630859375
2025-03-17,97.05667114257812,47.83110046386719,142.4665985107422,106.66339874267578,77.04078674316406,130.09988403320312,42.13883972167969,43.263824462890625,37.71306610107422,39.8165168762207,95.23267364501953,556.22265625
2025-03-18,95.32748413085938,47.77263259887695,142.53456115722656,105.03941345214844,76.16218566894531,129.0625457763672,42.06623840332031,43.33498764038086,37.451175689697266,39.57108688354492,93.90116119384766,550.2108154296875
2025-03-19,97.15520477294922,48.29878616333008,142.61221313476562,106.40594482421875,76.16218566894531,130.775146484375,42.206600189208984,44.04189682006836,37.589263916015625,39.618282318115234,95.01728057861328,556.2030029296875
2025-03-20,96.92366027832031,48.36699295043945,142.69956970214844,105.64840698242188,75.78973388671875,130.1194610595703,41.940391540527344,44.20320510864258,37.741634368896484,39.57108688354492,94.81168365478516,554.5946044921875
2025-03-21,97.27342987060547,48.191612243652344,142.30160522460938,105.93559265136719,75.76109313964844,129.4246368408203,41.52413558959961,43.89481735229492,37.498783111572266,39.184059143066406,95.55574798583984,554.777587890625
2025-03-24,100.920166015625,49.04140090942383,143.38809204101562,107.94184875488281,76.2295913696289,131.82472229003906,42.086814880371094,44.394954681396484,37.48678970336914,39.72936248779297,96.90888977050781,564.7128295898438
2025-03-25,101.72540283203125,49.31521224975586,141.55616760253906,108.29896545410156,75.53833770751953,132.0210723876953,42.077083587646484,44.57664489746094,36.88735580444336,39.254364013671875,98.13633728027344,566.0703735351562
2025-03-26,100.39652252197266,49.16851806640625,141.03970336914062,105.88350677490234,76.70962524414062,131.14739990234375,42.154903411865234,44.839622497558594,37.13192367553711,39.45386505126953,97.30166625976562,559.3125
2025-03-27,100.46075439453125,49.07073211669922,141.2638397216797,104.9063949584961,77.58329010009766,130.45042419433594,42.13544845581055,44.404510498046875,37.122337341308594,39.35886764526367,96.86961364746094,557.8270874023438
2025-03-28,97.33863067626953,48.12217712402344,140.82533264160156,102.36199188232422,77.19926452636719,127.7607192993164,41.362186431884766,44.19413757324219,37.39567947387695,39.33986282348633,94.01212310791016,546.5933837890625
2025-03-31,97.54612731933594,48.70891571044922,142.27725219726562,102.41158294677734,78.40895080566406,128.6638641357422,41.81447982788086,44.68183898925781,37.81289291381836,39.75786590576172,94.70931243896484,550.2625732421875
2025-04-01,98.56377410888672,48.65024185180664,139.6754913330078,103.1605224609375,78.524169921875,129.3902587890625,41.970096588134766,44.94480514526367,37.90880584716797,39.78636932373047,94.76823425292969,551.8167724609375
2025-04-02,100.43605041503906,49.05117416381836,140.6109619140625,103.92435455322266,78.29374694824219,130.60751342773438,42.31538772583008,45.00696563720703,38.086238861083984,39.97637176513672,95.10209655761719,555.308837890625
2025-04-03,94.36968231201172,46.63577651977539,139.4708709716797,96.83171081542969,78.7449722290039,123.5396728515625,40.40412139892578,41.473541259765625,37.84646224975586,38.77935791015625,90.86006927490234,527.9428100585938
2025-04-04,90.299072265625,43.22292709350586,131.82154846191406,90.45330810546875,75.32711791992188,115.77489471435547,37.875213623046875,37.65801239013672,35.741214752197266,37.01233673095703,85.65572357177734,497.03546142578125
2025-04-07,89.2320327758789,43.115360260009766,131.0322723388672,90.99394989013672,74.45346069335938,115.2349853515625,37.26730728149414,37.414161682128906,35.194522857666016,36.11933517456055,85.77355194091797,496.1501159667969
2025-04-08,87.11275482177734,42.949119567871094,129.58033752441406,89.14391326904297,73.30138397216797,114.28279876708984,36.11956787109375,36.54874038696289,35.05065155029297,35.22632598876953,84.5755615234375,488.3790283203125
2025-04-09,96.5976333618164,46.18594741821289,135.21258544921875,101.11209106445312,76.14318084716797,124.43296813964844,39.27584457397461,39.37930679321289,36.4317741394043,37.24984359741211,92.0482177734375,539.668212890625
2025-04-10,92.82344055175781,44.8951301574707,131.44151306152344,96.40516662597656,76.18157958984375,121.22300720214844,38.021114349365234,36.80693435668945,36.15843200683594,36.46133804321289,88.86669921875,516.0205688476562
2025-04-11,93.7225341796875,45.63832473754883,133.37088012695312,98.37921142578125,77.14165496826172,123.36299133300781,39.14939498901367,37.72016906738281,36.59962463378906,36.97433853149414,89.62279510498047,525.227783203125
2025-04-14,93.99423217773438,46.10771942138672,134.99819946289062,99.27693939208984,78.45695495605469,124.64894104003906,39.62113571166992,37.85404586791992,37.25660705566406,37.791351318359375,90.22179412841797,530.3232421875
2025-04-15,93.31743621826172,46.225059509277344,134.16993713378906,99.6390151977539,77.79449462890625,124.0304946899414,39.30988311767578,37.79667282104492,37.25181579589844,37.84834671020508,90.44763946533203,528.8378295898438
2025-04-16,91.01538848876953,45.50141906738281,132.80572509765625,96.1770248413086,76.95924377441406,122.3322525024414,39.00349426269531,38.107460021972656,36.91612243652344,37.829345703125,88.01240539550781,517.082763671875
2025-04-17,91.58843231201172,45.618770599365234,132.02618408203125,95.6562271118164,78.60095977783203,122.9997787475586,39.27097702026367,38.96810531616211,37.29497146606445,38.4278564453125,88.5819320678711,517.8206176757812
2025-04-21,89.14309692382812,44.64087677001953,129.18084716796875,93.18621063232422,77.85210418701172,120.24134826660156,38.672786712646484,37.94967269897461,36.412593841552734,37.62984848022461,86.58856964111328,505.4951171875
2025-04-22,91.96387481689453,46.117496490478516,131.607177734375,95.45783233642578,78.9561996459961,122.34207153320312,39.577362060546875,38.91551208496094,37.4052734375,38.39935302734375,88.8470687866211,518.6469116210938
2025-04-23,94.01893615722656,46.66511917114258,132.26007080078125,98.22544860839844,78.50495910644531,123.8734359741211,39.62599563598633,38.84379196166992,37.56352615356445,38.446861267089844,90.27088928222656,526.6836547851562
2025-04-24,95.8912124633789,47.18339538574219,133.87759399414062,101.89080047607422,77.813720703125,126.65148162841797,40.48193359375,39.465370178222656,37.62106704711914,38.56085205078125,92.07769012451172,537.7698364257812
2025-04-25,97.61528778076172,46.9584846496582,134.52073669433594,103.39860534667969,77.61209106445312,126.64166259765625,40.1804084777832,39.393646240234375,37.505977630615234,38.50385284423828,92.65704345703125,541.6553344726562
2025-04-28,97.64986419677734,47.10516357421875,135.0566864013672,103.2299575805664,77.35286712646484,127.06378173828125,40.253360748291016,39.67096710205078,37.73616409301758,38.74135971069336,93.01053619384766,541.8618774414062
2025-04-29,98.34148406982422,47.5941162109375,135.7192840576172,103.71107482910156,77.9961166381836,127.88835144042969,40.588924407958984,39.556217193603516,38.028690338134766,39.05485916137695,93.6880874633789,545.2753295898438
2025-04-30,97.44731903076172,47.68212127685547,136.87889099121094,104.142578125,78.56256866455078,128.8111114501953,40.79804611206055,38.48996353149414,37.83686828613281,39.23537063598633,93.71754455566406,545.4916381835938
2025-05-01,97.98578643798828,47.6723518371582,133.14678955078125,105.67022705078125,77.88091278076172,129.78292846679688,40.618106842041016,38.63341522216797,37.947166442871094,39.349361419677734,94.1987075805664,549.3574829101562
2025-05-02,99.50731658935547,48.66001892089844,134.9884796142578,107.4359359741211,78.3033447265625,132.1094207763672,41.3038330078125,39.19761657714844,38.24449157714844,39.8338623046875,95.66180419921875,557.5123291015625
2025-05-05,98.45014953613281,48.34709167480469,134.60842895507812,106.86555480957031,78.23614501953125,132.1781463623047,40.997440338134766,38.48996353149414,38.14857864379883,39.78636932373047,95.88766479492188,554.3153076171875
2025-05-06,97.590576171875,48.07328414916992,130.89585876464844,105.97773742675781,78.10173034667969,131.01979064941406,40.70077896118164,38.499534606933594,38.61375045776367,39.510860443115234,95.86801147460938,549.6821899414062
2025-05-07,98.35134887695312,48.356876373291016,131.89952087402344,107.03914642333984,78.2265396118164,131.6873016357422,40.47706985473633,38.513877868652344,38.72404479980469,39.482364654541016,95.6912612915039,551.993896484375
2025-05-08,99.51226806640625,48.757808685302734,130.71070861816406,108.06087493896484,78.13053131103516,133.5033416748047,41.01689147949219,39.02070236206055,38.41233444213867,39.292362213134766,95.9171142578125,555.8400268554688
2025-05-09,99.99144744873047,48.757808685302734,129.2880096435547,107.92697143554688,77.6792984008789,133.611328125,41.12388229370117,39.41277313232422,38.479469299316406,39.529869079589844,95.4261474609375,555.1317749023438
2025-05-12,104.96114349365234,49.7454833984375,132.4841766357422,112.93643951416016,77.79449462890625,137.72442626953125,42.077083587646484,40.440765380859375,38.24928665161133,39.56786346435547,97.40968322753906,573.4774169921875
2025-05-13,106.34928131103516,49.950843811035156,128.49871826171875,115.376708984375,76.74803924560547,138.6864013671875,41.86796188354492,41.009742736816406,38.19654083251953,39.03586196899414,98.36217498779297,577.2646484375
2025-05-14,106.75930786132812,49.813934326171875,125.47798919677734,116.12564849853516,76.33519744873047,138.01890563964844,41.48377227783203,40.761112213134766,38.028690338134766,38.7033576965332,98.87279510498047,578.0023803710938
2025-05-15,106.52218627929688,50.14642333984375,127.1247787475586,116.28435516357422,77.90010833740234,139.55026245117188,41.9068717956543,40.93324661254883,38.83913803100586,39.41586685180664,99.26556396484375,580.8255615234375
2025-05-16,107.52996063232422,50.44956970214844,129.68753051757812,116.50260162353516,78.79298400878906,141.1405487060547,42.33484649658203,40.871089935302734,39.40980911254883,39.90987014770508,99.94312286376953,584.504638671875
2025-05-19,107.27801513671875,50.47890090942383,130.934814453125,116.3339614868164,79.02339935302734,141.6215362548828,42.44183349609375,40.340354919433594,39.57765579223633,39.99536895751953,100.04130554199219,585.1439208984375
2025-05-20,106.71978759765625,50.20509338378906,131.25636291503906,115.89749908447266,79.30182647705078,141.11106872558594,42.3688850402832,39.967411041259766,39.692745208740234,39.78636932373047,99.79582977294922,583.176513671875
2025-05-21,104.55604553222656,49.178306579589844,128.21612548828125,113.72010803222656,78.3801498413086,138.72569274902344,41.80474090576172,39.231082916259766,38.968624114990234,38.73186111450195,99.04955291748047,573.3495483398438
2025-05-22,105.00558471679688,49.11962890625,127.21249389648438,113.74986267089844,78.05372619628906,138.69622802734375,41.7609748840332,39.07807922363281,38.41233444213867,38.59886169433594,98.8335189819336,573.5758666992188
2025-05-23,104.0620346069336,48.9436149597168,127.0078353881836,112.49501037597656,78.34175109863281,138.2446746826172,41.67830276489258,39.202388763427734,38.87270736694336,38.608360290527344,98.38182067871094,569.6607055664062
2025-05-27,107.1347427368164,49.80415725708008,128.78134155273438,115.16839599609375,79.05220031738281,140.6791534423828,42.40779495239258,39.541866302490234,39.16524124145508,39.2448616027832,99.9823989868164,581.5043334960938
2025-05-28,106.15168762207031,49.47167205810547,128.11871337890625,114.69224548339844,78.51455688476562,139.98220825195312,41.82905960083008,39.03982925415039,38.61854553222656,39.2448616027832,99.9627685546875,578.14013671875
2025-05-29,106.19613647460938,49.725921630859375,128.97622680664062,114.88568878173828,78.83137512207031,140.10980224609375,41.98468780517578,39.33149337768555,38.8870964050293,39.60586166381836,99.15755462646484,580.4222412109375
2025-05-30,105.61815643310547,49.833492279052734,129.24903869628906,114.52857208251953,79.52262878417969,140.19815063476562,41.98954772949219,38.98244857788086,39.28512954711914,39.64386749267578,99.56997680664062,579.7730712890625
2025-06-02,105.86516571044922,49.85305404663086,129.32701110839844,115.54037475585938,79.57064056396484,140.02146911621094,42.23757553100586,39.494056701660156,39.40980911254883,39.700870513916016,100.06095886230469,583.0388793945312
2025-06-03,106.42832946777344,49.950843811035156,129.62905883789062,117.27633666992188,79.49383544921875,141.10128784179688,42.670406341552734,39.96263122558594,39.515316009521484,39.55836868286133,99.77619171142578,586.3637084960938
2025-06-04,106.14673614501953,49.66725540161133,129.8824005126953,117.44994354248047,78.9369888305664,141.17979431152344,42.830894470214844,39.18326950073242,38.82475280761719,39.68186950683594,100.4144515991211,586.2063598632812
2025-06-05,103.46923065185547,49.53034591674805,129.70701599121094,117.11763000488281,78.17852783203125,141.0816192626953,42.5780029296875,39.145015716552734,38.76240921020508,39.672359466552734,100.55193328857422,583.373291015625
2025-06-06,104.81292724609375,50.14642333984375,130.94454956054688,118.22367858886719,78.42815399169922,142.26939392089844,42.689857482910156,39.881351470947266,38.935054779052734,39.78636932373047,101.83829498291016,589.364013671875
2025-06-09,105.6527328491211,49.87260818481445,130.72044372558594,118.80398559570312,78.32254028320312,142.1417999267578,42.9767951965332,39.957847595214844,38.68568420410156,39.767372131347656,101.54370880126953,589.8950805664062
2025-06-10,106.91739654541016,49.9312858581543,132.2113037109375,119.4686050415039,78.495361328125,141.52337646484375,43.2442741394043,40.67026901245117,38.776798248291016,40.11886978149414,102.83007049560547,593.2396240234375
2025-06-11,106.07264709472656,49.87260818481445,132.27952575683594,119.20573425292969,78.2265396118164,141.5920867919922,42.81631088256836,41.25838088989258,38.800777435302734,39.900367736816406,102.59439849853516,591.5477294921875
2025-06-12,105.57369995117188,49.87260818481445,133.31243896484375,120.3117904663086,78.68737030029297,141.2190704345703,42.99625015258789,41.401817321777344,39.27073669433594,40.11886978149414,101.75973510742188,593.898681640625
2025-06-13,104.60051727294922,48.85559844970703,132.64981079101562,118.62543487548828,77.72730255126953,140.03126525878906,42.49532699584961,42.12380599975586,39.04534912109375,39.795867919921875,100.72869873046875,587.2589111328125
2025-06-16,105.72684478759766,49.412994384765625,132.24057006835938,120.54489135742188,77.9769287109375,140.9932861328125,42.8552131652832,41.999488830566406,38.85352325439453,39.8338623046875,102.45691680908203,592.84619140625
2025-06-17,103.90396881103516,49.12940979003906,130.0578155517578,119.69181823730469,77.31446838378906,139.93310546875,42.43696975708008,42.39156723022461,38.532222747802734,39.672359466552734,101.55352783203125,587.7802124023438
2025-06-18,103.953369140625,49.1098518371582,129.83372497558594,119.83563995361328,77.21846008300781,139.59934997558594,42.31538772583008,42.11423873901367,38.632930755615234,39.74837112426758,101.60262298583984,587.6917114257812
2025-06-20,104.07685852050781,49.24675750732422,129.21006774902344,119.30492401123047,77.78490447998047,139.75640869140625,42.0284538269043,42.54457092285156,38.73843002319336,39.73887252807617,100.9839859008789,586.3114624023438
2025-06-23,106.1397476196289,49.866905212402344,129.39608764648438,120.66520690917969,78.68583679199219,141.6488494873047,42.496726989746094,41.468685150146484,39.229522705078125,40.31882095336914,102.26264953613281,592.1027221679688
2025-06-24,106.72886657714844,50.61265563964844,130.98220825195312,122.83129119873047,78.61815643310547,142.83041381835938,42.848670959472656,40.92881774902344,39.398536682128906,40.51054000854492,103.58165740966797,598.6439208984375
2025-06-25,105.47142791748047,50.44583511352539,131.09970092773438,123.87957000732422,77.56450653076172,141.57009887695312,42.43807601928711,40.750465393066406,38.872188568115234,39.52317810058594,103.56197357177734,598.979248046875
2025-06-26,106.44173431396484,50.81871032714844,131.41302490234375,124.73407745361328,77.49684143066406,143.10610961914062,42.907325744628906,41.33371353149414,39.19572830200195,39.27394485473633,104.76287078857422,603.6654663085938
2025-06-27,108.21403503417969,50.96590042114258,131.1290740966797,124.58503723144531,77.86417388916016,144.53382873535156,42.96109390258789,41.11680603027344,39.27298355102539,39.4177360534668,105.99327850341797,606.664794921875
2025-06-30,107.59027099609375,51.38783264160156,131.97109985351562,125.80718231201172,78.27017211914062,145.2526092529297,42.92198944091797,40.880611419677734,39.43233871459961,39.70531463623047,106.82997131347656,609.5653076171875
2025-07-01,108.05066680908203,51.672393798828125,133.85093688964844,124.68438720703125,79.2464828491211,145.73509216308594,44.03157424926758,41.193931579589844,39.567543029785156,39.97372817993164,106.07202911376953,609.3681030273438
2025-07-02,108.9170150756836,51.63314437866211,132.5291748046875,126.00093841552734,79.4784927368164,145.88278198242188,44.69146728515625,41.902503967285156,39.22469711303711,40.050411224365234,105.76688385009766,612.1305541992188
2025-07-03,109.51107788085938,52.19245529174805,132.66624450683594,127.6602783203125,79.4398193359375,147.1234130859375,44.66213607788086,41.95071029663086,39.51925277709961,40.069580078125,106.34764099121094,616.9550170898438
2025-07-07,108.11997985839844,51.692020416259766,131.55007934570312,126.64678955078125,79.37215423583984,146.6114044189453,44.23198699951172,41.545806884765625,39.60135269165039,39.76283264160156,105.32393646240234,612.357421875
2025-07-08,107.7536392211914,51.2308349609375,132.14732360839844,127.3274154663086,78.63750457763672,146.572021484375,44.59370422363281,42.66411209106445,39.18123245239258,39.70531463623047,105.10737609863281,612.0220947265625
2025-07-09,108.39224243164062,51.41727066040039,132.65646362304688,128.09251403808594,78.12516784667969,147.5960235595703,44.862545013427734,42.44719314575195,39.54823303222656,39.6861457824707,105.38299560546875,615.692138671875
2025-07-10,109.59027862548828,51.721458435058594,133.4691162109375,127.67021942138672,78.4054946899414,148.42312622070312,45.1020622253418,42.77015686035156,39.87176513671875,39.887454986572266,105.02862548828125,617.4285888671875
2025-07-11,109.61998748779297,51.1817741394043,132.3627166748047,127.10882568359375,78.1155014038086,147.89141845703125,44.73545837402344,42.96296691894531,39.81381607055664,39.84910583496094,104.34943389892578,615.258056640625
2025-07-14,110.02593231201172,51.56446075439453,132.20606994628906,127.00450134277344,78.18316650390625,148.68896484375,44.48616409301758,42.49058151245117,39.973167419433594,40.11751174926758,105.37315368652344,616.4320678710938
2025-07-15,108.45166778564453,50.681339263916016,129.826904296875,128.1322479248047,77.40017700195312,147.57635498046875,43.57210159301758,41.8784065246582,39.59169006347656,39.59986877441406,104.32975006103516,613.7978515625
2025-07-16,108.6496810913086,51.034584045410156,131.44239807128906,128.52969360351562,77.67084503173828,148.09820556640625,43.689414978027344,41.516883850097656,39.61100387573242,40.03123474121094,104.64472961425781,615.8499145507812
2025-07-17,109.0209732055664,51.52520751953125,129.9443817138672,129.69720458984375,78.4054946899414,149.46682739257812,43.99736404418945,41.77236557006836,39.77518844604492,39.992897033691406,105.00894927978516,619.6187744140625
2025-07-18,109.98633575439453,51.554649353027344,129.08277893066406,129.6127471923828,78.19283294677734,149.13206481933594,44.100013732910156,41.434940338134766,40.44156265258789,40.107933044433594,104.526611328125,619.1649169921875
2025-07-21,110.50614166259766,51.4074592590332,128.3484649658203,129.7816619873047,78.18316650390625,148.34434509277344,44.32486343383789,41.00593948364258,40.57194137573242,40.26130294799805,105.92436981201172,620.3389282226562
2025-07-22,111.62495422363281,51.692020416259766,130.73744201660156,128.57937622070312,78.89849090576172,148.6988525390625,44.93587112426758,41.19874954223633,41.069313049316406,40.96107864379883,106.17045593261719,620.427734375
2025-07-23,112.15467071533203,52.10414505004883,133.42013549804688,129.31466674804688,78.92749786376953,151.36715698242188,45.08739471435547,41.84466552734375,40.76026916503906,41.076114654541016,106.75121307373047,625.7060546875
2025-07-24,110.29821014404297,52.07470703125,132.92079162597656,129.86114501953125,78.64716339111328,151.11114501953125,44.6230354309082,42.14352035522461,40.7071533203125,41.01860046386719,106.92839813232422,625.9132080078125
2025-07-25,111.3229751586914,52.43776321411133,133.62574768066406,130.1592254638672,78.7824935913086,152.60780334472656,45.15094757080078,41.98445129394531,40.81338119506836,41.01860046386719,105.9342269897461,628.5573120117188
2025-07-28,111.97150421142578,52.07470703125,132.46063232421875,131.1975860595703,77.97050476074219,152.1351776123047,44.49594497680664,42.46165466308594,40.378787994384766,40.309234619140625,105.3633041381836,628.3994140625
2025-07-29,111.19921875,51.80977249145508,131.61862182617188,131.20252990722656,78.48283386230469,150.40223693847656,44.32486343383789,42.876197814941406,40.84235763549805,40.980255126953125,104.45771026611328,626.741943359375
2025-07-30,110.49624633789062,51.71164321899414,131.38365173339844,131.49566650390625,77.7868423461914,149.66375732421875,43.43034744262695,42.26403045654297,41.146575927734375,40.405094146728516,104.78254699707031,625.9526977539062
2025-07-31,109.61998748779297,51.38783264160156,127.70226287841797,130.53184509277344,77.1198501586914,149.67359924316406,42.88288879394531,42.037479400634766,41.36870193481445,39.69572830200195,105.7275161743164,623.6046142578125
2025-08-01,106.97639465332031,50.436031341552734,128.3876495361328,127.71492767333984,77.48717498779297,147.43850708007812,42.38919448852539,41.256587982177734,41.431480407714844,39.5806999206543,104.45771026611328,613.3834838867188
2025-08-04,108.23384094238281,50.936458587646484,130.2283172607422,130.30828857421875,77.86417388916016,148.79727172851562,42.95132064819336,41.165008544921875,42.16545867919922,39.91621017456055,106.46576690673828,622.706787109375
2025-08-05,108.37246704101562,50.73040008544922,129.72897338867188,129.23020935058594,77.7868423461914,148.4920654296875,43.254371643066406,41.21803283691406,41.71638107299805,40.050411224365234,105.638916015625,619.5496826171875
2025-08-06,110.62496185302734,50.97571563720703,127.78058624267578,130.6858673095703,78.89849090576172,148.61021423339844,42.78512191772461,40.83723068237305,41.34456253051758,39.71490478515625,106.0425033569336,624.2952270507812
2025-08-07,110.59030151367188,50.406585693359375,126.31197357177734,130.8050994873047,79.49781799316406,148.39358520507812,42.97087860107422,40.67816162109375,41.793643951416016,39.8682746887207,105.5896987915039,623.7722778320312
2025-08-08,110.78336334228516,50.877586364746094,127.43793487548828,132.1116943359375,79.72982025146484,148.51173400878906,43.18594741821289,40.938453674316406,41.61497497558594,39.542354583740234,105.9440689086914,628.6361694335938
2025-08-11,111.07050323486328,50.85796356201172,127.56519317626953,131.21743774414062,79.66215515136719,148.02928161621094,43.08818435668945,40.61067581176758,41.484596252441406,39.312286376953125,106.48544311523438,627.39306640625
2025-08-12,112.24873352050781,51.47614669799805,128.44639587402344,133.2493896484375,79.87481689453125,149.5653076171875,43.65031051635742,40.80830764770508,41.663265228271484,39.37939453125,108.52301788330078,634.0723266601562
2025-08-13,113.78834533691406,51.7705192565918,130.50245666503906,133.29905700683594,79.87481689453125,150.13636779785156,44.47150421142578,41.28069305419922,41.75501251220703,39.638214111328125,109.36955261230469,636.2428588867188
2025-08-14,113.65963745117188,52.015830993652344,131.15846252441406,133.01092529296875,79.15949249267578,148.80712890625,44.007137298583984,41.24212646484375,41.46528244018555,39.36022186279297,109.45814514160156,636.3020629882812
2025-08-15,113.3873519897461,51.47614669799805,133.3614044189453,132.00241088867188,79.28516387939453,148.12771606445312,44.007137298583984,41.24212646484375,41.34456253051758,39.61903762817383,109.73375701904297,634.812255859375
2025-08-18,113.84281921386719,51.51539611816406,133.048095703125,132.28558349609375,79.17882537841797,148.7086639404297,43.75296401977539,40.996299743652344,41.1658935546875,39.24518585205078,109.06441497802734,634.6741333007812
2025-08-19,113.78834533691406,51.61351776123047,133.89988708496094,129.9754180908203,79.99081420898438,149.03358459472656,44.01691818237305,41.01075744628906,41.56669235229492,39.94496154785156,108.4541244506836,631.2308959960938
2025-08-20,112.66458129882812,51.878456115722656,134.6244354248047,129.0960693359375,80.44514465332031,148.895751953125,44.0511360168457,41.352996826171875,41.610145568847656,40.09834671020508,108.12928771972656,629.5537719726562
2025-08-21,111.99624633789062,51.71164321899414,134.1740264892578,128.62905883789062,79.72014617919922,148.36404418945312,44.183109283447266,41.63739013671875,41.32524871826172,39.954551696777344,108.01116943359375,627.0280151367188
2025-08-22,115.39728546142578,52.565330505371094,135.28041076660156,130.37286376953125,79.72014617919922,150.78623962402344,45.05807113647461,42.485755920410156,41.54737091064453,40.58723068237305,109.56642150878906,636.6571655273438
2025-08-25,115.16460418701172,52.261138916015625,133.3516082763672,130.07972717285156,78.35716247558594,149.27975463867188,44.80877685546875,42.59662628173828,41.07897186279297,40.385921478271484,109.74359893798828,633.855224609375
2025-08-26,115.69430541992188,52.6634521484375,134.183837890625,130.67593383789062,77.84484100341797,150.81576538085938,44.93098068237305,42.52914047241211,41.17072296142578,40.27089309692383,109.26127624511719,636.5092163085938
2025-08-27,115.71906280517578,52.77138900756836,134.10549926757812,131.3813934326172,78.07683563232422,150.79608154296875,45.04340362548828,43.006351470947266,41.18037796020508,40.44343566894531,109.44830322265625,637.9595336914062
2025-08-28,115.9170913696289,52.8400764465332,133.57679748535156,132.4197235107422,77.58384704589844,151.0619354248047,45.04340362548828,43.33412551879883,40.86649703979492,40.33799362182617,109.86170959472656,640.21875
2025-08-29,114.7239990234375,52.97745895385742,134.55587768554688,130.3877716064453,78.08650207519531,149.67359924316406,45.10694885253906,43.570316314697266,40.71680450439453,40.5584716796875,109.64515686035156,636.4006958007812
2025-09-02,113.8675537109375,52.58495330810547,134.6831512451172,129.07122802734375,77.9608383178711,148.24586486816406,44.76967239379883,43.63297653198242,40.58160400390625,39.8682746887207,109.45814514160156,631.6847534179688
2025-09-03,114.32797241210938,52.49664306640625,134.04676818847656,129.84129333496094,77.90283203125,147.49755859375,44.46661376953125,42.65446472167969,40.48019027709961,39.76283264160156,111.28900909423828,635.108154296875
2025-09-04,116.41710662841797,53.046142578125,134.55587768554688,130.482177734375,77.95116424560547,149.16159057617188,44.6376953125,42.938865661621094,40.43190383911133,40.03123474121094,112.29303741455078,640.4160766601562
2025-09-05,116.392333984375,52.07470703125,135.0160369873047,130.59146118164062,78.17350006103516,148.61021423339844,44.950531005859375,42.109779357910156,40.30635452270508,40.43385314941406,112.89347839355469,638.5612182617188
2025-09-08,116.84284210205078,52.113956451416016,134.96710205078125,131.57017517089844,77.88350677490234,148.9449920654297,44.9896354675293,42.01337432861328,39.895912170410156,40.16544723510742,113.02143859863281,640.1300048828125
2025-09-09,116.67947387695312,52.33964157104492,135.69161987304688,131.8235626220703,78.03816986083984,147.940673828125,44.25642395019531,42.215824127197266,40.17115020751953,40.14627456665039,113.66126251220703,641.60986328125
2025-09-10,115.28341674804688,52.16301727294922,134.45797729492188,134.21319580078125,77.2745132446289,149.03358459472656,44.33952331542969,42.95332336425781,40.86167526245117,40.127105712890625,112.82457733154297,643.4647216796875
2025-09-11,117.52600860595703,53.016700744628906,136.79798889160156,134.66529846191406,77.90283203125,150.4514617919922,45.26825714111328,42.96296691894531,41.07897186279297,40.77894973754883,114.55699157714844,648.81201171875
2025-09-12,118.13493347167969,52.791015625,135.22166442871094,134.5758819580078,77.64183044433594,149.25021362304688,44.813663482666016,42.707489013671875,41.286617279052734,40.59681701660156,115.51180267333984,648.594970703125
2025-09-15,119.1596908569336,52.67326354980469,134.0663299560547,135.78810119628906,76.75251770019531,149.93946838378906,44.45195388793945,42.56288528442383,41.3831901550293,40.54888916015625,117.13597106933594,652.0479736328125
2025-09-16,119.89237976074219,52.55551528930664,134.0663299560547,135.3161163330078,77.10051727294922,149.4963836669922,44.31509017944336,43.276283264160156,40.62989044189453,40.309234619140625,116.6634750366211,651.1502075195312
2025-09-17,119.59039306640625,53.06576919555664,134.33070373535156,134.84912109375,77.56450653076172,148.81700134277344,44.41773223876953,43.377498626708984,40.731292724609375,40.290061950683594,116.9686279296875,650.3411865234375
2025-09-18,119.05078887939453,53.114830017089844,134.59503173828125,137.17913818359375,76.88784790039062,150.40223693847656,44.41773223876953,43.24253845214844,40.76026916503906,40.31882095336914,117.05721282958984,653.3798828125
2025-09-19,119.50128936767578,53.23257827758789,134.4188232421875,138.57025146484375,76.73318481445312,150.76654052734375,44.39818572998047,42.66893005371094,41.02102279663086,40.11751174926758,117.53954315185547,656.6160278320312
2025-09-22,119.11199188232422,53.16169357299805,134.38438415527344,140.6087646484375,75.8776626586914,151.27078247070312,44.38296127319336,42.61982345581055,41.41868591308594,40.24984359741211,117.1296157836914,659.7225341796875
2025-09-23,117.9911880493164,52.925418853759766,134.68930053710938,139.39500427246094,76.25724792480469,151.31033325195312,44.24053192138672,43.35389709472656,41.6325798034668,40.568599700927734,116.96170043945312,656.1312866210938
2025-09-24,118.82434844970703,52.77775192260742,134.14834594726562,138.53439331054688,76.42269897460938,150.5292510986328,43.700294494628906,43.917816162109375,41.92912292480469,40.153255462646484,115.99368286132812,654.043701171875
2025-09-25,117.14811706542969,52.639923095703125,131.92547607421875,138.29066467285156,75.69273376464844,149.5109100341797,43.130592346191406,44.31159210205078,41.525634765625,40.056663513183594,115.59857940673828,651.0263061523438
2025-09-26,118.87890625,53.023868560791016,133.27296447753906,138.70852661132812,75.8776626586914,150.8555450439453,43.631534576416016,44.719947814941406,42.201358795166016,40.45269012451172,116.72462463378906,654.756103515625
2025-09-29,119.39962005615234,53.28968048095703,133.66636657714844,139.44972229003906,76.0236587524414,151.32020568847656,43.798519134521484,43.898372650146484,42.32289505004883,40.52996063232422,117.09998321533203,656.5962524414062
2025-09-30,118.84418487548828,53.033714294433594,136.8826446533203,140.21080017089844,76.2767105102539,152.48687744140625,44.01461410522461,43.431678771972656,42.395816802978516,40.69416809082031,116.92218017578125,659.0695190429688
2025-10-01,119.58807373046875,52.56116485595703,141.11196899414062,141.58375549316406,76.15991973876953,152.06175231933594,43.55295944213867,43.431678771972656,42.804168701171875,40.69416809082031,115.28248596191406,661.3153076171875
2025-10-02,118.72515869140625,52.52178192138672,140.83656311035156,142.349853515625,75.85819244384766,152.45721435546875,44.05881881713867,42.99415588378906,42.72638702392578,40.481666564941406,115.02566528320312,662.0769653320312
2025-10-03,117.96143341064453,52.88603973388672,142.43978881835938,141.63351440429688,75.94579315185547,152.6648406982422,44.13248062133789,43.22264099121094,43.22224807739258,40.6458740234375,114.96640014648438,662.0672607421875
2025-10-06,118.9731216430664,52.86635208129883,141.7512969970703,143.066162109375,75.3910140991211,153.376708984375,44.093196868896484,43.43653869628906,43.64031982421875,40.24018859863281,115.08494567871094,664.4415893554688
2025-10-07,116.89022064208984,52.935264587402344,141.85946655273438,142.11106872558594,76.09178161621094,152.50665283203125,43.916385650634766,43.504600524902344,43.83963394165039,40.1146125793457,114.64044189453125,661.9781494140625
2025-10-08,117.23737335205078,52.67930221557617,142.13485717773438,144.60328674316406,75.71219635009766,153.8314971923828,44.152130126953125,43.251808166503906,44.14104080200195,39.91176986694336,114.16631317138672,665.925537109375
2025-10-09,116.65219116210938,52.492252349853516,141.82012939453125,144.3595428466797,75.95552825927734,151.5574951171875,43.54804229736328,42.6635856628418,44.02922821044922,39.728248596191406,113.5143814086914,663.996337890625
2025-10-10,113.44352722167969,51.35026168823242,139.77432250976562,138.4846649169922,76.01392364501953,148.205810546875,42.654197692871094,41.42878723144531,43.84935760498047,39.29358673095703,111.4203109741211,646.0499877929688
2025-10-13,115.97772216796875,51.842498779296875,139.616943359375,141.8573760986328,75.7608642578125,149.74819946289062,43.33195114135742,41.992706298828125,44.184791564941406,39.5157470703125,112.44759368896484,655.9630126953125
2025-10-14,116.2207260131836,52.413490295410156,140.0005340576172,140.03672790527344,76.97747802734375,151.50807189941406,43.76414108276367,41.98784637451172,44.57855987548828,39.892459869384766,113.18841552734375,655.16162109375
2025-10-15,116.38934326171875,52.413490295410156,140.2169189453125,141.42459106445312,77.11373901367188,150.87530517578125,43.56768798828125,41.963539123535156,45.16192626953125,40.472007751464844,113.98851013183594,658.0702514648438
2025-10-16,115.26358032226562,50.95646667480469,139.9808807373047,141.52906799316406,76.57843017578125,149.88661193847656,43.24354934692383,41.45795440673828,44.670928955078125,40.346439361572266,112.77355194091797,653.588623046875
2025-10-17,116.25543212890625,51.36994934082031,140.91525268554688,141.7777862548828,77.60038757324219,150.01513671875,43.160057067871094,41.79825210571289,44.51536560058594,40.60723876953125,113.53414154052734,657.2986450195312
2025-10-20,117.17786407470703,51.97047805786133,142.4102783203125,143.3596649169922,77.53225708007812,151.78489685058594,43.67573928833008,42.24063491821289,44.50077438354492,41.0322380065918,114.8182373046875,664.1348876953125
2025-10-21,118.61109924316406,51.91141128540039,142.7446746826172,143.43426513671875,77.1721420288086,153.12953186035156,43.508758544921875,42.14341354370117,44.04867172241211,40.90666961669922,115.22322082519531,664.125
2025-10-22,117.68370819091797,51.61606979370117,143.56105041503906,142.01654052734375,77.610107421875,151.1422576904297,43.37615203857422,42.68302917480469,43.94658660888672,41.09019470214844,114.22557830810547,660.6722412109375
2025-10-23,118.21434783935547,51.724365234375,143.63970947265625,143.80735778808594,77.23052978515625,153.03065490722656,43.89674377441406,43.251808166503906,43.91255569458008,41.05155944824219,113.84034729003906,664.5899658203125
2025-10-24,117.86224365234375,52.2855110168457,143.6298828125,146.04092407226562,76.97747802734375,153.15921020507812,43.715030670166016,42.81428146362305,44.427860260009766,41.196449279785156,114.13668060302734,670.0213623046875
2025-10-27,119.5583267211914,52.50209426879883,143.9643096923828,148.73709106445312,77.10401153564453,154.0292510986328,43.69538116455078,42.91637420654297,44.54938888549805,41.283382415771484,115.72699737548828,677.9260864257812
2025-10-28,119.58807373046875,52.16737365722656,143.05941772460938,150.20953369140625,76.33511352539062,152.93179321289062,43.75431823730469,42.46912384033203,43.81532669067383,40.36575698852539,115.15408325195312,679.7266235351562
2025-10-29,118.6011734008789,51.28134536743164,141.61358642578125,151.28900146484375,74.5345230102539,153.3272705078125,42.89484786987305,42.78511428833008,43.800743103027344,39.264610290527344,114.86762237548828,680.05322265625
2025-10-30,115.92316436767578,51.41917037963867,141.92832946777344,149.4285430908203,74.45665740966797,152.9416961669922,42.32023239135742,42.53232192993164,43.61600875854492,39.48677062988281,112.9217300415039,672.5738525390625
2025-10-31,118.98799133300781,51.5569953918457,141.87913513183594,149.5727996826172,74.24253845214844,153.30751037597656,42.07467269897461,42.84345245361328,43.314613342285156,39.5060920715332,113.40572357177734,674.7799682617188
2025-11-03,120.10383605957031,51.340415954589844,142.0758514404297,150.18466186523438,73.65856170654297,152.6549530029297,41.81437301635742,42.84831237792969,43.33891677856445,39.438472747802734,112.20064544677734,676.04638671875
2025-11-04,118.11021423339844,51.60622024536133,142.71519470214844,146.22000122070312,73.96028137207031,150.8851776123047,41.60810089111328,42.38648223876953,43.183353424072266,39.54472351074219,111.43019104003906,668.0328369140625
2025-11-05,119.54840087890625,51.78342819213867,143.26597595214844,146.7920684814453,73.91162109375,151.46852111816406,41.853668212890625,42.498291015625,43.19307327270508,39.535064697265625,112.03273010253906,670.3478393554688
2025-11-06,116.78608703613281,51.596378326416016,143.5413818359375,143.84219360351562,73.58069610595703,150.86541748046875,41.647396087646484,42.9115104675293,43.00348663330078,39.341880798339844,111.02520751953125,663.1554565429688
2025-11-07,116.9695816040039,51.96063232421875,143.7380828857422,143.3447265625,74.66104125976562,151.59706115722656,42.148338317871094,43.528907775878906,43.60143280029297,39.86347961425781,110.7387466430664,663.808349609375
2025-11-10,118.50695037841797,52.14768600463867,144.85934448242188,147.0109405517578,74.3885269165039,152.45721435546875,42.5461540222168,43.92267990112305,43.58684539794922,39.834503173828125,111.89443969726562,674.1666259765625
2025-11-11,118.79955291748047,52.38395690917969,148.20346069335938,145.7573699951172,75.36181640625,152.4967803955078,42.9881591796875,44.4963264465332,43.61115264892578,40.27882766723633,112.80318450927734,675.7099609375
2025-11-12,118.00110626220703,52.83681869506836,150.3083038330078,146.21006774902344,75.25475311279297,152.64508056640625,43.292659759521484,43.87406539916992,43.71323776245117,39.96006774902344,112.15126037597656,676.0859985351562
2025-11-13,115.0552978515625,52.15753173828125,150.2296142578125,142.56373596191406,75.25475311279297,150.28208923339844,43.007808685302734,43.98588180541992,43.110435485839844,39.438472747802734,110.56095123291016,664.8670043945312
2025-11-14,114.50481414794922,51.63575744628906,149.33456420898438,143.3397674560547,75.19635772705078,150.29196166992188,42.61491012573242,44.73453140258789,43.149330139160156,39.554386138916016,109.96829223632812,664.7581176757812
2025-11-17,113.42864227294922,50.651283264160156,149.2067108154297,141.09628295898438,74.71944427490234,148.81881713867188,41.96662521362305,43.917816162109375,43.538230895996094,39.29358673095703,109.82012939453125,658.56494140625
2025-11-18,111.33583068847656,50.5725212097168,150.0820770263672,138.80303955078125,75.0406265258789,148.15638732910156,42.00100326538086,44.26783752441406,43.37294387817383,39.438472747802734,110.44242095947266,653.0346069335938
2025-11-19,111.34078979492188,50.75957489013672,149.8263397216797,139.76809692382812,74.46639251708984,148.65074157714844,42.109046936035156,43.69419479370117,43.00834655761719,39.12937927246094,109.83000946044922,655.5574340820312
2025-11-20,109.679443359375,50.316566467285156,148.93130493164062,135.38058471679688,75.00170135498047,146.15921020507812,41.48040771484375,43.198333740234375,42.78958511352539,38.99414825439453,108.62492370605469,645.5652465820312
2025-11-21,111.83175659179688,50.86786651611328,152.06887817382812,135.90292358398438,75.81926727294922,147.93885803222656,42.40863800048828,43.4705696105957,42.852783203125,39.5060920715332,110.53131866455078,651.995849609375
2025-11-24,113.32450103759766,51.084449768066406,152.70819091796875,139.1413116455078,74.94329833984375,148.3046875,42.492122650146484,43.349037170410156,43.33891677856445,39.56404113769531,111.62774658203125,661.59228515625
2025-11-25,115.74958801269531,51.724365234375,156.1605224609375,139.51438903808594,75.97499084472656,150.20297241210938,43.125675201416016,43.07679748535156,43.17362976074219,39.8828010559082,112.90196228027344,667.815185546875
2025-11-26,116.54307556152344,52.127994537353516,155.81625366210938,141.16592407226562,76.80229187011719,151.0730438232422,43.65609359741211,43.40250778198242,43.74727249145508,40.056663513183594,113.06000518798828,672.4254760742188
2025-11-28,117.26713562011719,52.50209426879883,155.0589141845703,142.3796844482422,77.25,151.95297241210938,43.90656661987305,43.971290588378906,44.05839538574219,40.24984359741211,113.97863006591797,676.0958251953125
2025-12-01,117.33656311035156,52.06892395019531,152.73770141601562,142.44435119628906,77.1721420288086,149.72842407226562,43.798519134521484,44.394229888916016,43.027793884277344,39.689613342285156,113.44523620605469,673.0090942382812
2025-12-02,117.25720977783203,52.01970291137695,151.82296752929688,143.91183471679688,76.66602325439453,151.03347778320312,43.40071105957031,43.82059097290039,42.721527099609375,39.593021392822266,113.82058715820312,674.2556762695312
2025-12-03,118.52183532714844,52.71868133544922,152.53114318847656,144.2550811767578,76.72442626953125,152.46710205078125,43.7052001953125,44.64216613769531,42.585411071777344,39.67029571533203,113.72180938720703,676.5905151367188
2025-12-04,118.10029602050781,52.82697296142578,151.3705291748047,144.7923126220703,76.35456848144531,153.258056640625,43.44982147216797,44.83176040649414,42.497901916503906,39.60268020629883,114.37374877929688,677.0851440429688
2025-12-05,118.75492095947266,52.84666442871094,150.74107360839844,145.8518829345703,76.36431121826172,152.8329315185547,43.307395935058594,44.64702606201172,42.099273681640625,39.593021392822266,115.69734954833984,678.371337890625
2025-12-08,117.02908325195312,52.64976501464844,148.9411163330078,146.8766326904297,75.73167419433594,152.64508056640625,42.70821762084961,44.160884857177734,41.53535461425781,39.35154342651367,114.83799743652344,676.3333129882812
2025-12-09,117.01918029785156,52.45287322998047,147.49530029296875,147.26463317871094,75.9068603515625,151.52784729003906,42.61981964111328,44.43312454223633,41.56452560424805,39.11972427368164,114.96640014648438,675.74951171875
2025-12-10,118.73507690429688,53.05340576171875,149.6394805908203,147.97100830078125,76.13072204589844,154.2961883544922,43.45473098754883,44.89982223510742,41.54507827758789,39.19699478149414,115.63807678222656,680.2312622070312
2025-12-11,119.20124816894531,54.018184661865234,151.05580139160156,147.2148895263672,76.69522857666016,155.94732666015625,44.31911087036133,44.68592071533203,41.84648513793945,39.40949249267578,115.38126373291016,681.8140869140625
2025-12-12,119.71701049804688,54.09695053100586,151.5279083251953,142.95672607421875,77.29866027832031,154.96852111816406,44.34858322143555,44.248390197753906,41.64230728149414,39.361202239990234,115.12445068359375,674.4832763671875
2025-12-15,120.7386245727539,54.13632583618164,153.53439331054688,141.57382202148438,77.5127944946289,155.2156982421875,44.31911087036133,43.9372673034668,42.02149200439453,39.5157470703125,115.14420318603516,673.4642333984375
2025-12-16,120.93700408935547,53.7917594909668,151.5377655029297,141.83248901367188,77.16239929199219,154.2961883544922,44.20124053955078,42.595523834228516,41.84648513793945,39.16801834106445,115.22322082519531,671.6240844726562
2025-12-17,119.5384750366211,53.781917572021484,151.26235961914062,138.6786651611328,77.52252960205078,151.79478454589844,44.38787078857422,43.53862762451172,41.57424545288086,39.341880798339844,114.39348602294922,664.2337646484375
2025-12-18,121.3436508178711,53.69331359863281,151.38037109375,140.8177032470703,77.0748062133789,152.78347778320312,44.36822509765625,42.906654357910156,41.98260498046875,39.100399017333984,115.04542541503906,669.2496948242188
2025-12-19,120.85765075683594,53.98865509033203,152.39344787597656,143.8621063232422,76.67576599121094,154.09844970703125,44.564674377441406,42.906654357910156,41.447853088378906,38.95551681518555,115.09480285644531,675.3153686523438
2025-12-22,121.5841293334961,54.65155029296875,153.3979949951172,144.63827514648438,76.40791320800781,155.8068389892578,45.09091567993164,43.3508415222168,41.60164260864258,39.244544982910156,115.60615539550781,679.5225219726562
2025-12-23,121.41519165039062,54.76021957397461,153.091796875,145.42544555664062,76.044921875,155.74729919433594,45.16990280151367,43.63521194458008,41.748573303222656,39.23478698730469,116.32955932617188,682.6282348632812
2025-12-24,121.83258819580078,55.05659484863281,153.89187622070312,145.77420043945312,76.64338684082031,156.25326538085938,45.258758544921875,43.50774002075195,41.9346923828125,39.488670349121094,117.02323913574219,685.0294799804688
2025-12-26,121.29592895507812,54.94792175292969,154.13882446289062,146.00335693359375,76.75130462646484,155.96556091308594,45.52533721923828,43.341041564941406,41.905303955078125,39.56678771972656,116.9043197631836,684.9599609375
2025-12-29,120.10334014892578,54.65155029296875,153.90174865722656,145.34573364257812,76.80036163330078,155.62826538085938,45.160030364990234,43.75287628173828,41.98366928100586,39.67420196533203,116.82503509521484,682.51904296875
2025-12-30,119.61636352539062,54.51323699951172,153.77333068847656,144.88739013671875,76.67282104492188,155.18182373046875,45.15015411376953,44.086273193359375,42.08162307739258,39.7620849609375,117.22142791748047,681.6856079101562
2025-12-31,118.67224884033203,54.108192443847656,152.90411376953125,143.4525604248047,76.21170043945312,153.89210510253906,44.77497100830078,43.841129302978516,41.81714630126953,39.40078353881836,116.65657806396484,676.635009765625
2026-01-02,117.61878967285156,54.266258239746094,153.60540771484375,143.7813720703125,76.22151184082031,156.72946166992188,45.53520584106445,44.76286315917969,42.29712677001953,39.430084228515625,115.84398651123047,677.8753662109375
2026-01-05,119.5567398071289,55.451759338378906,153.1411590576172,144.10020446777344,75.88793182373047,158.5846710205078,45.989376068115234,45.978763580322266,41.826942443847656,39.478904724121094,116.68631744384766,682.3900756835938
2026-01-06,120.32197570800781,55.718502044677734,156.15382385253906,146.12290954589844,76.00566864013672,160.7375030517578,46.89771270751953,44.7530517578125,42.03264617919922,39.7425537109375,116.27010345458984,686.4483642578125
2026-01-07,120.15303802490234,54.938045501708984,157.70458984375,146.00335693359375,75.17173767089844,157.71163940429688,46.088111877441406,44.252967834472656,41.01390838623047,39.19572448730469,116.03227233886719,684.2356567382812
2026-01-08,122.16055297851562,55.22454071044922,156.18345642089844,143.72158813476562,76.95733642578125,158.90213012695312,46.89771270751953,45.64537048339844,41.1314582824707,39.488670349121094,116.41874694824219,684.1661987304688
2026-01-09,123.64134979248047,55.05659484863281,155.38336181640625,145.62472534179688,77.75202178955078,160.648193359375,47.648075103759766,45.763038635253906,41.64082336425781,39.54726028442383,116.84486389160156,688.6908569335938
2026-01-12,123.75066375732422,54.621910095214844,155.4525146484375,146.26242065429688,78.66444396972656,161.87838745117188,47.90477752685547,45.439453125,41.70939636230469,39.664432525634766,116.48811340332031,689.7723388671875
2026-01-13,123.44258117675781,53.5747184753418,154.8203582763672,145.9535369873047,79.57685852050781,162.7117156982422,48.11211395263672,46.08662796020508,41.973873138427734,39.967140197753906,115.83407592773438,688.3932495117188
2026-01-14,121.49469757080078,53.49568557739258,155.9266357421875,144.179931640625,80.67570495605469,162.9696807861328,48.131858825683594,47.12602996826172,42.28732681274414,40.41632080078125,115.58633422851562,685.0095825195312
2026-01-15,121.9419174194336,53.71302795410156,155.0376739501953,144.9372100830078,80.81304931640625,164.46771240234375,48.339195251464844,46.68477249145508,42.71833419799805,40.719032287597656,115.16021728515625,686.8750610351562
2026-01-16,121.54438781738281,53.78217697143555,153.8325958251953,145.0966339111328,80.55796813964844,165.578857421875,48.062747955322266,46.76321792602539,42.50283432006836,41.21703338623047,114.12960815429688,686.2994995117188
2026-01-20,118.38404083251953,52.557167053222656,153.49676513671875,141.33021545410156,80.80323791503906,162.23553466796875,47.57896041870117,46.674964904785156,42.08162307739258,40.42608642578125,112.4449691772461,672.3286743164062
2026-01-21,120.64994812011719,52.814022064208984,156.3217315673828,143.2931365966797,80.8817367553711,165.04315185546875,48.61565399169922,47.802616119384766,42.14039611816406,40.57255935668945,113.59449005126953,680.0880126953125
2026-01-22,121.86241149902344,53.159793853759766,156.3513641357422,144.3592987060547,80.71492767333984,164.18994140625,48.89209747314453,47.959510803222656,41.836734771728516,40.17219924926758,115.1998519897461,683.6403198242188
2026-01-23,122.36924743652344,52.428733825683594,155.55128479003906,144.5685272216797,81.34284210205078,162.92007446289062,49.336395263671875,48.234066009521484,41.68980407714844,40.27961349487305,115.90345001220703,683.8883056640625
2026-01-26,121.56426239013672,52.764625549316406,156.16371154785156,145.5549774169922,81.21529388427734,163.07879638671875,49.3956298828125,48.263484954833984,41.99346160888672,40.25032043457031,116.70612335205078,687.3612060546875
2026-01-27,121.93197631835938,52.359580993652344,153.546142578125,147.51788330078125,81.58811950683594,163.75341796875,49.34626388549805,48.70473861694336,42.542015075683594,40.27961349487305,115.84398651123047,690.099853515625
2026-01-28,121.01765441894531,52.349700927734375,152.42010498046875,148.6936492919922,80.76399993896484,162.84071350097656,49.316646575927734,49.07735061645508,42.444061279296875,39.88902282714844,115.69534301757812,690.0303344726562
2026-01-29,120.44124603271484,52.90293502807617,151.9361114501953,146.34213256835938,80.57758331298828,164.54708862304688,49.36601257324219,49.52841567993164,42.444061279296875,40.39678955078125,118.70787811279297,688.6610717773438
2026-01-30,120.4213638305664,52.79426193237305,152.84486389160156,143.36288452148438,81.93150329589844,164.1304168701172,48.645267486572266,50.057918548583984,42.36569595336914,40.455379486083984,118.9952621459961,686.6071166992188
2026-02-02,121.21642303466797,53.377132415771484,153.78321838378906,144.7379150390625,82.90278625488281,166.203857421875,49.020450592041016,49.07735061645508,41.748573303222656,39.99643325805664,118.58895874023438,690.0204467773438
2026-02-03,120.24246978759766,52.88317108154297,152.21270751953125,141.56935119628906,84.24689483642578,167.6027069091797,50.0571403503418,50.665870666503906,42.35590362548828,39.84996795654297,116.67639923095703,684.18603515625
2026-02-04,119.35797882080078,53.307979583740234,154.1190643310547,137.62359619140625,85.3457260131836,168.0491485595703,51.23204803466797,51.8033332824707,42.19917297363281,40.48467254638672,115.7448959350586,680.8719482421875
2026-02-05,116.78398132324219,52.64607620239258,152.94361877441406,135.1425323486328,85.27703857421875,167.03721618652344,49.85967254638672,51.195377349853516,42.2187614440918,40.26008224487305,115.16021728515625,672.3683471679688
2026-02-06,117.2610092163086,53.60435485839844,155.77847290039062,140.62277221679688,86.27777099609375,171.80914306640625,50.85686492919922,52.21516799926758,42.46364974975586,41.0022087097168,114.71428680419922,685.267578125
2026-02-09,116.82373046875,53.28822326660156,154.405517578125,142.83477783203125,85.77740478515625,172.32501220703125,51.51837158203125,52.59758758544922,42.59099197387695,41.25608825683594,115.82416534423828,688.57177734375
2026-02-10,117.59891510009766,52.90293502807617,153.42762756347656,142.0376739501953,85.50270080566406,172.5333709716797,52.239112854003906,52.538753509521484,43.2962760925293,41.832210540771484,116.5178451538086,686.7559814453125
2026-02-11,117.03243255615234,52.102725982666016,154.3363494873047,142.45614624023438,86.72907257080078,173.4560089111328,52.94010925292969,53.91154861450195,43.67829513549805,41.79315185546875,115.68543243408203,686.5972290039062
2026-02-12,115.41250610351562,51.06541061401367,154.08941650390625,138.70968627929688,87.52375793457031,171.38253784179688,52.160133361816406,52.93098068237305,44.32480239868164,41.861507415771484,113.6043930053711,675.9901123046875
2026-02-13,115.46219635009766,51.02589797973633,155.7389678955078,139.0583953857422,87.8180923461914,172.7913055419922,52.6340446472168,53.29378890991211,45.54924392700195,42.4766845703125,113.5449447631836,676.46630859375
2026-02-17,115.32305908203125,51.569244384765625,155.44264221191406,138.97869873046875,86.53284454345703,173.69412231445312,52.03178024291992,52.705448150634766,45.431697845458984,42.90633010864258,113.36656951904297,677.5578002929688
2026-02-18,116.2969970703125,51.95453643798828,155.7389678955078,140.403564453125,86.3758773803711,173.6544189453125,52.34771728515625,53.71543502807617,44.67744064331055,42.33021545410156,113.55484771728516,680.9711303710938
2026-02-19,115.52182006835938,51.51985168457031,155.333984375,139.70608520507812,86.01287078857422,174.94412231445312,52.160133361816406,54.10765838623047,45.16721725463867,42.18374252319336,114.09988403320312,679.1751708984375
2026-02-20,116.72434997558594,51.85574722290039,154.89938354492188,140.37367248535156,86.22870635986328,175.82708740234375,52.28847885131836,53.81349182128906,45.382720947265625,42.53527069091797,115.7448959350586,684.0867919921875
2026-02-23,114.27954864501953,50.117008209228516,156.5983123779297,138.0221405029297,87.28829956054688,173.44610595703125,52.28847885131836,54.0782470703125,45.725563049316406,42.58409881591797,114.3178939819336,677.1013793945312
2026-02-24,116.01873779296875,50.363990783691406,155.93650817871094,139.81568908691406,88.04373931884766,175.57907104492188,52.683406829833984,54.02921676635742,46.23493576049805,42.701271057128906,115.11067962646484,682.0228881835938
2026-02-25,116.36656951904297,51.24323654174805,155.8970184326172,142.49600219726562,87.32755279541016,174.20999145507812,52.38721466064453,53.80368423461914,46.391658782958984,42.41809844970703,115.44760131835938,687.778076171875
2026-02-26,116.32682800292969,51.865623474121094,155.49203491210938,140.50320434570312,87.18037414550781,175.30128479003906,52.327972412109375,53.98018264770508,46.21533966064453,42.6036262512207,115.66561889648438,683.9578247070312
2026-02-27,116.13799285888672,50.80855178833008,158.23797607421875,138.2612762451172,88.30863952636719,175.73779296875,52.73277282714844,54.833282470703125,46.754093170166016,42.80868911743164,116.98360443115234,680.6734619140625
2026-03-02,114.7068862915039,50.68012237548828,156.5884246826172,139.03846740722656,87.03321075439453,177.48387145996094,52.574806213378906,55.931514739990234,46.40145492553711,42.886802673339844,116.80522918701172,681.0604858398438
2026-03-03,113.65343475341797,50.59121322631836,154.8203582763672,137.0058135986328,86.08154296875,174.05125427246094,51.28141403198242,55.4216194152832,46.10758972167969,42.67198181152344,116.8944091796875,675.057373046875
2026-03-04,115.6708984375,50.87770462036133,155.12657165527344,139.33741760253906,85.51251220703125,174.57705688476562,51.26166534423828,55.0980339050293,46.30350112915039,42.73056411743164,117.71691131591797,679.820068359375
2026-03-05,115.82991790771484,50.61096954345703,152.0250244140625,139.67617797851562,83.79559326171875,170.69801330566406,50.185489654541016,55.38239288330078,45.94106674194336,42.3204460144043,117.37007141113281,676.0297241210938
2026-03-06,113.73294830322266,49.95894241333008,150.82984924316406,136.7965545654297,84.1585922241211,168.5948028564453,49.227787017822266,55.47064971923828,45.784339904785156,41.88103485107422,116.39893341064453,667.1688842773438
2026-03-09,113.88201904296875,49.72184371948242,152.3707275390625,139.2576904296875,84.34500885009766,169.58688354492188,49.356136322021484,55.22550582885742,45.892086029052734,41.96891784667969,116.4980239868164,673.0133666992188
2026-03-10,113.73294830322266,49.45510482788086,151.27430725097656,139.2576904296875,84.09972381591797,168.67416381835938,49.247535705566406,54.51949691772461,45.60801696777344,41.91032791137695,116.31964874267578,671.9317016601562
2026-03-11,113.43479919433594,49.04018020629883,150.97801208496094,139.92527770996094,82.99108123779297,168.1483612060547,49.20804214477539,55.872684478759766,45.22598648071289,41.41232681274414,115.94307708740234,671.08837890625
2026-03-12,110.83098602294922,48.239967346191406,148.32095336914062,137.34457397460938,82.65751647949219,163.9320068359375,49.050071716308594,56.39237976074219,45.54924392700195,41.148677825927734,114.22871398925781,660.8978881835938
2026-03-13,110.1750717163086,48.29924392700195,147.95545959472656,136.30833435058594,83.13825225830078,163.34666442871094,48.566280364990234,56.57869338989258,45.99983596801758,41.25608825683594,113.41612243652344,657.1571655273438
2026-03-16,111.50677490234375,48.704288482666016,149.1605224609375,138.28121948242188,83.37371826171875,164.74551391601562,48.77362060546875,56.774803161621094,46.293701171875,41.578330993652344,114.28816986083984,663.844970703125
2026-03-17,112.48072814941406,48.961151123046875,147.80731201171875,139.03846740722656,83.09900665283203,165.18202209472656,48.89209747314453,57.37294387817383,46.16636276245117,41.71503448486328,114.32781219482422,665.5912475585938
2026-03-18,109.88685607910156,48.37828063964844,145.3379364013672,137.46417236328125,81.07794189453125,163.87246704101562,47.86528778076172,57.29450607299805,45.774539947509766,41.031497955322266,112.63326263427734,656.3038330078125
2026-03-19,109.02222442626953,48.398040771484375,144.8144073486328,137.9324493408203,80.42060852050781,162.76133728027344,47.134666442871094,58.2064323425293,45.58842849731445,40.93385314941406,112.11795043945312,654.6864624023438
2026-03-20,107.0743408203125,48.4869499206543,143.5500946044922,134.8037567138672,79.75346374511719,160.3902587890625,46.384307861328125,58.15740203857422,43.7370719909668,39.63513946533203,111.21617889404297,645.3009643554688
2026-03-23,109.65948486328125,48.92485809326172,143.58482360839844,136.62744140625,80.0938491821289,162.2138671875,47.15585708618164,58.85321807861328,44.171085357666016,39.9310302734375,112.04825592041016,652.07666015625
2026-03-24,109.22132110595703,48.93478775024414,143.60464477539062,135.82933044433594,80.02478790283203,163.1589813232422,48.048397064208984,60.047454833984375,44.47686767578125,39.606632232666016,110.4775390625,649.8877563476562
2026-03-25,110.26693725585938,48.99436569213867,145.04278564453125,136.43789672851562,80.41943359375,164.25335693359375,49.00044250488281,59.78097152709961,44.63469314575195,39.586971282958984,110.78572082519531,653.5094604492188
2026-03-26,108.3748779296875,48.706398010253906,144.546875,132.18792724609375,80.05438232421875,160.4429931640625,48.68309020996094,60.71859359741211,44.71360778808594,39.606632232666016,108.17115020751953,641.838623046875
2026-03-27,105.23805236816406,47.4750862121582,142.087158203125,129.61399841308594,80.68582153320312,158.3835906982422,48.50458526611328,61.745052337646484,44.97007369995117,39.33137893676758,106.41155242919922,630.89404296875
2026-03-30,105.21813201904297,48.02123260498047,142.64259338378906,127.19970703125,80.78447723388672,155.806884765625,48.68309020996094,61.152862548828125,45.29558181762695,39.52798843383789,107.32614135742188,628.78466796875
2026-03-31,108.52425384521484,49.0241584777832,145.4097442626953,132.5869903564453,80.88314056396484,160.90061950683594,49.55580139160156,60.461978912353516,45.2659912109375,40.137474060058594,110.20912170410156,647.0621337890625
2026-04-01,109.3408203125,49.093666076660156,146.52056884765625,134.59225463867188,80.37010192871094,163.58677673339844,50.04173278808594,58.201812744140625,45.483001708984375,40.25543975830078,110.58688354492188,651.9373779296875
2026-04-02,107.69772338867188,49.18303298950195,145.6081085205078,135.6697235107422,80.79434967041016,162.93016052246094,49.992149353027344,58.47816848754883,45.70987319946289,40.90424346923828,111.04418182373047,652.5244750976562
2026-04-06,108.58399963378906,49.53058624267578,145.0824432373047,136.45785522460938,81.55404663085938,163.76585388183594,49.80372619628906,58.902565002441406,45.54218292236328,41.05169677734375,111.10383605957031,655.6087646484375
2026-04-07,107.31930541992188,49.53058624267578,145.37008666992188,137.1063232421875,80.17278289794922,163.4375457763672,49.664886474609375,59.376312255859375,45.64082717895508,41.01237487792969,111.16349029541016,655.8972778320312
2026-04-08,110.35655212402344,50.841339111328125,148.4447021484375,141.35629272460938,81.67243957519531,169.5659637451172,51.321044921875,57.29379653930664,46.143890380859375,41.72016525268555,113.14179992675781,672.6027221679688
2026-04-09,112.26852416992188,50.970428466796875,148.10748291015625,141.7353973388672,82.3334732055664,171.30699157714844,51.24170684814453,56.58317947387695,46.50886154174805,42.005245208740234,113.5990982055664,676.4830322265625
2026-04-10,112.41790008544922,50.41434860229492,146.10401916503906,142.28408813476562,81.26792907714844,170.6404266357422,51.529300689697266,56.19825744628906,46.321441650390625,42.093719482421875,113.28097534179688,676.0353393554688
2026-04-13,113.44358825683594,51.29811477661133,146.7586212158203,145.26705932617188,80.45890045166016,171.84422302246094,51.75739669799805,56.36604690551758,45.759193420410156,42.29032897949219,114.1458740234375,682.6417846679688
2026-04-14,115.95305633544922,51.41727066040039,147.611572265625,147.59158325195312,80.37996673583984,172.46104431152344,51.578887939453125,55.221153259277344,45.83810806274414,42.6933708190918,115.87565612792969,690.959716796875
2026-04-15,117.68577575683594,51.80453872680664,146.56024169921875,149.94601440429688,79.97544860839844,170.3021697998047,50.9541130065918,55.03363037109375,45.39422607421875,42.67371368408203,116.67095947265625,696.412109375
2026-04-16,117.13806915283203,51.66551971435547,145.4097442626953,151.66197204589844,80.34049987792969,169.45652770996094,51.321044921875,55.84294891357422,45.71973419189453,43.06692886352539,118.13232421875,698.1234130859375
2026-04-17,119.90644836425781,52.062721252441406,147.58181762695312,153.98648071289062,81.35671997070312,172.62022399902344,51.44996643066406,54.30327224731445,45.53232192993164,43.725563049316406,118.40074157714844,706.5607299804688
2026-04-20,119.36870574951172,52.26131820678711,146.21310424804688,154.19598388671875,81.28765869140625,173.00820922851562,51.79706573486328,54.35261535644531,45.127899169921875,43.882850646972656,118.05280303955078,705.1477661132812
2026-04-21,118.47247314453125,51.93362808227539,144.72540283203125,154.32566833496094,80.74501037597656,170.5608367919922,51.340877532958984,55.14219665527344,44.338775634765625,43.03743362426758,116.47213745117188,700.53125
2026-04-22,118.4326400756836,51.844261169433594,145.18162536621094,157.7176513671875,81.01140594482422,170.16287231445312,51.4003791809082,55.803466796875,44.25986099243164,42.722862243652344,117.18790435791016,707.6253051757812
2026-04-23,117.24761199951172,51.4371337890625,145.04278564453125,155.47296142578125,82.36308288574219,173.17735290527344,51.38054656982422,56.237735748291016,45.46327209472656,43.214385986328125,116.7007827758789,704.8792114257812
2026-04-24,118.19364929199219,51.05979537963867,142.9996337890625,159.8426513671875,82.11642456054688,171.58555603027344,51.48963165283203,56.12916946411133,45.55205154418945,43.08659362792969,114.86164855957031,710.3414916992188
2026-04-27,117.3471908569336,51.44706726074219,142.28555297851562,160.19183349609375,81.23831939697266,171.62533569335938,51.350791931152344,56.03047180175781,45.561912536621094,42.752357482910156,115.13005828857422,711.5653686523438
2026-04-28,116.52067565917969,51.48678207397461,142.66241455078125,157.47824096679688,81.96842193603516,170.1031951904297,50.97394561767578,56.95822525024414,45.621097564697266,43.16522979736328,115.0704116821289,708.1029052734375
2026-04-29,116.35137939453125,51.55629348754883,141.6706085205078,158.73526000976562,81.81056213378906,169.05856323242188,50.53759002685547,58.26102828979492,45.05884552001953,42.899810791015625,114.61310577392578,707.993408203125
2026-04-30,117.85505676269531,51.76482391357422,144.79483032226562,159.1243438720703,83.18196868896484,173.6847381591797,51.043365478515625,58.872955322265625,46.21293640136719,43.64692306518555,115.8259506225586,715.0377197265625
2026-05-01,118.1338882446289,51.55629348754883,143.9716339111328,161.48876953125,83.04383850097656,172.0730438232422,50.92435836791992,58.0833740234375,45.91701889038086,43.56827926635742,116.03472137451172,717.0177001953125
2026-05-04,117.22770690917969,51.21867752075195,143.54513549804688,161.66835021972656,82.42227172851562,170.1031951904297,50.23016357421875,58.6163444519043,45.739463806152344,43.33234786987305,115.4183578491211,714.3909912109375
2026-05-05,117.57623291015625,51.228607177734375,144.1104736328125,165.2399139404297,82.93531036376953,171.52586364746094,51.10286331176758,58.67556381225586,45.739463806152344,43.42081832885742,114.95111083984375,720.1220092773438
2026-05-06,119.36870574951172,51.47685241699219,144.2096405029297,169.62953186035156,83.11290740966797,175.96298217773438,51.97557067871094,56.257476806640625,45.08843994140625,43.98115539550781,116.6610107421875,730.1312866210938
2026-05-07,119.37866973876953,51.18888473510742,143.53521728515625,169.29034423828125,82.85639190673828,173.10769653320312,50.97394561767578,55.221153259277344,44.50646209716797,43.64692306518555,116.69084167480469,727.8926391601562
2026-05-08,119.69732666015625,50.88105773925781,142.31529235839844,175.1066131591797,83.05370330810547,172.3118133544922,51.16236877441406,54.97441482543945,44.111900329589844,43.6567497253418,116.25342559814453,733.9021606445312
2026-05-11,118.87080383300781,50.821475982666016,141.8689727783203,177.46107482910156,82.25454711914062,174.14236450195312,51.826812744140625,56.425262451171875,44.52619171142578,43.81403350830078,114.90141296386719,735.5736694335938
2026-05-12,117.79531860351562,51.21867752075195,144.65597534179688,174.787353515625,83.31023406982422,173.45591735839844,51.70780944824219,56.82005310058594,44.57550811767578,43.82387161254883,115.17976379394531,734.4593505859375
2026-05-13,118.22351837158203,50.632808685302734,145.50892639160156,176.43348693847656,83.58648681640625,172.72964477539062,51.628475189208984,56.8792724609375,44.06258010864258,43.460140228271484,116.0744857788086,738.5685424804688
2026-05-14,118.17372131347656,50.93070983886719,145.42958068847656,179.07723999023438,83.84300994873047,173.61508178710938,51.24170684814453,57.31353759765625,44.28945541381836,43.16522979736328,116.42243194580078,744.3989868164062
2026-05-15,116.04267883300781,50.74203872680664,143.91212463378906,175.84486389160156,83.50755310058594,170.52102661132812,49.883060455322266,58.665687561035156,43.273460388183594,42.49676513671875,115.39847564697266,735.4443969726562
2026-05-18,115.83355712890625,51.37755584716797,144.5270233154297,173.94935607910156,84.75069427490234,169.87437438964844,49.80372619628906,59.79084396362305,43.342506408691406,43.0079460144043,116.29319763183594,734.927001953125
2026-05-19,114.5489501953125,50.74203872680664,146.1139373779297,172.8319854736328,84.93815612792969,167.8746795654297,48.633506774902344,60.49159240722656,43.73706817626953,43.19472122192383,115.1698226928711,730.03173828125
2026-05-20,117.44677734375,51.29811477661133,145.92550659179688,176.72279357910156,84.37577819824219,169.85447692871094,49.3078727722168,59.02100372314453,43.904754638671875,43.67641067504883,115.4183578491211,737.5138549804688
2026-05-21,118.20359802246094,51.36762619018555,146.9371337890625,178.1793670654297,83.52729034423828,169.65550231933594,49.605384826660156,58.35973358154297,44.38809585571289,43.74522399902344,115.4183578491211,738.9764404296875
2026-05-22,118.68159484863281,51.57615280151367,148.6628875732422,179.96514892578125,83.66541290283203,170.88914489746094,49.873146057128906,58.71504211425781,44.733333587646484,43.80420684814453,114.78211212158203,741.8817749023438
2026-05-26,118.9504623413086,51.48678207397461,147.294189453125,184.70396423339844,82.51106262207031,173.4061737060547,50.567344665527344,57.09640121459961,44.71360778808594,43.951663970947266,114.87158966064453,746.8068237304688
2026-05-27,121.04168701171875,51.05979537963867,147.5718994140625,183.99562072753906,83.4483642578125,173.4061737060547,50.755767822265625,56.24760818481445,44.52619171142578,43.87302017211914,115.57742309570312,746.6774291992188
2026-05-28,121.54954528808594,50.91084671020508,149.64480590820312,186.40992736816406,83.30036163330078,172.9087371826172,50.93427658081055,56.208126068115234,44.023128509521484,43.6567497253418,115.9850082397461,750.7965698242188
2026-05-29,120.36453247070312,51.21867752075195,148.246337890625,190.5701141357422,81.80070495605469,172.24217224121094,50.726016998291016,55.55672836303711,43.81597900390625,43.24387741088867,115.0107650756836,752.6671142578125
2026-06-01,117.69573211669922,51.06972885131836,146.62966918945312,195.2989501953125,80.93247985839844,171.5159149169922,50.497920989990234,56.553565979003906,42.5139274597168,42.53608703613281,114.93123626708984,754.7166748046875
2026-06-02,117.0982437133789,51.09951400756836,145.2014617919922,197.74319458007812,80.73515319824219,173.29673767089844,51.09294891357422,57.20497131347656,43.30305099487305,42.752357482910156,112.90321350097656,755.7415771484375
2026-06-03,116.2418441772461,50.513648986816406,146.34205627441406,195.76783752441406,81.06073760986328,173.15745544433594,51.20204162597656,57.94519805908203,43.11563491821289,42.77201461791992,111.42196655273438,750.4384155273438
2026-06-04,116.7696304321289,51.82440185546875,150.8349609375,192.71505737304688,80.94234466552734,175.2566375732422,51.19211959838867,57.98468017578125,43.342506408691406,43.64692306518555,112.44590759277344,753.2740478515625
2026-06-05,114.3796615600586,51.93362808227539,151.75735473632812,179.8753662109375,82.3236083984375,173.28677368164062,50.2103271484375,56.91874694824219,43.74692916870117,43.941829681396484,111.01436614990234,733.83251953125
2026-06-08,114.90744018554688,51.60594177246094,151.40028381347656,183.74620056152344,81.95855712890625,172.73960876464844,49.54587936401367,57.570152282714844,42.92822265625,43.28319549560547,110.4377670288086,735.4940795898438
2026-06-09,115.38543701171875,52.09251022338867,153.30459594726562,180.34425354003906,82.97477722167969,174.6995086669922,50.34916687011719,56.64239501953125,43.381961822509766,44.20725631713867,110.82548522949219,733.3350830078125
2026-06-10,113.01538848876953,51.86412048339844,151.5986785888672,176.21400451660156,84.34617614746094,168.7899627685547,49.18886184692383,57.49119567871094,43.40169143676758,44.22691345214844,110.35823822021484,721.7736206054688
2026-06-11,115.81364440917969,52.25139236450195,152.82850646972656,182.77850341796875,84.12911987304688,174.25180053710938,50.79543685913086,56.375911712646484,43.451011657714844,44.15809631347656,111.46172332763672,734.04150390625
2026-06-12,116.11238861083984,52.966346740722656,152.55079650878906,184.36476135253906,84.67176818847656,175.2765350341797,51.74748229980469,56.80031204223633,43.92448425292969,44.59063720703125,110.9944839477539,738.0113525390625
2026-06-15,118.07414245605469,53.18480682373047,151.63833618164062,191.33828735351562,84.33631896972656,177.76368713378906,52.06482696533203,54.82636642456055,44.131629943847656,44.22691345214844,111.53131103515625,751.0254516601562
2026-06-16,117.96460723876953,53.96927261352539,151.68792724609375,186.0009002685547,84.44483947753906,178.92771911621094,52.28300476074219,54.63883972167969,44.44728088378906,44.33504867553711,111.6605453491211,746.5481567382812
2026-06-17,115.00702667236328,53.67137145996094,149.47618103027344,185.36241149902344,82.5604019165039,178.6790008544922,51.58880615234375,53.957828521728516,43.855438232421875,43.22421646118164,108.55886840820312,737.225341796875
2026-06-18,116.67005157470703,53.194732666015625,148.17689514160156,190.98912048339844,82.18548583984375,179.98228454589844,51.38054656982422,53.06955337524414,44.1513557434082,43.11608123779297,108.8073959350586,744.8902587890625
2026-06-22,114.68740844726562,53.510616302490234,149.48788452148438,191.926025390625,81.64305114746094,181.3126983642578,51.3835334777832,53.74056625366211,44.393577575683594,43.652565002441406,106.50897216796875,742.546142578125
2026-06-23,113.51000213623047,53.68998336791992,151.59979248046875,183.97531127929688,83.17298889160156,177.67247009277344,50.636966705322266,54.13819885253906,44.741024017333984,44.26738739013672,106.9176254272461,731.7628784179688
2026-06-24,114.8171157836914,53.530548095703125,152.76535034179688,182.83663940429688,83.88829040527344,179.7269744873047,50.92564010620117,53.25345993041992,45.20759201049805,44.13847351074219,106.19002532958984,731.4237060546875
2026-06-25,113.10089874267578,53.261497497558594,155.03665161132812,184.35487365722656,83.39155578613281,183.62648010253906,51.60252380371094,53.7703857421875,45.51532745361328,44.21780776977539,105.2331771850586,732.4810791015625
2026-06-26,114.11865997314453,53.38107681274414,159.72869873046875,180.89889526367188,84.1565170288086,180.7143096923828,51.363624572753906,53.52186584472656,45.86277389526367,44.86238098144531,105.83120727539062,727.1842651367188
2026-06-29,116.86261749267578,53.530548095703125,160.12718200683594,185.19387817382812,83.8187484741211,182.27012634277344,50.42792892456055,53.26340103149414,45.68408966064453,44.545047760009766,107.52561950683594,739.1644897460938
2026-06-30,117.02226257324219,53.420936584472656,158.0550994873047,190.2979278564453,82.52723693847656,184.73350524902344,50.59715270996094,52.79617691040039,45.00905227661133,43.662479400634766,106.77808380126953,744.9202270507812
2026-07-01,117.83048248291016,54.58680725097656,158.93173217773438,185.40362548828125,82.7557373046875,182.86851501464844,50.78628158569336,52.49795150756836,44.443214416503906,43.81122970581055,109.37950897216797,743.9127197265625
2026-07-02,116.86261749267578,55.42384338378906,163.11573791503906,180.37950134277344,84.4346923828125,183.41705322265625,51.77174377441406,52.9055290222168,45.42598342895508,44.30705642700195,109.2399673461914,742.9351806640625
2026-07-06,117.75066375732422,55.942012786865234,161.342529296875,183.3560333251953,83.55050659179688,185.0626220703125,51.74188232421875,52.81605911254883,44.96934509277344,43.920310974121094,109.84796905517578,749.4190673828125
2026-07-07,117.13201904296875,55.85232925415039,163.8130645751953,178.97113037109375,84.3055419921875,181.89114379882812,51.2740364074707,54.317134857177734,45.366424560546875,44.51530075073242,110.65530395507812,745.85791015625
2026-07-08,115.04661560058594,54.77613830566406,161.6812286376953,181.1885528564453,83.83861541748047,179.9364013671875,49.93022155761719,55.271461486816406,45.028907775878906,43.78147888183594,109.10043334960938,743.5536499023438
2026-07-09,116.59320831298828,55.3441276550293,161.5517120361328,185.1339569091797,82.65638732910156,180.62454223632812,50.029762268066406,54.49607467651367,44.80058670043945,43.860809326171875,110.14698791503906,749.8480224609375
2026-07-10,116.98234558105469,55.513526916503906,160.22679138183594,185.56344604492188,83.57038116455078,181.432373046875,50.65687561035156,54.754539489746094,45.07854080200195,44.078975677490234,111.27326965332031,753.0799560546875
2026-07-13,115.78498840332031,55.872257232666016,160.79461669921875,181.06869506835938,84.03730010986328,179.8865203857422,50.34830093383789,56.40473175048828,45.38628005981445,44.32688903808594,111.22343444824219,747.3142700195312
2026-07-14,115.64529418945312,55.98187255859375,157.68650817871094,183.4059600830078,82.87494659423828,179.96630859375,50.40802001953125,56.613487243652344,45.35649490356445,44.10872268676758,111.08389282226562,749.9677124023438
2026-07-15,116.74288177490234,56.360530853271484,157.68650817871094,181.36834716796875,82.92462158203125,179.57736206054688,50.2686653137207,56.16614532470703,44.889930725097656,44.18805694580078,113.00755310058594,752.9403076171875
2026-07-16,117.0821304321289,56.549861907958984,161.18313598632812,177.31307983398438,85.24932861328125,179.6671142578125,50.65687561035156,56.683074951171875,45.13810348510742,45.080543518066406,112.27995300292969,748.8604125976562
2026-07-17,115.18630981445312,56.061588287353516,160.475830078125,175.3853302001953,84.63338470458984,178.92910766601562,50.298526763916016,57.339176177978516,44.84029006958008,45.04087448120117,110.2865219116211,741.4487915039062
2026-07-20,114.3581314086914,55.84236526489258,158.64285278320312,175.50518798828125,84.3055419921875,177.64256286621094,49.80081558227539,57.59763717651367,44.611968994140625,44.85246276855469,110.43603515625,740.2518310546875
2026-07-21,114.61756134033203,55.91211700439453,159.6390380859375,180.56927490234375,83.5107650756836,178.18112182617188,49.8704948425293,58.154327392578125,44.59211730957031,44.822715759277344,109.6685562133789,746.426513671875
2026-07-22,113.76942443847656,55.85232925415039,158.82215881347656,180.05987548828125,83.82867431640625,178.37060546875,50.587196350097656,58.85019302368164,45.59474563598633,44.63429641723633,108.8412857055664,745.55859375
2026-07-23,108.52098846435547,55.63310623168945,160.8245086669922,178.2419891357422,82.66632080078125,181.45233154296875,50.059627532958984,59.02912902832031,45.852848052978516,44.57480239868164,105.03382873535156,736.3515014648438
2026-07-24,109.16956329345703,56.111412048339844,161.9501953125,175.67498779296875,83.58030700683594,182.17039489746094,51.02518081665039,59.2677116394043,45.952117919921875,45.56645584106445,105.95081329345703,737.099609375
2026-07-27,110.5964126586914,56.67940139770508,162.7770233154297,174.09683227539062,84.80227661132812,182.7089385986328,51.15458679199219,58.01515579223633,45.3465690612793,45.37803649902344,107.30635070800781,737.25927734375
2026-07-28,112.2328109741211,57.3968620300293,166.622314453125,170.89056396484375,86.49116516113281,182.0008544921875,52.10023498535156,57.22982406616211,45.187740325927734,45.62594985961914,109.30973815917969,739.0248413085938
2026-07-29,111.3647232055664,56.480106353759766,165.606201171875,166.3758544921875,86.7892074584961,176.1864776611328,51.502986907958984,58.303443908691406,44.582191467285156,45.57637023925781,109.1502685546875,727.6531372070312
2026-07-30,112.14300537109375,56.798980712890625,162.89657592773438,175.52516174316406,84.91156005859375,177.91183471679688,51.4034423828125,58.611610412597656,44.334014892578125,44.921878814697266,106.22989654541016,739.852783203125
2026-07-31,115.83487701416016,56.73918914794922,161.93026733398438,175.14561462402344,84.49430084228516,179.3579559326172,50.1989860534668,59.198123931884766,44.026275634765625,44.69379806518555,107.88443756103516,745.1796264648438
2026-08-03,117.9502182006836,57.17763900756836,161.6214599609375,177.83245849609375,84.3055419921875,182.66905212402344,50.77632522583008,58.4426155090332,44.03620529174805,44.80288314819336,110.97425079345703,755.793212890625
2026-08-04,118.03004455566406,57.67587661743164,161.48199462890625,186.68214416503906,84.81221008300781,185.90036010742188,51.76179122924805,58.17420959472656,43.78803253173828,44.79296112060547,111.67195892333984,769.4193725585938
2026-08-05,118.3792724609375,57.79545211791992,163.5341339111328,185.69329833984375,84.77247619628906,185.8505096435547,52.398860931396484,56.97136306762695,43.34131622314453,44.822715759277344,110.50580596923828,767.8831787109375
2026-08-06,117.84046173095703,57.60612487792969,163.82302856445312,185.11398315429688,84.55390930175781,184.26475524902344,51.93101119995117,57.81633758544922,43.063358306884766,44.435970306396484,110.81478118896484,766.65625
2026-08-07,119.59659576416016,57.3968620300293,165.04832458496094,187.7509002685547,84.5638427734375,184.6836395263672,52.617855072021484,57.16023635864258,43.29167938232422,44.604549407958984,110.88455200195312,771.3446044921875
2026-08-10,119.4070053100586,57.60612487792969,167.79782104492188,186.1028289794922,84.39495086669922,184.10519409179688,52.93638610839844,59.82440185546875,42.815185546875,44.02939224243164,111.462646484375,771.1151733398438
2026-08-11,118.97795104980469,57.59615707397461,167.36944580078125,185.87307739257812,84.13665771484375,185.20223999023438,52.99611282348633,60.569969177246094,43.3115348815918,43.71206283569336,110.90447998046875,768.6513061523438
2026-08-12,117.63092041015625,57.71573257446289,167.79782104492188,188.63986206054688,84.52410888671875,185.38177490234375,52.33913803100586,60.669376373291016,43.52000045776367,44.1186408996582,109.90776824951172,770.5764770507812
2026-08-13,118.18968963623047,58.054534912109375,167.73805236816406,190.54763793945312,85.43809509277344,185.2919921875,52.07037353515625,60.69920349121094,43.718544006347656,44.74338150024414,112.18028259277344,775.9531860351562
2026-08-14,117.94023895263672,57.95488739013672,166.7318878173828,189.78851318359375,85.52750396728516,186.01007080078125,52.299320220947266,61.5441780090332,43.986572265625,44.89213180541992,112.57896423339844,774.4169921875
2026-08-17,116.4934310913086,57.37693405151367,166.41311645507812,190.09815979003906,84.12671661376953,185.82058715820312,52.000694274902344,62.21022415161133,43.857521057128906,44.45580291748047,110.45596313476562,770.7560424804688
2026-08-18,116.10428619384766,57.636016845703125,169.0828857421875,185.40362548828125,85.02083587646484,183.0779571533203,51.54280090332031,63.3037223815918,43.69868850708008,44.25747299194336,110.11708068847656,765.5490112304688
2026-08-19,118.32938385009766,57.277286529541016,175.0102081298828,183.4259490966797,85.97456359863281,181.46229553222656,52.27941131591797,63.204315185546875,43.69868850708008,44.61446762084961,110.9543228149414,767.1549682617188
2026-08-20,116.423583984375,56.7491569519043,171.73275756835938,182.88658142089844,84.76253509521484,179.28814697265625,52.179866790771484,63.37330627441406,43.45051193237305,44.70371627807617,110.31642150878906,760.7109985351562
2026-08-21,117.76063537597656,57.277286529541016,173.95425415039062,183.09632873535156,85.42815399169922,179.76686096191406,53.29473876953125,63.26395797729492,42.45781326293945,44.70371627807617,111.0340576171875,763.8232421875
2026-08-24,118.04002380371094,58.014678955078125,174.03395080566406,179.8401336669922,86.87861633300781,178.52020263671875,53.334556579589844,62.737091064453125,42.9045295715332,44.951629638671875,111.95103454589844,761.5787963867188
2026-08-25,117.69078826904297,58.1043586730957,174.62168884277344,181.52816772460938,85.9546890258789,177.92181396484375,53.334556579589844,61.693294525146484,42.99386978149414,44.981380462646484,112.80821228027344,764.0127563476562
2026-08-26,116.90252685546875,58.054534912109375,172.87835693359375,182.6268768310547,85.70632934570312,179.8566131591797,53.42414093017578,62.06110763549805,43.19240951538086,44.71363067626953,112.24008178710938,764.182373046875
2026-08-27,115.62533569335938,57.67587661743164,170.92584228515625,188.39015197753906,84.52410888671875,178.32073974609375,52.98615646362305,61.92193603515625,42.86481857299805,44.2872200012207,111.04402923583984,769.18994140625
2026-08-28,116.9524154663086,57.89509963989258,170.5074462890625,185.4735565185547,84.89168548583984,176.66519165039062,52.93638610839844,62.30963134765625,42.4181022644043,44.10872268676758,112.61883544921875,767.4442749023438
2026-08-31,116.33377838134766,57.506473541259766,169.88980102539062,186.28260803222656,84.42475891113281,174.66058349609375,52.448631286621094,63.58206558227539,41.9217529296875,43.74181365966797,111.09386444091797,765.1499633789062
2026-09-01,114.33817291259766,56.99827575683594,171.0155029296875,183.4259490966797,84.6929931640625,172.2670135498047,51.83147048950195,64.38727569580078,42.24934387207031,43.67239761352539,110.51576232910156,759.89306640625
2026-09-02,114.60758209228516,57.45664978027344,172.29061889648438,183.38600158691406,84.97116088867188,172.31687927246094,52.70743942260742,64.71533203125,42.35853958129883,43.36498260498047,112.05070495605469,763.2646484375
2026-09-03,116.20406341552734,58.353477478027344,172.59942626953125,185.75323486328125,84.70292663574219,174.09210205078125,52.37895202636719,64.23816680908203,42.715911865234375,43.88064193725586,113.00755310058594,771.2548217773438
2026-09-04,114.65747833251953,57.89509963989258,170.7963409423828,187.06170654296875,84.02737426757812,174.80020141601562,52.19977569580078,63.68147277832031,42.76554870605469,43.563316345214844,111.6619873046875,768.2822265625
2026-09-08,113.73949432373047,57.09791946411133,166.49281311035156,187.6510009765625,83.47102355957031,173.95248413085938,51.702064514160156,64.38727569580078,43.13284683227539,43.533565521240234,111.1536636352539,764.0626831054688
2026-09-09,112.21285247802734,56.858768463134766,165.9449005126953,187.6510009765625,82.50736999511719,171.32952880859375,51.15458679199219,64.92408752441406,42.62656784057617,43.04765319824219,110.46593475341797,760.5115356445312
2026-09-10,111.71395111083984,56.669437408447266,165.02841186523438,185.0041046142578,82.54710388183594,170.0928497314453,50.527469635009766,64.54633331298828,42.20963668823242,42.69065856933594,111.13372802734375,755.9528198242188
2026-09-11,112.71175384521484,57.048095703125,164.72955322265625,187.4512481689453,82.83521270751953,171.90797424316406,50.71660232543945,64.75509643554688,42.08058547973633,43.05757141113281,112.23011779785156,762.3967895507812
2026-09-14,112.60199737548828,56.82887268066406,167.11044311523438,184.06520080566406,83.86841583251953,169.47450256347656,50.25871276855469,64.14869689941406,41.51474380493164,42.760074615478516,114.69200134277344,758.9952392578125
2026-09-15,110.63632202148438,56.649505615234375,167.0207977294922,183.5258331298828,83.18292999267578,168.3974151611328,50.49760818481445,65.5404281616211,41.018394470214844,42.71049118041992,113.6554183959961,755.513916015625
2026-09-16,109.9378662109375,55.73275375366211,167.13037109375,183.71559143066406,82.78553771972656,168.25779724121094,50.12930679321289,63.65165328979492,41.018394470214844,42.45266342163086,112.62879943847656,752.1821899414062
2026-09-17,111.14520263671875,55.68292999267578,168.16639709472656,187.84078979492188,82.94448852539062,168.55697631835938,50.477699279785156,64.0989990234375,41.38569259643555,42.58157730102539,111.9809341430664,760.7109985351562
2026-09-18,110.78599548339844,55.66299819946289,167.7480010986328,189.37899780273438,82.25900268554688,169.2949981689453,49.76100158691406,63.929996490478516,40.79999923706055,42.17499923706055,110.44599151611328,761.6900024414062
2026-09-21,112.2300033569336,55.900001525878906,169.00999450683594,194.85000610351562,81.91999816894531,169.97999572753906,49.709999084472656,62.459999084472656,40.65999984741211,42.59000015258789,114.75,773.5
2026-09-22,112.33000183105469,54.79999923706055,169.88999938964844,196.27000427246094,82.7300033569336,170.27000427246094,50.529998779296875,61.779998779296875,40.529998779296875,42.5,113.52999877929688,773.3800048828125
2026-09-23,110.6500015258789,54.540000915527344,168.8000030517578,195.33999633789062,82.43000030517578,170.10000610351562,50.279998779296875,62.369998931884766,39.75,41.84000015258789,112.55999755859375,767.8099975585938
2026-09-24,110.31999969482422,54.529998779296875,169.8699951171875,194.7100067138672,81.69999694824219,168.8300018310547,49.68000030517578,62.599998474121094,39.36000061035156,41.650001525878906,113.98999786376953,767.1799926757812
2026-09-25,110.55999755859375,54.84000015258789,170.6999969482422,196.27000427246094,82.05999755859375,170.42999267578125,49.79999923706055,62.040000915527344,39.5099983215332,41.560001373291016,112.95999908447266,771.3499755859375
2026-09-28,109.0,54.189998626708984,171.25999450683594,194.52999877929688,82.27999877929688,168.77999877929688,49.470001220703125,62.099998474121094,39.25,41.349998474121094,111.18000030517578,765.6099853515625
2026-09-29,109.1500015258789,54.0099983215332,170.72999572753906,194.5,81.8499984741211,169.1300048828125,49.099998474121094,61.540000915527344,39.709999084472656,41.34000015258789,111.47000122070312,764.2000122070312
2026-09-30,108.83999633789062,53.400001525878906,168.4199981689453,195.75,80.5999984741211,166.97999572753906,48.70000076293945,61.5,39.439998626708984,40.90999984741211,110.97000122070312,762.6300048828125
2026-10-01,108.80999755859375,53.459999084472656,166.1999969482422,197.80999755859375,80.33000183105469,168.63999938964844,48.540000915527344,62.70000076293945,39.68000030517578,40.68000030517578,109.94000244140625,763.989990234375
2026-10-02,110.04000091552734,53.4900016784668,166.17999267578125,199.80999755859375,80.52999877929688,169.9499969482422,48.86000061035156,62.81999969482422,39.83000183105469,40.810001373291016,110.31999969482422,769.6400146484375
2026-10-05,110.41999816894531,53.880001068115234,167.3699951171875,200.92999267578125,81.04000091552734,170.10000610351562,49.5,63.45000076293945,39.970001220703125,40.66999816894531,111.61000061035156,774.8300170898438
2026-10-06,111.72000122070312,54.0099983215332,167.08999633789062,202.0,81.80000305175781,171.5800018310547,49.72999954223633,63.75,41.15999984741211,41.099998474121094,111.6500015258789,779.0900268554688
2026-10-07,111.36000061035156,53.75,168.80999755859375,201.38999938964844,81.69999694824219,167.83999633789062,48.97999954223633,63.36000061035156,41.150001525878906,40.56999969482422,111.26000213623047,777.219970703125
2026-10-08,111.70999908447266,54.22999954223633,168.16000366210938,197.77999877929688,83.41999816894531,168.39999389648438,49.27000045776367,65.23999786376953,41.06999969482422,40.849998474121094,112.06999969482422,773.9299926757812
