Date,TICKER,BUY TRADE,SELL TRADE,PREV. CLOSE,TREND,INDEX,AAPL_Open,AAPL_High,AAPL_Low,AAPL_Close,VIX_Close,NEEDS_MANUAL_UPDATE
01/03/2017,AAPL,114.45,117.68,115.82,BULLISH,AAPL  Apple Inc.,26.62,26.74,26.38,26.7,12.85,
01/04/2017,AAPL,115.05,117.68,116.15,BULLISH,AAPL  Apple Inc.,26.63,26.78,26.61,26.67,11.85,
01/05/2017,AAPL,114.65,117.52,116.02,BULLISH,AAPL  Apple Inc.,26.65,26.86,26.62,26.8,11.67,
01/06/2017,AAPL,115.0,117.69,116.61,BULLISH,AAPL  Apple Inc.,26.84,27.16,26.77,27.1,11.32,
01/09/2017,AAPL,115.12,118.33,117.91,BULLISH,AAPL  Apple Inc.,27.11,27.45,27.11,27.35,11.56,
01/10/2017,AAPL,115.4,119.32,118.99,BULLISH,AAPL  Apple Inc.,27.3,27.44,27.19,27.38,11.49,
01/11/2017,AAPL,115.68,119.49,119.11,BULLISH,AAPL  Apple Inc.,27.29,27.57,27.26,27.53,11.26,
01/12/2017,AAPL,115.88,120.4,119.75,BULLISH,AAPL  Apple Inc.,27.33,27.42,27.17,27.41,11.54,
01/13/2017,AAPL,115.99,120.63,119.25,BULLISH,AAPL  Apple Inc.,27.38,27.5,27.31,27.36,11.23,
01/17/2017,AAPL,115.34,120.85,119.04,BULLISH,AAPL  Apple Inc.,27.2,27.64,27.17,27.58,11.87,
01/18/2017,AAPL,115.99,121.23,120.0,BULLISH,AAPL  Apple Inc.,27.58,27.7,27.52,27.58,12.48,
01/19/2017,AAPL,116.51,121.02,119.99,BULLISH,AAPL  Apple Inc.,27.45,27.6,27.44,27.53,12.78,
01/20/2017,AAPL,117.06,120.8,119.78,BULLISH,AAPL  Apple Inc.,27.69,27.69,27.52,27.58,11.54,
01/23/2017,AAPL,117.26,120.58,120.0,BULLISH,AAPL  Apple Inc.,27.58,27.77,27.53,27.6,11.77,
01/24/2017,AAPL,117.99,120.68,120.08,BULLISH,AAPL  Apple Inc.,27.48,27.61,27.47,27.58,11.07,
01/25/2017,AAPL,118.9,120.68,119.97,BULLISH,AAPL  Apple Inc.,27.68,28.07,27.65,28.02,10.81,
01/26/2017,AAPL,118.91,122.48,121.88,BULLISH,AAPL  Apple Inc.,27.97,28.14,27.95,28.03,10.63,
01/27/2017,AAPL,118.5,122.37,121.94,BULLISH,AAPL  Apple Inc.,28.08,28.12,27.95,28.03,10.58,
01/30/2017,AAPL,118.59,122.57,121.95,BULLISH,AAPL  Apple Inc.,27.8,27.96,27.73,27.96,11.88,
01/31/2017,AAPL,118.62,122.7,121.63,BULLISH,AAPL  Apple Inc.,27.85,27.9,27.73,27.89,11.99,
02/01/2017,AAPL,119.23,124.77,121.35,BULLISH,AAPL  Apple Inc.,29.2,29.99,29.19,29.59,11.81,
02/02/2017,AAPL,121.98,129.45,128.75,BULLISH,AAPL  Apple Inc.,29.42,29.74,29.37,29.54,11.93,
02/03/2017,AAPL,122.91,129.3,128.53,BULLISH,AAPL  Apple Inc.,29.49,29.7,29.46,29.67,10.97,
02/06/2017,AAPL,123.8,130.95,129.08,BULLISH,AAPL  Apple Inc.,29.68,30.0,29.63,29.95,11.37,
02/07/2017,AAPL,125.0,132.44,130.29,BULLISH,AAPL  Apple Inc.,30.01,30.36,29.99,30.23,11.29,
02/08/2017,AAPL,126.02,134.1,131.53,BULLISH,AAPL  Apple Inc.,30.19,30.39,30.16,30.35,11.45,
02/09/2017,AAPL,126.29,134.8,131.47,BULLISH,AAPL  Apple Inc.,30.39,30.58,30.27,30.57,10.88,
02/10/2017,AAPL,127.81,135.97,132.42,BULLISH,AAPL  Apple Inc.,30.58,30.69,30.48,30.5,10.85,
02/13/2017,AAPL,129.04,135.82,132.12,BULLISH,AAPL  Apple Inc.,30.72,30.89,30.65,30.77,11.07,
02/14/2017,AAPL,130.02,134.36,133.29,BULLISH,AAPL  Apple Inc.,30.81,31.19,30.76,31.17,10.74,
02/15/2017,AAPL,131.08,135.85,135.02,BULLISH,AAPL  Apple Inc.,31.29,31.46,31.08,31.28,11.97,
02/16/2017,AAPL,132.0,136.63,135.51,BULLISH,AAPL  Apple Inc.,31.32,31.37,31.13,31.25,11.76,
02/17/2017,AAPL,129.98,136.67,135.35,BULLISH,AAPL  Apple Inc.,31.19,31.36,31.19,31.33,11.49,
02/21/2017,AAPL,130.01,137.29,135.72,BULLISH,AAPL  Apple Inc.,31.45,31.57,31.39,31.56,11.57,
02/22/2017,AAPL,130.75,137.81,136.7,BULLISH,AAPL  Apple Inc.,31.5,31.66,31.42,31.65,11.74,
02/23/2017,AAPL,131.52,138.29,137.11,BULLISH,AAPL  Apple Inc.,31.72,31.74,31.47,31.52,11.71,
02/24/2017,AAPL,132.09,138.43,136.53,BULLISH,AAPL  Apple Inc.,31.38,31.55,31.23,31.55,11.47,
02/27/2017,AAPL,133.1,138.43,136.66,BULLISH,AAPL  Apple Inc.,31.66,31.73,31.46,31.61,12.09,
02/28/2017,AAPL,133.73,138.02,136.93,BULLISH,AAPL  Apple Inc.,31.65,31.73,31.56,31.63,12.92,
03/01/2017,AAPL,134.11,138.03,136.99,BULLISH,AAPL  Apple Inc.,31.83,32.35,31.77,32.27,12.54,
03/02/2017,AAPL,134.5,140.22,139.79,BULLISH,AAPL  Apple Inc.,32.32,32.38,32.03,32.08,11.81,
03/03/2017,AAPL,134.8,140.2,138.96,BULLISH,AAPL  Apple Inc.,32.04,32.28,31.99,32.27,10.96,
03/06/2017,AAPL,135.22,140.51,139.78,BULLISH,AAPL  Apple Inc.,32.17,32.27,32.0,32.17,11.24,
03/07/2017,AAPL,135.24,140.61,139.34,BULLISH,AAPL  Apple Inc.,32.1,32.32,32.04,32.21,11.45,
03/08/2017,AAPL,135.64,141.01,139.52,BULLISH,AAPL  Apple Inc.,32.08,32.27,32.05,32.09,11.86,
03/09/2017,AAPL,136.1,141.0,139.0,BULLISH,AAPL  Apple Inc.,32.03,32.04,31.64,32.02,12.3,
03/10/2017,AAPL,136.41,140.9,138.68,BULLISH,AAPL  Apple Inc.,32.15,32.17,32.01,32.12,11.66,
03/13/2017,AAPL,137.02,140.92,139.14,BULLISH,AAPL  Apple Inc.,32.05,32.19,32.05,32.14,11.35,
03/14/2017,AAPL,138.06,140.22,139.2,BULLISH,AAPL  Apple Inc.,32.16,32.24,32.05,32.09,12.3,
03/15/2017,AAPL,138.16,140.21,138.99,BULLISH,AAPL  Apple Inc.,32.18,32.49,32.1,32.43,11.63,
03/16/2017,AAPL,138.2,140.96,140.46,BULLISH,AAPL  Apple Inc.,32.49,32.56,32.38,32.48,11.21,
03/17/2017,AAPL,138.26,140.94,140.69,BULLISH,AAPL  Apple Inc.,32.55,32.55,32.29,32.32,11.28,
03/20/2017,AAPL,138.18,140.9,139.99,BULLISH,AAPL  Apple Inc.,32.41,32.67,32.37,32.66,11.34,
03/21/2017,AAPL,139.07,142.54,141.46,BULLISH,AAPL  Apple Inc.,32.81,32.97,32.26,32.28,12.47,
03/22/2017,AAPL,138.0,142.51,139.84,BULLISH,AAPL  Apple Inc.,32.29,32.69,32.26,32.65,12.81,
03/23/2017,AAPL,138.06,142.21,141.42,BULLISH,AAPL  Apple Inc.,32.61,32.68,32.46,32.53,13.12,
03/24/2017,AAPL,138.25,142.91,140.92,BULLISH,AAPL  Apple Inc.,32.67,32.72,32.4,32.47,12.96,
03/27/2017,AAPL,138.25,142.0,140.64,BULLISH,AAPL  Apple Inc.,32.18,32.6,32.0,32.52,12.5,
03/28/2017,AAPL,139.05,142.03,140.88,BULLISH,AAPL  Apple Inc.,32.53,33.25,32.46,33.2,11.53,
03/29/2017,AAPL,139.15,144.13,143.8,BULLISH,AAPL  Apple Inc.,33.17,33.36,33.06,33.27,11.42,
03/30/2017,AAPL,139.25,144.73,144.12,BULLISH,AAPL  Apple Inc.,33.29,33.36,33.13,33.23,11.54,
03/31/2017,AAPL,139.18,144.99,143.93,BULLISH,AAPL  Apple Inc.,33.18,33.31,33.01,33.16,12.37,
04/03/2017,AAPL,139.21,145.45,143.66,BULLISH,AAPL  Apple Inc.,33.18,33.27,33.02,33.17,12.38,
04/04/2017,AAPL,139.81,145.66,143.7,BULLISH,AAPL  Apple Inc.,33.07,33.45,33.05,33.42,11.79,
04/05/2017,AAPL,139.97,146.4,144.77,BULLISH,AAPL  Apple Inc.,33.29,33.58,33.2,33.25,12.89,
04/06/2017,AAPL,140.46,146.29,144.02,BULLISH,AAPL  Apple Inc.,33.31,33.36,33.12,33.16,12.39,
04/07/2017,AAPL,141.47,145.99,143.66,BULLISH,AAPL  Apple Inc.,33.18,33.28,33.07,33.09,12.87,
04/10/2017,AAPL,142.25,145.09,143.34,BULLISH,AAPL  Apple Inc.,33.15,33.22,32.99,33.05,14.05,
04/11/2017,AAPL,142.23,145.01,143.17,BULLISH,AAPL  Apple Inc.,33.0,33.09,32.33,32.7,15.07,
04/12/2017,AAPL,141.2,145.01,141.63,BULLISH,AAPL  Apple Inc.,32.69,32.82,32.55,32.74,15.77,
04/13/2017,AAPL,141.03,145.11,141.8,BULLISH,AAPL  Apple Inc.,32.76,32.87,32.56,32.56,15.96,
04/17/2017,AAPL,140.06,145.26,141.05,BULLISH,AAPL  Apple Inc.,32.66,32.75,32.52,32.74,14.66,
04/18/2017,AAPL,140.21,145.3,141.83,BULLISH,AAPL  Apple Inc.,32.65,32.79,32.58,32.6,14.42,
04/19/2017,AAPL,140.18,145.03,141.2,BULLISH,AAPL  Apple Inc.,32.75,32.78,32.42,32.48,14.93,
04/20/2017,AAPL,140.01,144.3,140.68,BULLISH,AAPL  Apple Inc.,32.6,32.99,32.59,32.88,14.15,
04/21/2017,AAPL,140.18,143.94,142.44,BULLISH,AAPL  Apple Inc.,32.88,32.94,32.75,32.84,14.63,
04/24/2017,AAPL,140.24,143.99,142.27,BULLISH,AAPL  Apple Inc.,33.13,33.23,33.05,33.16,10.84,
04/25/2017,AAPL,140.25,144.5,143.64,BULLISH,AAPL  Apple Inc.,33.22,33.45,33.21,33.37,10.76,
04/26/2017,AAPL,142.1,144.92,144.53,BULLISH,AAPL  Apple Inc.,33.35,33.38,33.1,33.17,10.85,
04/27/2017,AAPL,139.45,144.99,143.68,BULLISH,AAPL  Apple Inc.,33.22,33.28,33.08,33.19,10.36,
04/28/2017,AAPL,140.21,145.34,143.79,BULLISH,AAPL  Apple Inc.,33.26,33.31,33.07,33.16,10.82,
05/01/2017,AAPL,140.41,145.43,143.65,BULLISH,AAPL  Apple Inc.,33.5,33.98,33.46,33.84,10.11,
05/02/2017,AAPL,141.39,147.55,146.58,BULLISH,AAPL  Apple Inc.,34.06,34.19,33.9,34.05,10.59,
05/03/2017,AAPL,140.9,147.55,147.51,BULLISH,AAPL  Apple Inc.,33.61,34.05,33.31,33.95,10.68,
05/04/2017,AAPL,142.33,148.03,147.06,BULLISH,AAPL  Apple Inc.,33.83,33.97,33.66,33.83,10.46,
05/05/2017,AAPL,143.3,148.45,146.53,BULLISH,AAPL  Apple Inc.,33.88,34.39,33.88,34.39,10.57,
05/08/2017,AAPL,145.21,149.79,148.96,BULLISH,AAPL  Apple Inc.,34.4,35.48,34.4,35.32,9.77,
05/09/2017,AAPL,146.85,153.43,153.01,BULLISH,AAPL  Apple Inc.,35.52,35.76,35.42,35.55,9.96,
05/10/2017,AAPL,147.8,154.89,153.99,BULLISH,AAPL  Apple Inc.,35.47,35.54,35.12,35.38,10.21,
05/11/2017,AAPL,148.44,155.26,152.63,BULLISH,AAPL  Apple Inc.,35.34,35.71,35.31,35.69,10.6,
05/12/2017,AAPL,150.06,157.79,153.95,BULLISH,AAPL  Apple Inc.,35.86,36.26,35.85,36.19,10.4,
05/15/2017,AAPL,150.77,157.89,156.1,BULLISH,AAPL  Apple Inc.,36.16,36.31,35.94,36.09,10.42,
05/16/2017,AAPL,151.5,158.8,155.7,BULLISH,AAPL  Apple Inc.,36.15,36.18,35.87,36.04,10.65,
05/17/2017,AAPL,152.55,159.0,155.47,BULLISH,AAPL  Apple Inc.,35.61,35.83,34.7,34.83,15.59,
05/18/2017,AAPL,148.25,158.02,150.25,BULLISH,AAPL  Apple Inc.,35.07,35.55,35.03,35.36,14.66,
05/19/2017,AAPL,149.99,157.9,152.54,BULLISH,AAPL  Apple Inc.,35.55,35.69,35.38,35.48,12.04,
05/22/2017,AAPL,150.23,157.4,153.06,BULLISH,AAPL  Apple Inc.,35.7,35.83,35.45,35.7,10.93,
05/23/2017,AAPL,150.13,157.36,153.99,BULLISH,AAPL  Apple Inc.,35.91,35.91,35.54,35.65,10.72,
05/24/2017,AAPL,150.55,157.4,153.8,BULLISH,AAPL  Apple Inc.,35.66,35.74,35.39,35.55,10.02,
05/25/2017,AAPL,150.26,157.41,153.34,BULLISH,AAPL  Apple Inc.,35.64,35.78,35.47,35.67,9.99,
05/26/2017,,,,,,,35.7,35.75,35.54,35.61,9.81,YES
05/30/2017,AAPL,150.68,155.99,153.61,BULLISH,AAPL  Apple Inc.,35.56,35.8,35.54,35.62,10.38,
05/31/2017,AAPL,150.93,155.88,153.67,BULLISH,AAPL  Apple Inc.,35.69,35.74,35.32,35.41,10.41,
06/01/2017,AAPL,151.99,155.1,152.76,BULLISH,AAPL  Apple Inc.,35.51,35.54,35.29,35.51,9.89,
06/02/2017,AAPL,152.03,155.1,153.18,BULLISH,AAPL  Apple Inc.,35.6,36.03,35.44,36.03,9.75,
06/05/2017,AAPL,152.23,156.15,155.45,BULLISH,AAPL  Apple Inc.,35.78,35.8,35.57,35.68,10.07,
06/06/2017,AAPL,151.39,156.06,153.93,BULLISH,AAPL  Apple Inc.,35.68,36.12,35.65,35.8,10.45,
06/07/2017,AAPL,151.69,156.28,154.45,BULLISH,AAPL  Apple Inc.,35.94,36.16,35.81,36.02,10.39,
06/08/2017,AAPL,151.79,156.38,155.37,BULLISH,AAPL  Apple Inc.,35.99,36.06,35.79,35.93,10.16,
06/09/2017,AAPL,152.24,156.37,154.99,BULLISH,AAPL  Apple Inc.,35.97,35.97,33.85,34.53,10.7,
06/12/2017,AAPL,147.29,156.01,148.98,BULLISH,AAPL  Apple Inc.,33.78,33.86,33.04,33.71,11.46,
06/13/2017,AAPL,143.96,152.73,145.42,BULLISH,AAPL  Apple Inc.,34.11,34.18,33.65,33.98,10.42,
06/14/2017,AAPL,143.83,152.05,146.59,BULLISH,AAPL  Apple Inc.,34.19,34.19,33.34,33.65,10.64,
06/15/2017,AAPL,142.51,150.59,145.16,BULLISH,AAPL  Apple Inc.,33.22,33.49,32.97,33.45,10.9,
06/16/2017,AAPL,141.08,150.15,144.29,BULLISH,AAPL  Apple Inc.,33.33,33.5,32.96,32.98,10.38,
06/19/2017,AAPL,139.01,148.61,142.27,BEARISH,AAPL  Apple Inc.,33.3,34.02,33.3,33.92,10.37,
06/20/2017,AAPL,139.13,149.45,146.34,BULLISH,AAPL  Apple Inc.,34.05,34.05,33.6,33.61,10.86,
06/21/2017,AAPL,139.79,149.05,145.01,BULLISH,AAPL  Apple Inc.,33.73,33.86,33.52,33.81,10.75,
06/22/2017,AAPL,141.89,148.99,145.87,BULLISH,AAPL  Apple Inc.,33.79,34.01,33.64,33.76,10.48,
06/23/2017,AAPL,142.04,148.58,145.63,BULLISH,AAPL  Apple Inc.,33.64,34.11,33.64,33.91,10.02,
06/26/2017,AAPL,142.65,148.42,146.28,BULLISH,AAPL  Apple Inc.,34.12,34.37,33.7,33.8,9.9,
06/27/2017,AAPL,142.69,148.24,145.82,BULLISH,AAPL  Apple Inc.,33.61,33.88,33.29,33.32,11.06,
06/28/2017,AAPL,142.06,147.9,143.73,BULLISH,AAPL  Apple Inc.,33.49,33.87,33.19,33.8,10.03,
06/29/2017,AAPL,142.54,147.85,145.83,BULLISH,AAPL  Apple Inc.,33.55,33.64,32.98,33.31,11.44,
06/30/2017,AAPL,142.65,147.8,143.68,BULLISH,AAPL  Apple Inc.,33.48,33.6,33.33,33.39,11.18,
07/03/2017,AAPL,142.45,147.81,144.02,BULLISH,AAPL  Apple Inc.,33.58,33.68,33.17,33.26,11.22,
07/05/2017,AAPL,142.25,146.96,143.5,BULLISH,AAPL  Apple Inc.,33.31,33.56,33.08,33.4,11.07,
07/06/2017,AAPL,142.25,146.96,144.09,BULLISH,AAPL  Apple Inc.,33.15,33.26,33.01,33.09,12.54,
07/07/2017,,,,,,,33.13,33.55,33.13,33.42,11.19,YES
07/10/2017,AAPL,142.26,146.3,144.18,NEUTRAL,AAPL  Apple Inc.,33.41,33.83,33.23,33.63,11.11,
07/11/2017,,,,,,,33.55,33.81,33.47,33.74,10.89,YES
07/12/2017,AAPL,142.2,146.77,145.38,BULLISH,AAPL  Apple Inc.,33.81,33.89,33.57,33.78,10.3,
07/13/2017,,,,,,,33.73,34.42,33.71,34.25,9.9,YES
07/14/2017,AAPL,142.93,148.54,147.77,BULLISH,AAPL  Apple Inc.,34.3,34.62,34.15,34.55,9.51,
07/17/2017,AAPL,144.38,149.72,149.04,BULLISH,AAPL  Apple Inc.,34.5,34.98,34.44,34.67,9.82,
07/18/2017,AAPL,144.51,150.48,149.56,BULLISH,AAPL  Apple Inc.,34.59,34.8,34.46,34.79,9.89,
07/19/2017,AAPL,144.74,151.6,150.08,BULLISH,AAPL  Apple Inc.,34.88,35.1,34.76,35.01,9.79,
07/20/2017,AAPL,144.81,152.45,151.02,BULLISH,AAPL  Apple Inc.,35.12,35.17,34.82,34.85,9.58,
07/21/2017,AAPL,144.93,152.85,150.34,BULLISH,AAPL  Apple Inc.,34.77,34.87,34.51,34.83,9.36,
07/24/2017,AAPL,145.16,152.74,150.27,BULLISH,AAPL  Apple Inc.,34.91,35.34,34.75,35.26,9.43,
07/25/2017,AAPL,146.0,154.07,152.09,BULLISH,AAPL  Apple Inc.,35.19,35.66,35.19,35.41,9.43,
07/26/2017,AAPL,147.07,153.99,152.74,BULLISH,AAPL  Apple Inc.,35.55,35.68,35.48,35.57,9.6,
07/27/2017,AAPL,148.06,154.38,153.46,BULLISH,AAPL  Apple Inc.,35.64,35.7,34.15,34.9,10.11,
07/28/2017,AAPL,148.41,153.74,150.56,BULLISH,AAPL  Apple Inc.,34.75,34.82,34.58,34.66,10.29,
07/31/2017,AAPL,148.39,153.6,149.5,BULLISH,AAPL  Apple Inc.,34.75,34.85,34.34,34.48,10.26,
08/01/2017,AAPL,147.9,153.96,148.73,BULLISH,AAPL  Apple Inc.,34.56,34.82,34.4,34.78,10.09,
08/02/2017,AAPL,147.81,157.95,150.05,BULLISH,AAPL  Apple Inc.,36.92,37.03,36.2,36.43,10.28,
08/03/2017,AAPL,151.6,157.99,157.14,BULLISH,AAPL  Apple Inc.,36.41,36.44,35.94,36.06,10.44,
08/04/2017,,,,,,,36.18,36.49,36.09,36.25,10.03,YES
08/07/2017,AAPL,152.98,158.84,156.39,BULLISH,AAPL  Apple Inc.,36.41,36.84,36.32,36.81,9.93,
08/08/2017,AAPL,153.46,160.65,158.81,BULLISH,AAPL  Apple Inc.,36.76,37.51,36.69,37.11,10.96,
08/09/2017,AAPL,154.02,162.38,160.08,BULLISH,AAPL  Apple Inc.,36.92,37.38,36.88,37.34,11.11,
08/10/2017,AAPL,154.55,163.5,160.43,BULLISH,AAPL  Apple Inc.,37.21,37.24,35.99,36.15,16.04,
08/11/2017,AAPL,151.98,163.11,155.32,BULLISH,AAPL  Apple Inc.,36.44,36.9,36.32,36.65,15.51,
08/14/2017,AAPL,152.08,163.12,157.48,BULLISH,AAPL  Apple Inc.,37.08,37.28,36.94,37.2,12.33,
08/15/2017,AAPL,153.18,162.42,159.85,BULLISH,AAPL  Apple Inc.,37.39,37.75,37.27,37.61,12.04,
08/16/2017,AAPL,153.63,162.84,161.6,BULLISH,AAPL  Apple Inc.,37.69,37.82,37.27,37.46,11.74,
08/17/2017,AAPL,154.58,162.94,160.95,BULLISH,AAPL  Apple Inc.,37.36,37.4,36.73,36.74,15.55,
08/18/2017,AAPL,154.23,162.85,157.86,BULLISH,AAPL  Apple Inc.,36.74,37.12,36.47,36.65,14.26,
08/21/2017,AAPL,154.66,162.86,157.5,BULLISH,AAPL  Apple Inc.,36.65,36.74,36.1,36.59,13.19,
08/22/2017,AAPL,154.7,162.84,157.21,BULLISH,AAPL  Apple Inc.,36.82,37.24,36.77,37.18,11.35,
08/23/2017,AAPL,155.01,162.54,159.78,BULLISH,AAPL  Apple Inc.,37.02,37.34,36.97,37.23,12.25,
08/24/2017,AAPL,156.12,162.34,159.98,BULLISH,AAPL  Apple Inc.,37.34,37.41,36.9,37.07,12.23,
08/25/2017,AAPL,156.25,162.31,159.27,BULLISH,AAPL  Apple Inc.,37.15,37.37,37.07,37.2,11.28,
08/28/2017,AAPL,156.49,162.23,159.86,BULLISH,AAPL  Apple Inc.,37.27,37.7,37.22,37.58,11.32,
08/29/2017,AAPL,156.31,162.19,161.47,BULLISH,AAPL  Apple Inc.,37.26,37.96,37.24,37.91,11.7,
08/30/2017,AAPL,156.98,163.36,162.91,BULLISH,AAPL  Apple Inc.,38.12,38.14,37.84,38.01,11.22,
08/31/2017,AAPL,156.98,164.26,163.35,BULLISH,AAPL  Apple Inc.,38.08,38.29,38.04,38.17,10.59,
09/01/2017,AAPL,157.83,165.16,164.0,BULLISH,AAPL  Apple Inc.,38.35,38.38,38.08,38.18,10.13,
09/05/2017,AAPL,158.27,165.44,164.05,BULLISH,AAPL  Apple Inc.,38.11,38.22,37.37,37.72,12.23,
09/06/2017,AAPL,158.43,165.46,162.08,BULLISH,AAPL  Apple Inc.,37.87,37.93,37.36,37.68,11.63,
09/07/2017,AAPL,158.67,165.4,161.91,BULLISH,AAPL  Apple Inc.,37.72,37.76,37.32,37.53,11.55,
09/08/2017,AAPL,158.4,165.03,161.26,BULLISH,AAPL  Apple Inc.,37.44,37.5,36.89,36.92,12.12,
09/11/2017,AAPL,158.38,165.26,158.63,BULLISH,AAPL  Apple Inc.,37.35,37.71,37.21,37.58,10.73,
09/12/2017,AAPL,158.48,165.86,161.5,BULLISH,AAPL  Apple Inc.,37.84,38.16,36.95,37.44,10.58,
09/13/2017,AAPL,158.23,165.29,160.86,BULLISH,AAPL  Apple Inc.,37.2,37.23,36.75,37.15,10.5,
09/14/2017,AAPL,158.01,165.0,159.65,BULLISH,AAPL  Apple Inc.,37.0,37.1,36.79,36.83,10.44,
09/15/2017,AAPL,157.39,164.24,158.28,BULLISH,AAPL  Apple Inc.,36.88,37.46,36.77,37.21,10.17,
09/18/2017,AAPL,157.71,164.0,159.88,BULLISH,AAPL  Apple Inc.,37.26,37.35,36.77,36.93,10.15,
09/19/2017,AAPL,157.4,162.99,158.67,BULLISH,AAPL  Apple Inc.,37.12,37.18,36.87,36.94,10.18,
09/20/2017,AAPL,157.29,162.15,158.73,BULLISH,AAPL  Apple Inc.,36.75,36.83,35.8,36.32,9.78,
09/21/2017,AAPL,155.5,162.1,156.07,BULLISH,AAPL  Apple Inc.,36.26,36.26,35.55,35.7,9.67,
09/22/2017,AAPL,153.11,163.25,153.39,BULLISH,AAPL  Apple Inc.,35.27,35.44,35.04,35.35,9.59,
09/25/2017,AAPL,151.5,163.2,151.89,BULLISH,AAPL  Apple Inc.,34.91,35.33,34.71,35.04,10.21,
09/26/2017,AAPL,149.65,163.0,150.55,BULLISH,AAPL  Apple Inc.,35.32,35.82,35.3,35.64,10.17,
09/27/2017,AAPL,149.22,162.2,153.14,BULLISH,AAPL  Apple Inc.,35.79,36.01,35.73,35.89,9.87,
09/28/2017,AAPL,148.9,161.5,154.23,BULLISH,AAPL  Apple Inc.,35.81,35.9,35.54,35.67,9.55,
09/29/2017,AAPL,148.99,161.01,153.28,NEUTRAL,AAPL  Apple Inc.,35.65,35.87,35.37,35.87,9.51,
10/02/2017,AAPL,148.38,159.39,154.12,NEUTRAL,AAPL  Apple Inc.,35.9,35.94,35.54,35.79,9.45,
10/03/2017,AAPL,150.28,157.99,153.81,NEUTRAL,AAPL  Apple Inc.,35.84,36.09,35.82,35.95,9.51,
10/04/2017,AAPL,150.75,156.9,154.48,NEUTRAL,AAPL  Apple Inc.,35.75,35.81,35.48,35.72,9.63,
10/05/2017,AAPL,150.74,156.3,153.48,NEUTRAL,AAPL  Apple Inc.,35.88,36.17,35.85,36.16,9.19,
10/06/2017,AAPL,150.94,157.13,155.39,NEUTRAL,AAPL  Apple Inc.,36.06,36.19,35.97,36.14,9.65,
10/09/2017,AAPL,151.6,156.67,155.3,NEUTRAL,AAPL  Apple Inc.,36.26,36.47,36.19,36.27,10.33,
10/10/2017,AAPL,152.0,156.67,155.84,NEUTRAL,AAPL  Apple Inc.,36.32,36.77,36.09,36.28,10.08,
10/11/2017,AAPL,152.55,156.93,155.9,BULLISH,AAPL  Apple Inc.,36.3,36.53,36.25,36.43,9.85,
10/12/2017,AAPL,152.98,157.3,156.55,BULLISH,AAPL  Apple Inc.,36.39,36.62,36.24,36.3,9.91,
10/13/2017,AAPL,153.11,157.37,156.0,BULLISH,AAPL  Apple Inc.,36.47,36.6,36.4,36.53,9.61,
10/16/2017,AAPL,153.91,157.95,156.99,BULLISH,AAPL  Apple Inc.,36.75,37.24,36.69,37.21,9.91,
10/17/2017,AAPL,154.24,160.68,159.88,BULLISH,AAPL  Apple Inc.,37.18,37.44,37.06,37.34,10.31,
10/18/2017,AAPL,154.31,161.1,160.47,BULLISH,AAPL  Apple Inc.,37.33,37.4,37.14,37.18,10.07,
10/19/2017,AAPL,154.34,161.11,159.76,BULLISH,AAPL  Apple Inc.,36.48,36.56,36.08,36.3,10.05,
10/20/2017,AAPL,153.4,161.29,155.98,BULLISH,AAPL  Apple Inc.,36.45,36.71,36.29,36.36,9.97,
10/23/2017,AAPL,153.9,161.2,156.25,BULLISH,AAPL  Apple Inc.,36.51,36.7,36.19,36.34,11.07,
10/24/2017,AAPL,153.7,161.23,156.17,BULLISH,AAPL  Apple Inc.,36.37,36.63,36.35,36.56,11.16,
10/25/2017,AAPL,154.21,161.14,157.1,BULLISH,AAPL  Apple Inc.,36.52,36.66,36.13,36.4,11.23,
10/26/2017,AAPL,154.2,161.21,156.41,BULLISH,AAPL  Apple Inc.,36.59,36.73,36.49,36.63,11.3,
10/27/2017,AAPL,154.29,161.33,157.41,BULLISH,AAPL  Apple Inc.,37.07,38.07,36.93,37.94,9.8,
10/30/2017,AAPL,158.07,163.73,163.05,BULLISH,AAPL  Apple Inc.,38.14,39.11,38.1,38.8,10.5,
10/31/2017,AAPL,158.76,167.97,166.72,BULLISH,AAPL  Apple Inc.,39.07,39.48,38.85,39.34,10.18,
11/01/2017,AAPL,159.8,170.42,169.04,BULLISH,AAPL  Apple Inc.,39.53,39.55,38.54,38.84,10.2,
11/02/2017,AAPL,159.27,171.34,166.89,BULLISH,AAPL  Apple Inc.,38.77,39.21,38.46,39.12,9.93,
11/03/2017,AAPL,162.22,173.93,168.11,BULLISH,AAPL  Apple Inc.,40.49,40.55,39.82,40.14,9.14,
11/06/2017,AAPL,164.0,175.39,172.5,BULLISH,AAPL  Apple Inc.,40.11,40.72,39.96,40.55,9.4,
11/07/2017,AAPL,165.04,177.59,174.25,BULLISH,AAPL  Apple Inc.,40.47,40.78,40.4,40.68,9.89,
11/08/2017,AAPL,167.0,178.75,174.81,BULLISH,AAPL  Apple Inc.,40.65,41.01,40.57,41.01,9.78,
11/09/2017,AAPL,168.04,178.79,176.24,BULLISH,AAPL  Apple Inc.,40.75,40.98,40.29,40.93,10.5,
11/10/2017,AAPL,169.14,178.45,175.25,BULLISH,AAPL  Apple Inc.,40.9,40.96,40.7,40.8,11.29,
11/13/2017,AAPL,170.94,178.82,174.67,BULLISH,AAPL  Apple Inc.,40.52,40.76,40.5,40.63,11.5,
11/14/2017,AAPL,171.75,178.9,173.97,BULLISH,AAPL  Apple Inc.,40.41,40.52,39.98,40.02,11.59,
11/15/2017,AAPL,168.4,178.01,171.34,BULLISH,AAPL  Apple Inc.,39.7,39.78,39.33,39.49,13.13,
11/16/2017,AAPL,167.03,177.8,169.08,BULLISH,AAPL  Apple Inc.,39.98,40.14,39.77,39.96,11.76,
11/17/2017,AAPL,168.9,177.45,171.1,BULLISH,AAPL  Apple Inc.,39.95,40.03,39.62,39.74,11.43,
11/20/2017,AAPL,168.07,177.3,170.15,BULLISH,AAPL  Apple Inc.,39.77,39.84,39.6,39.7,10.65,
11/21/2017,AAPL,168.67,177.2,169.98,BULLISH,AAPL  Apple Inc.,39.89,40.57,39.89,40.44,9.73,
11/22/2017,AAPL,167.95,177.0,173.14,BULLISH,AAPL  Apple Inc.,40.49,40.87,40.42,40.86,9.88,
11/24/2017,AAPL,167.91,176.88,174.96,BULLISH,AAPL  Apple Inc.,40.9,40.99,40.79,40.87,9.67,
11/27/2017,AAPL,168.49,176.89,174.97,BULLISH,AAPL  Apple Inc.,40.88,40.89,40.48,40.66,9.87,
11/28/2017,AAPL,168.7,176.43,174.09,BULLISH,AAPL  Apple Inc.,40.71,40.84,40.14,40.42,10.03,
11/29/2017,AAPL,169.21,176.6,173.07,BULLISH,AAPL  Apple Inc.,40.32,40.39,39.04,39.58,10.7,
11/30/2017,AAPL,168.11,176.54,169.48,BULLISH,AAPL  Apple Inc.,39.8,40.2,39.34,40.14,11.28,
12/01/2017,AAPL,168.07,176.55,171.85,BULLISH,AAPL  Apple Inc.,39.69,40.09,39.35,39.95,11.43,
12/04/2017,AAPL,168.46,176.56,171.05,BULLISH,AAPL  Apple Inc.,40.28,40.32,39.62,39.66,11.68,
12/05/2017,AAPL,168.28,176.41,169.8,BULLISH,AAPL  Apple Inc.,39.49,40.06,39.33,39.62,11.33,
12/06/2017,AAPL,167.65,176.33,169.64,BULLISH,AAPL  Apple Inc.,39.12,39.75,38.88,39.47,11.02,
12/07/2017,AAPL,167.22,175.99,169.01,BULLISH,AAPL  Apple Inc.,39.48,39.81,39.45,39.55,10.16,
12/08/2017,,,,,,,39.82,39.94,39.43,39.56,9.58,YES
12/11/2017,AAPL,167.36,173.66,169.37,BULLISH,AAPL  Apple Inc.,39.52,40.38,39.42,40.33,9.34,
12/12/2017,AAPL,167.4,173.6,172.67,BULLISH,AAPL  Apple Inc.,40.21,40.26,40.05,40.1,9.92,
12/13/2017,AAPL,167.46,173.22,171.7,BULLISH,AAPL  Apple Inc.,40.29,40.53,40.17,40.23,10.18,
12/14/2017,AAPL,167.8,173.98,172.27,BULLISH,AAPL  Apple Inc.,40.27,40.44,40.09,40.22,10.49,
12/15/2017,AAPL,167.73,173.81,172.22,BULLISH,AAPL  Apple Inc.,40.55,40.68,40.28,40.63,9.42,
12/18/2017,AAPL,167.83,174.95,173.97,BULLISH,AAPL  Apple Inc.,40.84,41.39,40.84,41.2,9.53,
12/19/2017,AAPL,167.91,177.45,176.42,BULLISH,AAPL  Apple Inc.,40.88,40.96,40.66,40.76,10.03,
12/20/2017,AAPL,168.0,177.01,174.54,BULLISH,AAPL  Apple Inc.,40.84,40.97,40.46,40.72,9.72,
12/21/2017,AAPL,169.03,177.02,174.35,BULLISH,AAPL  Apple Inc.,40.68,41.11,40.66,40.87,9.62,
12/22/2017,AAPL,170.11,177.12,175.01,BULLISH,AAPL  Apple Inc.,40.8,40.97,40.76,40.87,9.9,
12/26/2017,AAPL,170.48,177.13,175.01,BULLISH,AAPL  Apple Inc.,39.89,40.05,39.63,39.84,10.25,
12/27/2017,AAPL,170.08,177.22,170.57,BULLISH,AAPL  Apple Inc.,39.73,39.89,39.64,39.84,10.47,
12/28/2017,AAPL,169.7,177.22,170.6,BULLISH,AAPL  Apple Inc.,39.94,40.14,39.82,39.96,10.18,
12/29/2017,AAPL,169.3,177.41,171.08,BULLISH,AAPL  Apple Inc.,39.83,39.84,39.52,39.52,11.04,
01/02/2018,AAPL,167.1,177.46,169.23,BULLISH,AAPL  Apple Inc.,39.74,40.24,39.53,40.23,9.77,
01/03/2018,AAPL,168.09,177.36,172.26,BULLISH,AAPL  Apple Inc.,40.3,40.77,40.16,40.23,9.15,
01/04/2018,AAPL,168.18,176.34,172.23,BULLISH,AAPL  Apple Inc.,40.3,40.51,40.19,40.41,9.22,
01/05/2018,AAPL,168.28,175.97,173.03,BULLISH,AAPL  Apple Inc.,40.51,40.96,40.42,40.87,9.22,
01/08/2018,AAPL,168.3,176.36,175.0,BULLISH,AAPL  Apple Inc.,40.72,41.01,40.62,40.72,9.52,
01/09/2018,AAPL,168.68,176.16,174.35,BULLISH,AAPL  Apple Inc.,40.77,40.89,40.5,40.72,10.08,
01/10/2018,AAPL,168.92,176.19,174.33,BULLISH,AAPL  Apple Inc.,40.44,40.71,40.41,40.71,9.82,
01/11/2018,AAPL,169.4,176.5,174.29,BULLISH,AAPL  Apple Inc.,40.78,40.99,40.75,40.94,9.88,
01/12/2018,AAPL,169.86,177.11,175.28,BULLISH,AAPL  Apple Inc.,41.15,41.42,41.02,41.36,10.16,
01/16/2018,AAPL,171.12,178.13,177.09,BULLISH,AAPL  Apple Inc.,41.55,41.9,41.14,41.15,11.66,
01/17/2018,AAPL,171.54,178.03,176.19,BULLISH,AAPL  Apple Inc.,41.14,41.86,40.89,41.83,11.91,
01/18/2018,AAPL,171.99,179.93,179.1,BULLISH,AAPL  Apple Inc.,41.89,42.06,41.63,41.87,12.22,
01/19/2018,AAPL,173.08,179.99,179.26,BULLISH,AAPL  Apple Inc.,41.72,41.94,41.44,41.68,11.27,
01/22/2018,AAPL,174.3,180.69,178.46,BULLISH,AAPL  Apple Inc.,41.41,41.52,41.25,41.34,11.03,
01/23/2018,AAPL,174.4,180.69,177.0,BULLISH,AAPL  Apple Inc.,41.41,41.91,41.3,41.35,11.1,
01/24/2018,AAPL,174.04,180.45,177.04,BULLISH,AAPL  Apple Inc.,41.4,41.41,40.45,40.69,11.47,
01/25/2018,AAPL,173.68,180.35,174.22,BULLISH,AAPL  Apple Inc.,40.76,40.86,39.83,39.96,11.58,
01/26/2018,AAPL,171.04,181.38,171.11,BULLISH,AAPL  Apple Inc.,40.17,40.17,39.72,40.06,11.08,
01/29/2018,AAPL,170.2,181.51,171.51,BULLISH,AAPL  Apple Inc.,39.74,39.74,39.02,39.23,13.84,
01/30/2018,AAPL,166.8,173.84,167.96,NEUTRAL,AAPL  Apple Inc.,38.66,39.09,38.47,39.0,14.79,
01/31/2018,AAPL,165.05,173.27,166.97,BEARISH,AAPL  Apple Inc.,38.97,39.34,38.89,39.1,13.54,
02/01/2018,AAPL,164.01,173.02,167.43,BEARISH,AAPL  Apple Inc.,39.04,39.38,38.95,39.19,13.47,
02/02/2018,AAPL,163.09,177.86,167.78,NEUTRAL,AAPL  Apple Inc.,38.77,38.96,37.39,37.49,17.31,
02/05/2018,,,,,,,37.16,38.28,36.43,36.55,37.32,YES
02/06/2018,,,,,,,36.16,38.24,35.97,38.08,29.98,YES
02/07/2018,AAPL,156.04,170.01,163.03,BEARISH,AAPL  Apple Inc.,38.09,38.16,37.15,37.26,27.73,
02/08/2018,AAPL,155.11,168.19,159.54,BEARISH,AAPL  Apple Inc.,37.44,37.6,36.21,36.24,33.46,
02/09/2018,AAPL,151.99,167.18,154.52,BEARISH,AAPL  Apple Inc.,36.83,37.03,35.23,36.68,29.06,
02/12/2018,AAPL,151.6,166.77,156.41,BEARISH,AAPL  Apple Inc.,37.17,38.43,36.94,38.16,25.61,
02/13/2018,AAPL,151.55,166.92,162.71,BEARISH,AAPL  Apple Inc.,37.98,38.64,37.91,38.54,24.97,
02/14/2018,AAPL,152.03,168.21,164.34,BEARISH,AAPL  Apple Inc.,38.23,39.29,38.2,39.25,19.26,
02/15/2018,AAPL,152.13,168.64,167.37,BEARISH,AAPL  Apple Inc.,39.82,40.59,39.63,40.57,19.13,
02/16/2018,AAPL,150.47,173.25,172.99,BEARISH,AAPL  Apple Inc.,40.42,41.0,40.28,40.44,19.46,
02/20/2018,AAPL,151.38,175.74,172.43,BEARISH,AAPL  Apple Inc.,40.35,40.87,40.2,40.3,20.6,
02/21/2018,AAPL,151.3,176.07,171.85,BEARISH,AAPL  Apple Inc.,40.53,40.83,40.1,40.12,20.02,
02/22/2018,,,,,,,40.29,40.79,40.27,40.45,18.72,YES
02/23/2018,AAPL,156.11,178.92,172.5,NEUTRAL,AAPL  Apple Inc.,40.73,41.19,40.7,41.16,16.49,
02/26/2018,AAPL,160.98,178.2,175.5,NEUTRAL,AAPL  Apple Inc.,41.36,42.07,41.32,41.97,15.8,
02/27/2018,AAPL,167.8,179.97,178.97,BULLISH,AAPL  Apple Inc.,42.0,42.32,41.78,41.83,18.59,
02/28/2018,AAPL,166.8,180.43,178.39,BULLISH,AAPL  Apple Inc.,42.04,42.36,41.75,41.77,19.85,
03/01/2018,AAPL,168.04,180.65,178.12,BULLISH,AAPL  Apple Inc.,41.87,42.16,40.49,41.04,22.47,
03/02/2018,AAPL,168.54,180.67,175.0,BULLISH,AAPL  Apple Inc.,40.52,41.34,40.44,41.32,19.59,
03/05/2018,AAPL,169.75,180.8,176.21,BULLISH,AAPL  Apple Inc.,41.09,41.68,40.93,41.47,18.73,
03/06/2018,AAPL,170.17,180.99,176.82,BULLISH,AAPL  Apple Inc.,41.72,41.8,41.3,41.43,18.36,
03/07/2018,AAPL,172.08,180.39,176.67,BULLISH,AAPL  Apple Inc.,41.02,41.24,40.87,41.05,17.76,
03/08/2018,AAPL,171.09,179.99,175.03,BULLISH,AAPL  Apple Inc.,41.15,41.54,41.06,41.49,16.54,
03/09/2018,AAPL,172.62,179.94,176.94,BULLISH,AAPL  Apple Inc.,41.73,42.21,41.6,42.21,14.64,
03/12/2018,AAPL,173.24,180.65,179.98,BULLISH,AAPL  Apple Inc.,42.28,42.77,42.26,42.61,15.78,
03/13/2018,AAPL,173.19,181.72,181.72,BULLISH,AAPL  Apple Inc.,42.82,43.03,42.03,42.2,16.35,
03/14/2018,AAPL,173.1,181.99,179.97,BULLISH,AAPL  Apple Inc.,42.29,42.33,41.7,41.85,17.23,
03/15/2018,AAPL,173.36,182.19,178.44,BULLISH,AAPL  Apple Inc.,41.86,42.27,41.76,41.89,16.59,
03/16/2018,AAPL,173.99,182.29,178.65,BULLISH,AAPL  Apple Inc.,41.89,42.01,41.65,41.75,15.8,
03/19/2018,AAPL,174.37,182.2,178.02,BULLISH,AAPL  Apple Inc.,41.58,41.62,40.72,41.11,19.02,
03/20/2018,AAPL,174.01,182.4,175.3,BULLISH,AAPL  Apple Inc.,41.1,41.46,41.02,41.1,18.2,
03/21/2018,AAPL,174.01,182.37,175.24,BULLISH,AAPL  Apple Inc.,41.05,41.06,40.16,40.16,17.86,
03/22/2018,AAPL,170.04,177.63,171.27,BULLISH,AAPL  Apple Inc.,39.87,40.49,39.54,39.6,23.34,
03/23/2018,AAPL,167.53,174.47,168.85,BEARISH,AAPL  Apple Inc.,39.49,39.85,38.68,38.68,24.87,
03/26/2018,AAPL,163.9,173.6,164.94,BEARISH,AAPL  Apple Inc.,39.41,40.59,39.03,40.52,21.03,
03/27/2018,AAPL,164.8,173.95,172.77,BEARISH,AAPL  Apple Inc.,40.73,41.07,39.14,39.48,22.5,
03/28/2018,AAPL,163.33,173.35,168.34,BEARISH,AAPL  Apple Inc.,39.22,39.87,38.74,39.04,22.87,
03/29/2018,AAPL,162.69,172.77,166.48,BEARISH,AAPL  Apple Inc.,39.35,40.28,39.14,39.35,19.97,
04/02/2018,AAPL,163.01,172.41,167.78,BEARISH,AAPL  Apple Inc.,39.08,39.62,38.57,39.09,23.62,
04/03/2018,AAPL,162.08,172.0,166.68,BEARISH,AAPL  Apple Inc.,39.31,39.57,38.67,39.49,21.1,
04/04/2018,AAPL,162.84,172.01,168.39,BEARISH,AAPL  Apple Inc.,38.67,40.34,38.64,40.24,20.06,
04/05/2018,AAPL,163.08,173.27,171.61,BEARISH,AAPL  Apple Inc.,40.47,40.86,40.35,40.52,18.94,
04/06/2018,AAPL,163.24,174.29,172.8,BEARISH,AAPL  Apple Inc.,40.09,40.45,39.44,39.49,21.49,
04/09/2018,AAPL,163.34,174.3,168.38,BEARISH,AAPL  Apple Inc.,39.84,40.59,39.83,39.88,21.77,
04/10/2018,AAPL,164.11,174.21,170.05,BEARISH,AAPL  Apple Inc.,40.57,40.8,40.23,40.63,20.47,
04/11/2018,AAPL,164.12,174.61,173.25,BEARISH,AAPL  Apple Inc.,40.39,40.79,40.27,40.44,20.24,
04/12/2018,AAPL,164.89,174.87,172.44,BEARISH,AAPL  Apple Inc.,40.67,41.04,40.58,40.84,18.49,
04/13/2018,AAPL,164.9,175.85,174.14,BEARISH,AAPL  Apple Inc.,40.99,41.24,40.77,40.98,17.41,
04/16/2018,AAPL,167.23,176.28,174.73,NEUTRAL,AAPL  Apple Inc.,41.05,41.32,41.0,41.23,16.56,
04/17/2018,AAPL,168.11,177.25,175.82,BULLISH,AAPL  Apple Inc.,41.39,41.96,41.37,41.8,15.25,
04/18/2018,AAPL,168.12,178.96,178.24,BULLISH,AAPL  Apple Inc.,41.7,41.93,41.48,41.7,15.6,
04/19/2018,AAPL,171.27,180.16,177.84,BULLISH,AAPL  Apple Inc.,40.75,41.13,40.49,40.52,15.96,
04/20/2018,AAPL,169.04,179.43,172.8,NEUTRAL,AAPL  Apple Inc.,40.01,40.15,38.79,38.86,16.88,
04/23/2018,AAPL,164.02,173.88,165.72,BEARISH,AAPL  Apple Inc.,39.12,39.14,38.48,38.75,16.34,
04/24/2018,AAPL,164.03,172.02,165.24,BEARISH,AAPL  Apple Inc.,38.85,39.01,37.81,38.21,18.02,
04/25/2018,AAPL,161.01,170.82,162.94,BEARISH,AAPL  Apple Inc.,38.14,38.79,38.09,38.38,17.84,
04/26/2018,AAPL,158.77,170.82,163.65,BEARISH,AAPL  Apple Inc.,38.49,38.87,38.31,38.51,16.24,
04/27/2018,AAPL,157.02,169.6,164.22,BEARISH,AAPL  Apple Inc.,38.46,38.54,37.67,38.07,15.41,
04/30/2018,AAPL,156.0,169.58,162.32,BEARISH,AAPL  Apple Inc.,38.02,39.22,37.95,38.75,15.93,
05/01/2018,AAPL,156.01,176.55,165.26,BEARISH,AAPL  Apple Inc.,39.02,39.68,38.76,39.66,15.49,
05/02/2018,AAPL,159.05,176.52,169.1,NEUTRAL,AAPL  Apple Inc.,41.09,41.68,40.76,41.41,15.97,
05/03/2018,AAPL,157.74,177.39,176.57,NEUTRAL,AAPL  Apple Inc.,41.25,41.63,40.91,41.48,15.9,
05/04/2018,AAPL,157.54,178.22,176.89,NEUTRAL,AAPL  Apple Inc.,41.8,43.21,41.78,43.11,14.77,
05/07/2018,AAPL,156.75,185.1,183.83,BULLISH,AAPL  Apple Inc.,43.43,44.01,43.33,43.42,14.75,
05/08/2018,AAPL,172.38,188.71,185.16,BULLISH,AAPL  Apple Inc.,43.38,43.67,43.07,43.63,14.71,
05/09/2018,AAPL,171.61,191.17,186.05,BULLISH,AAPL  Apple Inc.,43.75,43.95,43.44,43.94,13.42,
05/10/2018,AAPL,171.89,193.29,187.36,BULLISH,AAPL  Apple Inc.,44.03,44.64,44.01,44.57,13.23,
05/11/2018,AAPL,174.8,194.12,189.31,BULLISH,AAPL  Apple Inc.,44.61,44.74,44.13,44.4,12.65,
05/14/2018,AAPL,172.19,195.2,188.59,BULLISH,AAPL  Apple Inc.,44.5,44.62,44.22,44.29,12.93,
05/15/2018,AAPL,174.75,193.77,188.15,BULLISH,AAPL  Apple Inc.,43.97,44.04,43.57,43.89,14.63,
05/16/2018,AAPL,177.37,192.88,186.44,BULLISH,AAPL  Apple Inc.,43.8,44.37,43.79,44.3,13.42,
05/17/2018,AAPL,178.15,191.4,188.18,BULLISH,AAPL  Apple Inc.,44.26,44.47,43.87,44.02,13.43,
05/18/2018,AAPL,178.77,190.21,186.99,BULLISH,AAPL  Apple Inc.,44.07,44.21,43.82,43.86,13.42,
05/21/2018,AAPL,179.32,190.11,186.31,BULLISH,AAPL  Apple Inc.,44.26,44.56,44.0,44.17,13.08,
05/22/2018,AAPL,179.8,190.01,187.63,BULLISH,AAPL  Apple Inc.,44.35,44.46,43.97,44.06,13.22,
05/23/2018,AAPL,180.52,189.74,187.16,BULLISH,AAPL  Apple Inc.,43.87,44.38,43.73,44.34,12.58,
05/24/2018,AAPL,180.99,189.95,188.36,BULLISH,AAPL  Apple Inc.,44.44,44.46,43.84,44.29,12.53,
05/25/2018,AAPL,181.41,189.05,188.15,BULLISH,AAPL  Apple Inc.,44.31,44.65,44.18,44.39,13.22,
05/29/2018,AAPL,182.12,189.15,188.58,BULLISH,AAPL  Apple Inc.,44.16,44.43,43.99,44.23,17.02,
05/30/2018,AAPL,182.44,189.12,187.9,BULLISH,AAPL  Apple Inc.,44.19,44.26,43.97,44.14,14.94,
05/31/2018,AAPL,182.68,188.99,187.5,BULLISH,AAPL  Apple Inc.,44.07,44.31,43.82,43.99,15.43,
06/01/2018,AAPL,183.68,188.98,186.87,BULLISH,AAPL  Apple Inc.,44.26,44.79,44.2,44.78,13.46,
06/04/2018,AAPL,183.69,190.91,190.24,BULLISH,AAPL  Apple Inc.,45.11,45.53,45.05,45.16,12.74,
06/05/2018,AAPL,185.02,191.93,191.83,BULLISH,AAPL  Apple Inc.,45.45,45.66,45.28,45.51,12.4,
06/06/2018,AAPL,185.12,193.85,193.31,BULLISH,AAPL  Apple Inc.,45.58,45.69,45.18,45.67,11.64,
06/07/2018,AAPL,185.59,194.81,193.98,BULLISH,AAPL  Apple Inc.,45.7,45.72,45.28,45.54,12.13,
06/08/2018,AAPL,185.12,195.7,193.46,BULLISH,AAPL  Apple Inc.,45.0,45.2,44.67,45.13,12.18,
06/11/2018,AAPL,185.07,195.99,191.7,BULLISH,AAPL  Apple Inc.,45.05,45.19,44.78,45.02,12.35,
06/12/2018,AAPL,186.25,195.91,191.23,BULLISH,AAPL  Apple Inc.,45.06,45.34,45.0,45.27,12.34,
06/13/2018,AAPL,187.6,195.95,192.28,BULLISH,AAPL  Apple Inc.,45.3,45.41,44.83,44.89,12.94,
06/14/2018,AAPL,187.44,194.61,190.7,BULLISH,AAPL  Apple Inc.,45.09,45.1,44.78,44.92,12.12,
06/15/2018,AAPL,187.68,194.5,190.8,BULLISH,AAPL  Apple Inc.,44.74,44.77,44.32,44.46,11.98,
06/18/2018,AAPL,187.07,194.8,188.84,BULLISH,AAPL  Apple Inc.,44.23,44.54,44.07,44.43,12.31,
06/19/2018,AAPL,187.03,194.72,188.74,BULLISH,AAPL  Apple Inc.,43.58,43.86,43.19,43.71,13.35,
06/20/2018,AAPL,185.02,194.7,185.69,BULLISH,AAPL  Apple Inc.,43.87,44.07,43.72,43.9,12.79,
06/21/2018,AAPL,185.03,193.98,186.5,BULLISH,AAPL  Apple Inc.,44.08,44.34,43.54,43.66,14.64,
06/22/2018,AAPL,184.03,193.81,185.46,BULLISH,AAPL  Apple Inc.,43.81,43.82,43.48,43.53,13.77,
06/25/2018,AAPL,183.01,193.3,184.92,BULLISH,AAPL  Apple Inc.,43.17,43.53,42.55,42.89,17.33,
06/26/2018,AAPL,181.46,192.43,182.17,BULLISH,AAPL  Apple Inc.,43.08,43.91,42.97,43.42,15.92,
06/27/2018,AAPL,180.82,191.49,184.43,BULLISH,AAPL  Apple Inc.,43.61,44.09,43.32,43.35,17.91,
06/28/2018,AAPL,180.8,190.09,184.16,BULLISH,AAPL  Apple Inc.,43.34,43.84,43.27,43.67,16.85,
06/29/2018,AAPL,181.03,188.95,185.5,NEUTRAL,AAPL  Apple Inc.,43.86,44.07,43.06,43.58,16.09,
07/02/2018,AAPL,181.12,187.8,185.11,NEUTRAL,AAPL  Apple Inc.,43.27,44.09,43.18,44.06,15.6,
07/03/2018,AAPL,181.27,187.96,187.18,BULLISH,AAPL  Apple Inc.,44.21,44.25,43.21,43.3,16.14,
07/05/2018,AAPL,181.77,187.54,183.92,BULLISH,AAPL  Apple Inc.,43.61,43.88,43.38,43.65,14.97,
07/06/2018,AAPL,181.33,187.52,185.4,BULLISH,AAPL  Apple Inc.,43.65,44.36,43.6,44.25,13.37,
07/09/2018,AAPL,181.92,188.45,187.97,BULLISH,AAPL  Apple Inc.,44.61,44.89,44.56,44.86,12.69,
07/10/2018,AAPL,181.92,191.48,190.58,BULLISH,AAPL  Apple Inc.,44.9,45.03,44.77,44.81,12.64,
07/11/2018,AAPL,181.95,191.41,190.35,BULLISH,AAPL  Apple Inc.,44.38,44.68,44.17,44.23,13.63,
07/12/2018,AAPL,182.01,191.51,187.88,BULLISH,AAPL  Apple Inc.,44.62,45.06,44.57,44.97,12.58,
07/13/2018,AAPL,182.31,192.77,191.03,BULLISH,AAPL  Apple Inc.,44.98,45.16,44.94,45.04,12.18,
07/16/2018,AAPL,182.69,193.55,191.33,BULLISH,AAPL  Apple Inc.,45.09,45.35,44.83,44.94,12.83,
07/17/2018,AAPL,182.7,193.92,190.91,BULLISH,AAPL  Apple Inc.,44.67,45.17,44.54,45.07,12.06,
07/18/2018,AAPL,182.71,193.9,191.45,BULLISH,AAPL  Apple Inc.,45.15,45.15,44.71,44.82,12.1,
07/19/2018,AAPL,183.22,193.01,190.4,BULLISH,AAPL  Apple Inc.,44.66,45.33,44.66,45.17,12.87,
07/20/2018,AAPL,183.5,193.11,191.88,BULLISH,AAPL  Apple Inc.,45.15,45.3,44.77,45.07,12.86,
07/23/2018,AAPL,183.7,193.09,191.44,BULLISH,AAPL  Apple Inc.,44.89,45.19,44.62,45.11,12.62,
07/24/2018,AAPL,183.6,193.25,191.61,BULLISH,AAPL  Apple Inc.,45.31,45.59,45.21,45.43,12.41,
07/25/2018,AAPL,186.19,193.92,193.0,BULLISH,AAPL  Apple Inc.,45.45,45.87,45.3,45.86,12.29,
07/26/2018,AAPL,187.49,195.35,194.82,BULLISH,AAPL  Apple Inc.,45.81,46.13,45.58,45.72,12.14,
07/27/2018,AAPL,189.06,195.34,194.21,BULLISH,AAPL  Apple Inc.,45.9,45.95,44.75,44.96,13.03,
07/30/2018,AAPL,189.08,195.03,190.98,BULLISH,AAPL  Apple Inc.,45.18,45.25,44.51,44.71,14.26,
07/31/2018,AAPL,188.08,195.19,189.91,BULLISH,AAPL  Apple Inc.,44.8,45.23,44.57,44.8,12.83,
08/01/2018,AAPL,190.01,198.19,190.29,BULLISH,AAPL  Apple Inc.,46.88,47.5,46.45,47.44,13.15,
08/02/2018,AAPL,190.93,202.83,201.5,BULLISH,AAPL  Apple Inc.,47.22,49.06,47.16,48.82,12.19,
08/03/2018,AAPL,194.96,208.93,207.39,BULLISH,AAPL  Apple Inc.,48.74,49.14,48.37,48.96,11.64,
08/06/2018,AAPL,196.78,210.25,207.99,BULLISH,AAPL  Apple Inc.,48.97,49.26,48.75,49.22,11.27,
08/07/2018,AAPL,198.47,213.76,209.07,BULLISH,AAPL  Apple Inc.,49.28,49.32,48.67,48.76,10.93,
08/08/2018,AAPL,199.98,215.67,207.11,BULLISH,AAPL  Apple Inc.,48.51,48.92,48.15,48.79,10.85,
08/09/2018,AAPL,201.02,217.28,207.25,BULLISH,AAPL  Apple Inc.,49.33,49.38,48.78,49.17,11.27,
08/10/2018,AAPL,202.56,217.2,208.15,BULLISH,AAPL  Apple Inc.,48.99,49.4,48.82,49.03,13.16,
08/13/2018,AAPL,197.1,215.99,207.53,BULLISH,AAPL  Apple Inc.,49.45,49.83,49.07,49.34,14.78,
08/14/2018,AAPL,202.3,211.45,208.87,BULLISH,AAPL  Apple Inc.,49.65,49.74,49.2,49.55,13.31,
08/15/2018,AAPL,204.55,210.89,209.75,BULLISH,AAPL  Apple Inc.,49.43,49.78,49.22,49.67,14.64,
08/16/2018,AAPL,205.09,210.95,210.24,BULLISH,AAPL  Apple Inc.,50.02,50.51,49.96,50.39,13.45,
08/17/2018,AAPL,204.65,213.59,213.32,BULLISH,AAPL  Apple Inc.,50.42,51.49,50.36,51.4,12.64,
08/20/2018,AAPL,203.11,218.62,217.58,BULLISH,AAPL  Apple Inc.,51.52,51.78,50.82,50.9,12.49,
08/21/2018,AAPL,203.7,218.0,215.46,BULLISH,AAPL  Apple Inc.,51.22,51.31,50.56,50.8,12.86,
08/22/2018,AAPL,204.8,218.85,215.04,BULLISH,AAPL  Apple Inc.,50.58,51.11,50.52,50.8,12.25,
08/23/2018,AAPL,204.45,219.26,215.05,,AAPL (BULLISH)  Apple Inc.,50.71,51.28,50.7,50.91,12.41,
08/24/2018,AAPL,205.3,219.31,215.49,,AAPL (BULLISH)  Apple Inc.,51.17,51.24,50.82,51.07,11.99,
08/27/2018,AAPL,206.13,219.33,216.16,,AAPL (BULLISH)  Apple Inc.,51.3,51.67,51.11,51.49,12.16,
08/28/2018,AAPL,209.8,219.98,217.94,,AAPL (BULLISH)  Apple Inc.,51.74,52.1,51.72,51.9,12.5,
08/29/2018,AAPL,211.59,219.99,219.7,,AAPL (BULLISH)  Apple Inc.,52.01,52.8,51.83,52.68,12.25,
08/30/2018,AAPL,212.02,223.45,222.98,,AAPL (BULLISH)  Apple Inc.,52.74,53.92,52.54,53.16,13.53,
08/31/2018,AAPL,212.08,226.21,225.03,,AAPL (BULLISH)  Apple Inc.,53.51,54.07,53.39,53.77,12.86,
09/04/2018,AAPL,212.29,229.31,227.63,,AAPL (BULLISH)  Apple Inc.,53.96,54.14,53.54,53.95,13.16,
09/05/2018,AAPL,212.51,230.98,228.36,,AAPL (BULLISH)  Apple Inc.,54.1,54.26,53.18,53.6,13.91,
09/06/2018,AAPL,213.55,231.97,226.87,,AAPL (BULLISH)  Apple Inc.,53.44,53.71,52.28,52.7,14.65,
09/07/2018,AAPL,214.22,231.52,223.1,,AAPL (BULLISH)  Apple Inc.,52.41,53.24,52.14,52.28,14.88,
09/10/2018,AAPL,214.42,230.58,221.3,,AAPL (BULLISH)  Apple Inc.,52.2,52.41,51.14,51.58,14.16,
09/11/2018,AAPL,214.88,230.48,218.33,,AAPL (BULLISH)  Apple Inc.,51.5,52.99,51.16,52.88,13.22,
09/12/2018,AAPL,215.22,230.62,223.85,,AAPL (BULLISH)  Apple Inc.,53.14,53.15,51.93,52.23,13.14,
09/13/2018,AAPL,215.99,230.38,221.07,,AAPL (BULLISH)  Apple Inc.,52.8,53.95,52.58,53.49,12.37,
09/14/2018,AAPL,216.7,230.75,226.41,,AAPL (BULLISH)  Apple Inc.,53.33,53.59,52.57,52.88,12.07,
09/17/2018,AAPL,217.05,230.68,223.84,,AAPL (BULLISH)  Apple Inc.,52.48,52.67,51.33,51.47,13.68,
09/18/2018,AAPL,216.23,228.7,217.88,,AAPL (BULLISH)  Apple Inc.,51.45,52.41,51.29,51.56,12.79,
09/19/2018,AAPL,215.22,227.4,218.24,,AAPL (BULLISH)  Apple Inc.,51.62,51.88,50.86,51.59,11.75,
09/20/2018,AAPL,215.08,226.98,218.37,,AAPL (BULLISH)  Apple Inc.,52.03,52.51,51.77,51.98,11.8,
09/21/2018,AAPL,215.0,226.97,220.03,,AAPL (BULLISH)  Apple Inc.,52.16,52.29,51.33,51.42,11.68,
09/24/2018,AAPL,214.6,226.88,217.66,,AAPL (BULLISH)  Apple Inc.,51.22,52.27,51.18,52.16,12.2,
09/25/2018,AAPL,214.65,226.31,220.79,,AAPL (BULLISH)  Apple Inc.,51.91,52.64,51.9,52.49,12.42,
09/26/2018,AAPL,214.68,226.43,222.19,,AAPL (BULLISH)  Apple Inc.,52.21,52.86,51.92,52.07,12.89,
09/27/2018,AAPL,215.05,224.2,220.42,,AAPL (BULLISH)  Apple Inc.,52.87,53.49,52.81,53.14,12.41,
09/28/2018,AAPL,215.25,225.47,224.95,,AAPL (BULLISH)  Apple Inc.,53.1,53.35,52.92,53.33,12.12,
10/01/2018,AAPL,215.4,226.77,225.74,,AAPL (BULLISH)  Apple Inc.,53.85,54.2,53.47,53.69,12.0,
10/02/2018,AAPL,215.41,228.47,227.26,,AAPL (BULLISH)  Apple Inc.,53.69,54.33,53.54,54.16,12.05,
10/03/2018,AAPL,215.99,230.8,229.28,,AAPL (BULLISH)  Apple Inc.,54.35,55.15,54.28,54.82,11.61,
10/04/2018,AAPL,215.94,234.23,232.07,,AAPL (BULLISH)  Apple Inc.,54.52,54.89,53.56,53.86,14.22,
10/05/2018,AAPL,216.66,233.22,227.99,,AAPL (BULLISH)  Apple Inc.,53.85,53.96,52.11,52.99,14.82,
10/08/2018,AAPL,218.26,232.88,224.29,,AAPL (BULLISH)  Apple Inc.,52.49,53.11,52.02,52.86,15.69,
10/09/2018,AAPL,218.45,232.85,223.77,,AAPL (BULLISH)  Apple Inc.,52.83,53.69,52.5,53.6,15.95,
10/10/2018,AAPL,220.95,231.98,226.87,,AAPL (BULLISH)  Apple Inc.,53.26,53.47,51.04,51.11,22.96,
10/11/2018,AAPL,213.72,225.98,216.36,,AAPL (BULLISH)  Apple Inc.,50.68,51.85,50.16,50.66,24.98,
10/12/2018,AAPL,211.69,224.9,214.45,,AAPL (BULLISH)  Apple Inc.,52.07,52.65,51.23,52.47,21.31,
10/15/2018,AAPL,213.07,235.01,222.11,,AAPL (BULLISH)  Apple Inc.,52.25,52.4,51.33,51.35,21.3,
10/16/2018,AAPL,210.54,222.91,217.36,,AAPL (BULLISH)  Apple Inc.,51.72,52.68,51.21,52.48,17.62,
10/17/2018,AAPL,210.83,230.89,222.15,,AAPL (BULLISH)  Apple Inc.,52.52,52.6,51.82,52.25,17.4,
10/18/2018,AAPL,211.0,229.01,221.19,,AAPL (BULLISH)  Apple Inc.,51.47,51.91,50.32,51.03,20.06,
10/19/2018,AAPL,211.01,227.98,216.02,,AAPL (BULLISH)  Apple Inc.,51.51,52.27,51.37,51.81,19.89,
10/22/2018,AAPL,211.04,227.0,219.31,,AAPL (BULLISH)  Apple Inc.,51.92,52.77,51.72,52.13,19.64,
10/23/2018,AAPL,211.41,225.27,220.65,,AAPL (BULLISH)  Apple Inc.,50.99,52.74,50.72,52.62,20.71,
10/24/2018,AAPL,211.78,225.26,222.73,,AAPL (BULLISH)  Apple Inc.,52.59,52.97,50.68,50.81,25.23,
10/25/2018,AAPL,211.76,225.98,215.09,,AAPL (BULLISH)  Apple Inc.,51.43,52.3,51.2,51.93,24.22,
10/26/2018,AAPL,211.06,225.9,219.8,,AAPL (BULLISH)  Apple Inc.,51.0,52.02,50.24,51.1,24.16,
10/29/2018,AAPL,210.96,224.8,216.3,,AAPL (BULLISH)  Apple Inc.,51.78,51.9,48.69,50.14,24.7,
10/30/2018,AAPL,210.73,224.67,212.24,,AAPL (BULLISH)  Apple Inc.,49.88,50.83,49.44,50.39,23.35,
10/31/2018,AAPL,210.02,224.14,213.3,,AAPL (BULLISH)  Apple Inc.,51.24,52.08,51.17,51.7,21.23,
11/01/2018,AAPL,209.91,225.26,218.86,,AAPL (BULLISH)  Apple Inc.,51.75,52.53,51.22,52.5,19.34,
11/02/2018,AAPL,209.99,226.29,222.22,,AAPL (BULLISH)  Apple Inc.,49.5,50.47,48.53,49.01,19.51,
11/05/2018,AAPL,206.02,218.4,207.48,,AAPL (BEARISH)  Apple Inc.,48.26,48.28,46.82,47.62,19.96,
11/06/2018,AAPL,195.08,212.04,201.59,,AAPL (BEARISH)  Apple Inc.,47.7,48.36,47.65,48.14,19.91,
11/07/2018,AAPL,196.13,212.08,203.77,,AAPL (BEARISH)  Apple Inc.,48.66,49.62,48.22,49.6,16.36,
11/08/2018,AAPL,197.2,215.12,209.22,,AAPL (BEARISH)  Apple Inc.,49.78,49.81,49.01,49.43,16.72,
11/09/2018,AAPL,197.21,214.65,208.49,,AAPL (BEARISH)  Apple Inc.,48.73,48.84,47.95,48.47,17.36,
11/12/2018,AAPL,195.52,213.82,204.47,,AAPL (BEARISH)  Apple Inc.,47.18,47.38,45.94,46.03,20.45,
11/13/2018,AAPL,190.6,207.46,194.17,,AAPL (BEARISH)  Apple Inc.,45.43,46.74,45.39,45.57,20.02,
11/14/2018,AAPL,188.06,204.55,192.23,,AAPL (BEARISH)  Apple Inc.,45.97,46.1,44.08,44.28,21.25,
11/15/2018,AAPL,184.81,201.68,186.8,,AAPL (BEARISH)  Apple Inc.,44.66,45.51,44.31,45.38,19.98,
11/16/2018,AAPL,183.66,199.97,191.41,,AAPL (BEARISH)  Apple Inc.,45.16,46.22,44.91,45.88,18.14,
11/19/2018,AAPL,182.46,199.15,193.53,,AAPL (BEARISH)  Apple Inc.,45.04,45.21,43.85,44.06,20.1,
11/20/2018,AAPL,178.45,197.24,185.86,,AAPL (BEARISH)  Apple Inc.,42.28,43.02,41.61,41.96,22.48,
11/21/2018,AAPL,173.75,192.86,176.98,,AAPL (BEARISH)  Apple Inc.,42.61,42.74,41.85,41.91,20.8,
11/23/2018,AAPL,171.76,190.14,176.78,,AAPL (BEARISH)  Apple Inc.,41.47,41.87,40.8,40.84,21.52,
11/26/2018,AAPL,169.01,186.14,172.29,,AAPL (BEARISH)  Apple Inc.,41.31,41.47,40.36,41.4,18.9,
11/27/2018,AAPL,167.08,185.39,174.62,,AAPL (BEARISH)  Apple Inc.,40.66,41.43,40.51,41.31,19.02,
11/28/2018,AAPL,166.02,182.39,174.24,,AAPL (BEARISH)  Apple Inc.,41.9,42.98,41.47,42.89,18.49,
11/29/2018,AAPL,165.06,185.01,180.94,,AAPL (BEARISH)  Apple Inc.,43.3,43.34,42.13,42.56,18.79,
11/30/2018,AAPL,165.83,185.11,179.55,,AAPL (BEARISH)  Apple Inc.,42.74,42.75,41.97,42.33,18.07,
12/03/2018,AAPL,168.06,185.96,178.58,,AAPL (BEARISH)  Apple Inc.,43.73,43.84,42.96,43.81,16.44,
12/04/2018,AAPL,169.42,185.66,184.82,,AAPL (BEARISH)  Apple Inc.,42.9,43.24,41.79,41.89,20.74,
12/06/2018,AAPL,169.37,185.04,176.69,,AAPL (BEARISH)  Apple Inc.,40.72,41.43,40.4,41.42,21.19,
12/07/2018,AAPL,169.03,185.0,174.72,,AAPL (BEARISH)  Apple Inc.,41.13,41.37,39.9,39.94,23.23,
12/10/2018,AAPL,167.1,185.8,168.49,,AAPL (BEARISH)  Apple Inc.,39.12,40.32,38.72,40.21,22.64,
12/11/2018,AAPL,166.36,186.38,169.6,,AAPL (BEARISH)  Apple Inc.,40.69,40.72,39.59,39.98,21.76,
12/12/2018,AAPL,163.73,185.71,168.63,,AAPL (BEARISH)  Apple Inc.,40.4,40.76,40.07,40.09,21.46,
12/13/2018,AAPL,163.06,184.64,169.1,,AAPL (BEARISH)  Apple Inc.,40.42,40.91,40.19,40.53,20.65,
12/14/2018,AAPL,162.65,183.67,170.95,,AAPL (BEARISH)  Apple Inc.,40.06,40.08,39.18,39.23,21.63,
12/17/2018,AAPL,160.09,182.28,165.48,,AAPL (BEARISH)  Apple Inc.,39.22,39.91,38.58,38.86,24.52,
12/18/2018,AAPL,160.1,177.42,163.94,,AAPL (BEARISH)  Apple Inc.,39.21,39.72,38.97,39.37,25.58,
12/19/2018,AAPL,160.7,176.45,166.07,,AAPL (BEARISH)  Apple Inc.,39.35,39.7,37.71,38.14,25.58,
12/20/2018,AAPL,160.2,173.41,160.89,,AAPL (BEARISH)  Apple Inc.,38.02,38.43,36.82,37.18,28.38,
12/21/2018,AAPL,155.08,173.21,156.83,,AAPL (BEARISH)  Apple Inc.,37.19,37.49,35.47,35.73,30.11,
12/24/2018,AAPL,149.37,173.12,150.73,,AAPL (BEARISH)  Apple Inc.,35.12,35.93,34.75,34.81,36.07,
12/26/2018,AAPL,144.68,162.1,146.83,,AAPL (BEARISH)  Apple Inc.,35.16,37.27,34.78,37.26,30.41,
12/27/2018,AAPL,145.06,169.96,157.17,,AAPL (BEARISH)  Apple Inc.,36.94,37.16,35.58,37.02,29.96,
12/28/2018,AAPL,145.21,170.03,156.15,,AAPL (BEARISH)  Apple Inc.,37.34,37.58,36.64,37.04,28.34,
12/31/2018,AAPL,145.17,168.65,156.23,,AAPL (BEARISH)  Apple Inc.,37.58,37.78,37.1,37.39,25.42,
01/02/2019,AAPL,145.19,167.12,157.74,BEARISH,AAPL (BEARISH)  Apple Inc.,36.72,37.66,36.56,37.44,23.22,
01/03/2019,AAPL,142.2,163.58,157.92,BEARISH,AAPL (BEARISH)  Apple Inc.,34.13,34.54,33.66,33.71,25.45,
01/04/2019,AAPL,140.85,154.53,142.19,BEARISH,AAPL (BEARISH)  Apple Inc.,34.26,35.22,34.09,35.15,21.38,
01/07/2019,AAPL,141.02,153.98,148.26,BEARISH,AAPL (BEARISH)  Apple Inc.,35.25,35.28,34.59,35.07,21.4,
01/08/2019,AAPL,140.16,153.27,147.93,BEARISH,AAPL (BEARISH)  Apple Inc.,35.46,35.99,35.21,35.74,20.47,
01/09/2019,AAPL,141.09,153.7,150.75,BEARISH,AAPL (BEARISH)  Apple Inc.,35.87,36.63,35.47,36.34,19.98,
01/10/2019,AAPL,141.99,155.13,153.31,BEARISH,AAPL (BEARISH)  Apple Inc.,36.15,36.5,35.76,36.46,19.5,
01/11/2019,AAPL,141.9,158.57,153.8,BEARISH,AAPL (BEARISH)  Apple Inc.,36.24,36.44,35.92,36.1,18.19,
01/14/2019,AAPL,141.94,158.6,152.29,BEARISH,AAPL (BEARISH)  Apple Inc.,35.76,35.86,35.37,35.56,19.07,
01/15/2019,AAPL,141.95,159.09,150.0,BEARISH,AAPL (BEARISH)  Apple Inc.,35.62,36.36,35.57,36.29,18.6,
01/16/2019,AAPL,142.03,157.33,153.07,BEARISH,AAPL (BEARISH)  Apple Inc.,36.29,36.95,36.27,36.73,19.04,
01/17/2019,AAPL,143.33,156.99,154.94,BEARISH,AAPL (BEARISH)  Apple Inc.,36.56,37.38,36.33,36.95,18.06,
01/18/2019,AAPL,145.05,158.16,155.86,BEARISH,AAPL (BEARISH)  Apple Inc.,37.34,37.43,36.98,37.18,17.8,
01/22/2019,AAPL,147.2,158.08,156.82,BEARISH,AAPL (BEARISH)  Apple Inc.,37.08,37.15,36.18,36.34,20.8,
01/23/2019,AAPL,148.22,157.9,153.3,BEARISH,AAPL (BEARISH)  Apple Inc.,36.54,36.78,35.96,36.49,19.52,
01/24/2019,AAPL,148.75,158.17,153.92,BEARISH,AAPL (BEARISH)  Apple Inc.,36.53,36.62,35.97,36.2,18.89,
01/25/2019,AAPL,148.71,158.67,152.7,BEARISH,AAPL (BEARISH)  Apple Inc.,36.86,37.49,36.58,37.4,17.42,
01/28/2019,AAPL,148.8,158.93,157.76,BEARISH,AAPL (BEARISH)  Apple Inc.,36.93,37.06,36.43,37.05,18.87,
01/29/2019,AAPL,149.54,158.99,156.3,BEARISH,AAPL (BEARISH)  Apple Inc.,37.04,37.49,36.53,36.67,19.13,
01/30/2019,AAPL,150.97,159.41,154.68,BEARISH,AAPL (BEARISH)  Apple Inc.,38.7,39.39,37.98,39.17,17.66,
01/31/2019,AAPL,150.5,166.71,165.25,BEARISH,AAPL (BEARISH)  Apple Inc.,39.38,40.06,39.01,39.46,16.57,
02/01/2019,AAPL,147.9,167.07,166.44,BEARISH,AAPL (BEARISH)  Apple Inc.,39.58,40.06,39.34,39.48,16.14,
02/04/2019,AAPL,147.4,169.09,166.52,BEARISH,AAPL (BEARISH)  Apple Inc.,39.69,40.69,39.66,40.6,15.73,
02/05/2019,AAPL,147.56,173.91,171.25,BEARISH,AAPL (BEARISH)  Apple Inc.,40.98,41.5,40.86,41.29,15.57,
02/06/2019,AAPL,147.65,177.33,174.18,BEARISH,AAPL (BEARISH)  Apple Inc.,41.4,41.62,40.98,41.31,15.38,
02/07/2019,AAPL,150.08,179.33,174.24,BEARISH,AAPL (BEARISH)  Apple Inc.,40.87,41.23,40.38,40.52,16.37,
02/08/2019,AAPL,151.55,179.3,170.21,BEARISH,AAPL (BEARISH)  Apple Inc.,40.23,40.63,40.1,40.57,15.72,
02/11/2019,AAPL,151.17,179.0,170.41,BEARISH,AAPL (BEARISH)  Apple Inc.,40.72,40.76,40.29,40.34,15.97,
02/12/2019,AAPL,159.11,175.56,169.43,BEARISH,AAPL (BEARISH)  Apple Inc.,40.5,40.71,40.4,40.69,15.43,
02/13/2019,AAPL,162.77,175.3,170.89,BEARISH,AAPL (BEARISH)  Apple Inc.,40.8,41.06,40.45,40.52,15.65,
02/14/2019,AAPL,163.8,174.96,170.18,BEARISH,AAPL (BEARISH)  Apple Inc.,40.4,40.77,40.33,40.66,16.22,
02/15/2019,AAPL,164.55,173.95,170.8,BEARISH,AAPL (BEARISH)  Apple Inc.,40.77,40.88,40.41,40.57,14.91,
02/19/2019,AAPL,164.9,173.85,170.42,BEARISH,AAPL (BEARISH)  Apple Inc.,40.4,40.82,40.35,40.69,14.88,
02/20/2019,AAPL,165.4,172.98,170.93,BEARISH,AAPL (BEARISH)  Apple Inc.,40.76,41.26,40.71,40.96,14.02,
02/21/2019,AAPL,165.88,172.87,172.03,BEARISH,AAPL (BEARISH)  Apple Inc.,40.9,41.04,40.54,40.73,14.46,
02/22/2019,AAPL,166.04,172.83,171.06,BEARISH,AAPL (BEARISH)  Apple Inc.,40.85,41.19,40.8,41.18,13.51,
02/25/2019,AAPL,166.02,173.55,172.97,BEARISH,AAPL (BEARISH)  Apple Inc.,41.46,41.87,41.41,41.48,14.85,
02/26/2019,AAPL,167.12,174.31,174.23,BEARISH,AAPL (BEARISH)  Apple Inc.,41.36,41.74,41.23,41.5,15.17,
02/27/2019,AAPL,167.75,174.99,174.33,BEARISH,AAPL (BEARISH)  Apple Inc.,41.24,41.66,41.12,41.63,14.7,
02/28/2019,AAPL,168.07,175.88,174.87,BEARISH,AAPL (BEARISH)  Apple Inc.,41.5,41.64,41.17,41.22,14.78,
03/01/2019,AAPL,168.12,175.85,173.15,BEARISH,AAPL (BEARISH)  Apple Inc.,41.49,41.7,41.16,41.66,13.57,
03/04/2019,AAPL,168.97,176.31,174.97,BEARISH,AAPL (BEARISH)  Apple Inc.,41.83,42.32,41.42,41.87,14.63,
03/05/2019,AAPL,169.55,176.71,175.85,BEARISH,AAPL (BEARISH)  Apple Inc.,41.89,41.9,41.55,41.79,14.74,
03/06/2019,AAPL,169.98,176.95,175.53,BEARISH,AAPL (BEARISH)  Apple Inc.,41.59,41.78,41.41,41.55,15.74,
03/07/2019,AAPL,170.31,176.42,174.52,BEARISH,AAPL (BEARISH)  Apple Inc.,41.39,41.53,40.95,41.07,16.59,
03/08/2019,AAPL,170.36,176.47,172.5,BEARISH,AAPL (BEARISH)  Apple Inc.,40.55,41.2,40.35,41.17,16.05,
03/11/2019,AAPL,170.33,176.54,172.91,BEARISH,AAPL (BEARISH)  Apple Inc.,41.78,42.64,41.75,42.59,14.33,
03/12/2019,AAPL,171.33,179.36,178.9,NEUTRAL,AAPL (NEUTRAL)  Apple Inc.,42.85,43.49,42.7,43.07,13.77,
03/13/2019,AAPL,171.06,181.38,180.91,NEUTRAL,AAPL (NEUTRAL)  Apple Inc.,43.39,43.64,43.07,43.26,13.41,
03/14/2019,AAPL,170.24,182.9,181.71,NEUTRAL,AAPL (NEUTRAL)  Apple Inc.,43.78,43.83,43.46,43.74,13.5,
03/15/2019,AAPL,173.92,185.14,183.73,BULLISH,AAPL (BULLISH)  Apple Inc.,44.01,44.6,43.74,44.31,12.88,
03/18/2019,AAPL,174.32,187.91,186.12,BULLISH,AAPL (BULLISH)  Apple Inc.,44.24,44.85,44.23,44.76,13.1,
03/19/2019,AAPL,175.2,190.71,188.02,BULLISH,AAPL (BULLISH)  Apple Inc.,44.84,44.99,44.26,44.41,13.56,
03/20/2019,AAPL,174.84,191.96,186.53,BULLISH,AAPL (BULLISH)  Apple Inc.,44.34,45.11,43.98,44.8,13.91,
03/21/2019,AAPL,174.59,192.51,188.16,BULLISH,AAPL (BULLISH)  Apple Inc.,45.24,46.74,45.19,46.45,13.63,
03/22/2019,AAPL,175.15,195.63,195.09,BULLISH,AAPL (BULLISH)  Apple Inc.,46.51,47.07,45.42,45.49,16.48,
03/25/2019,AAPL,176.04,195.36,191.05,BULLISH,AAPL (BULLISH)  Apple Inc.,45.59,45.71,44.43,44.94,16.33,
03/26/2019,AAPL,176.44,195.17,188.74,BULLISH,AAPL (BULLISH)  Apple Inc.,45.63,45.92,43.94,44.47,14.68,
03/27/2019,AAPL,176.6,194.59,186.79,BULLISH,AAPL (BULLISH)  Apple Inc.,44.94,45.18,44.41,44.87,15.15,
03/28/2019,AAPL,176.88,194.12,188.47,BULLISH,AAPL (BULLISH)  Apple Inc.,44.99,45.13,44.65,44.93,14.43,
03/29/2019,AAPL,177.97,194.02,188.72,BULLISH,AAPL (BULLISH)  Apple Inc.,45.19,45.25,44.89,45.22,13.71,
04/01/2019,AAPL,181.02,194.36,189.95,BULLISH,AAPL (BULLISH)  Apple Inc.,45.63,45.64,44.85,45.53,13.4,
04/02/2019,AAPL,181.74,194.45,191.24,BULLISH,AAPL (BULLISH)  Apple Inc.,45.49,46.3,45.49,46.19,13.36,
04/03/2019,AAPL,183.55,195.96,194.02,BULLISH,AAPL (BULLISH)  Apple Inc.,46.01,46.78,45.99,46.51,13.74,
04/04/2019,AAPL,184.09,195.9,195.35,BULLISH,AAPL (BULLISH)  Apple Inc.,46.38,46.75,45.98,46.59,13.58,
04/05/2019,AAPL,185.2,197.27,195.69,BULLISH,AAPL (BULLISH)  Apple Inc.,46.77,46.93,46.65,46.9,12.82,
04/08/2019,AAPL,186.05,198.97,197.0,BULLISH,AAPL (BULLISH)  Apple Inc.,46.76,47.67,46.74,47.64,13.18,
04/09/2019,AAPL,186.95,201.67,200.1,BULLISH,AAPL (BULLISH)  Apple Inc.,47.69,48.29,47.43,47.5,14.28,
04/10/2019,AAPL,187.01,202.41,199.5,BULLISH,AAPL (BULLISH)  Apple Inc.,47.3,47.79,47.18,47.76,13.3,
04/11/2019,AAPL,188.64,203.29,200.62,BULLISH,AAPL (BULLISH)  Apple Inc.,47.82,47.85,47.24,47.37,13.02,
04/12/2019,AAPL,189.16,203.09,198.95,BULLISH,AAPL (BULLISH)  Apple Inc.,47.43,47.65,46.71,47.35,12.01,
04/15/2019,AAPL,190.33,203.0,198.87,BULLISH,AAPL (BULLISH)  Apple Inc.,47.28,47.58,47.14,47.43,12.32,
04/16/2019,AAPL,190.87,202.01,199.23,BULLISH,AAPL (BULLISH)  Apple Inc.,47.49,47.94,47.27,47.44,12.18,
04/17/2019,AAPL,191.37,202.0,199.25,BULLISH,AAPL (BULLISH)  Apple Inc.,47.51,48.42,47.28,48.36,12.6,
04/18/2019,AAPL,192.3,203.94,203.13,BULLISH,AAPL (BULLISH)  Apple Inc.,48.36,48.6,48.22,48.53,12.09,
04/22/2019,AAPL,193.13,204.1,203.86,BULLISH,AAPL (BULLISH)  Apple Inc.,48.29,48.79,48.17,48.69,12.42,
04/23/2019,AAPL,193.99,205.42,204.53,BULLISH,AAPL (BULLISH)  Apple Inc.,48.67,49.46,48.54,49.4,12.28,
04/24/2019,AAPL,195.0,208.62,207.48,BULLISH,AAPL (BULLISH)  Apple Inc.,49.37,49.63,49.29,49.32,13.14,
04/25/2019,AAPL,195.88,209.26,207.16,BULLISH,AAPL (BULLISH)  Apple Inc.,49.24,49.46,48.83,48.87,13.25,
04/26/2019,AAPL,196.45,209.65,205.28,BULLISH,AAPL (BULLISH)  Apple Inc.,48.78,48.81,48.12,48.64,12.73,
04/29/2019,AAPL,197.03,209.67,204.3,BULLISH,AAPL (BULLISH)  Apple Inc.,48.66,49.04,48.53,48.71,13.11,
04/30/2019,AAPL,197.66,209.07,204.61,BULLISH,AAPL (BULLISH)  Apple Inc.,48.34,48.43,47.4,47.78,13.12,
05/01/2019,AAPL,197.7,212.06,200.67,BULLISH,AAPL (BULLISH)  Apple Inc.,49.97,51.26,49.81,50.12,14.8,
05/02/2019,AAPL,200.07,211.96,210.52,BULLISH,AAPL (BULLISH)  Apple Inc.,49.96,50.63,49.55,49.79,14.42,
05/03/2019,AAPL,198.07,214.08,209.15,BULLISH,AAPL (BULLISH)  Apple Inc.,50.21,50.43,50.05,50.41,12.87,
05/06/2019,AAPL,200.42,213.91,211.75,BULLISH,AAPL (BULLISH)  Apple Inc.,48.64,49.72,48.45,49.63,15.44,
05/07/2019,AAPL,200.45,213.99,208.48,BULLISH,AAPL (BULLISH)  Apple Inc.,49.02,49.38,47.81,48.3,19.32,
05/08/2019,AAPL,195.85,214.0,202.86,BULLISH,AAPL (BULLISH)  Apple Inc.,48.07,48.89,48.03,48.31,19.4,
05/09/2019,AAPL,197.77,213.51,202.9,BULLISH,AAPL (BULLISH)  Apple Inc.,47.71,48.02,46.82,47.79,19.1,
05/10/2019,AAPL,196.01,213.0,199.95,BULLISH,AAPL (BULLISH)  Apple Inc.,47.18,47.52,46.07,47.13,16.04,
05/13/2019,AAPL,194.09,213.01,197.18,BULLISH,AAPL (BULLISH)  Apple Inc.,44.86,45.28,43.7,44.39,20.55,
05/14/2019,AAPL,182.7,202.64,185.72,NEUTRAL,AAPL (NEUTRAL)  Apple Inc.,44.55,45.34,44.31,45.09,18.06,
05/15/2019,AAPL,182.51,200.3,188.66,NEUTRAL,AAPL (NEUTRAL)  Apple Inc.,44.52,45.83,44.46,45.63,16.44,
05/16/2019,AAPL,182.11,198.56,190.92,NEUTRAL,AAPL (NEUTRAL)  Apple Inc.,45.39,46.0,45.13,45.43,15.29,
05/17/2019,AAPL,180.93,196.14,190.08,BEARISH,AAPL (BEARISH)  Apple Inc.,44.68,45.62,44.63,45.17,15.96,
05/20/2019,AAPL,180.97,196.69,189.0,BEARISH,AAPL (BEARISH)  Apple Inc.,43.86,44.06,43.09,43.76,16.31,
05/21/2019,AAPL,178.64,191.96,183.09,BEARISH,AAPL (BEARISH)  Apple Inc.,44.27,44.93,44.14,44.6,14.95,
05/22/2019,AAPL,178.99,191.03,186.6,BEARISH,AAPL (BEARISH)  Apple Inc.,44.13,44.38,43.63,43.68,14.75,
05/23/2019,AAPL,178.88,189.33,182.78,BEARISH,AAPL (BEARISH)  Apple Inc.,42.97,43.15,42.5,42.94,16.92,
05/24/2019,AAPL,177.11,188.9,179.66,BEARISH,AAPL (BEARISH)  Apple Inc.,43.07,43.53,42.69,42.77,15.85,
05/28/2019,AAPL,175.8,188.65,178.97,BEARISH,AAPL (BEARISH)  Apple Inc.,42.76,43.16,42.52,42.6,17.5,
05/29/2019,AAPL,174.06,188.37,178.23,BEARISH,AAPL (BEARISH)  Apple Inc.,42.16,42.86,42.06,42.39,17.9,
05/30/2019,AAPL,173.09,188.11,177.38,BEARISH,AAPL (BEARISH)  Apple Inc.,42.53,42.84,42.22,42.61,17.3,
05/31/2019,AAPL,173.04,187.77,178.3,BEARISH,AAPL (BEARISH)  Apple Inc.,42.12,42.54,41.82,41.84,18.71,
06/03/2019,AAPL,173.07,186.55,175.07,BEARISH,AAPL (BEARISH)  Apple Inc.,41.97,42.52,40.69,41.42,18.86,
06/04/2019,AAPL,171.05,186.25,173.3,BEARISH,AAPL (BEARISH)  Apple Inc.,41.93,42.98,41.71,42.93,16.97,
06/05/2019,AAPL,171.97,184.42,179.64,BEARISH,AAPL (BEARISH)  Apple Inc.,44.04,44.21,43.29,43.63,16.09,
06/06/2019,AAPL,172.04,183.9,182.54,BEARISH,AAPL (BEARISH)  Apple Inc.,43.76,44.33,43.53,44.27,15.93,
06/07/2019,AAPL,171.38,186.88,185.22,BEARISH,AAPL (BEARISH)  Apple Inc.,44.58,45.87,44.4,45.45,16.3,
06/10/2019,AAPL,170.22,190.85,190.15,BEARISH,AAPL (BEARISH)  Apple Inc.,45.84,46.69,45.8,46.03,15.94,
06/11/2019,AAPL,169.01,194.18,192.58,BEARISH,AAPL (BEARISH)  Apple Inc.,46.57,46.84,46.27,46.56,15.99,
06/12/2019,AAPL,168.9,197.05,194.81,BEARISH,AAPL (BEARISH)  Apple Inc.,46.35,46.84,46.22,46.41,15.91,
06/13/2019,AAPL,169.9,200.09,194.19,BEARISH,AAPL (BEARISH)  Apple Inc.,46.53,47.03,46.27,46.4,15.82,
06/14/2019,AAPL,171.97,200.83,194.15,BEARISH,AAPL (BEARISH)  Apple Inc.,45.78,46.27,45.48,46.06,15.28,
06/17/2019,AAPL,176.89,200.13,192.74,BEARISH,AAPL (BEARISH)  Apple Inc.,46.1,46.59,45.93,46.34,15.35,
06/18/2019,AAPL,180.87,199.61,193.89,BEARISH,AAPL (BEARISH)  Apple Inc.,46.86,47.87,46.65,47.43,15.15,
06/19/2019,AAPL,184.05,200.01,198.45,BEARISH,AAPL (BEARISH)  Apple Inc.,47.72,47.77,47.16,47.29,14.33,
06/20/2019,AAPL,187.38,201.19,197.87,BEARISH,AAPL (BEARISH)  Apple Inc.,47.89,47.95,47.33,47.67,14.75,
06/21/2019,AAPL,188.05,201.18,199.46,BEARISH,AAPL (BEARISH)  Apple Inc.,47.51,48.0,47.36,47.51,15.4,
06/24/2019,AAPL,188.7,201.06,198.78,BEARISH,AAPL (BEARISH)  Apple Inc.,47.45,47.84,47.36,47.46,15.26,
06/25/2019,AAPL,189.15,201.63,198.58,BEARISH,AAPL (BEARISH)  Apple Inc.,47.42,47.62,46.67,46.74,16.28,
06/26/2019,AAPL,189.19,201.68,195.57,BEARISH,AAPL (BEARISH)  Apple Inc.,47.27,48.04,47.17,47.75,16.21,
06/27/2019,AAPL,189.56,202.23,199.8,NEUTRAL,AAPL (NEUTRAL)  Apple Inc.,47.87,48.17,47.7,47.74,15.82,
06/28/2019,AAPL,189.8,202.03,199.74,NEUTRAL,AAPL (NEUTRAL)  Apple Inc.,47.48,47.68,47.09,47.3,15.08,
07/01/2019,AAPL,190.11,202.93,197.92,NEUTRAL,AAPL (NEUTRAL)  Apple Inc.,48.56,48.87,47.95,48.17,14.06,
07/02/2019,AAPL,190.28,202.9,201.55,NEUTRAL,AAPL (NEUTRAL)  Apple Inc.,48.14,48.55,48.12,48.45,12.93,
07/03/2019,AAPL,190.69,203.63,202.73,NEUTRAL,AAPL (NEUTRAL)  Apple Inc.,48.58,48.86,48.44,48.85,12.57,
07/05/2019,AAPL,190.94,204.98,204.41,NEUTRAL,AAPL (NEUTRAL)  Apple Inc.,48.6,49.01,48.49,48.81,13.28,
07/08/2019,AAPL,194.09,206.22,204.23,NEUTRAL,AAPL (NEUTRAL)  Apple Inc.,47.99,48.13,47.42,47.8,13.96,
07/09/2019,AAPL,192.46,206.14,200.02,NEUTRAL,AAPL (NEUTRAL)  Apple Inc.,47.61,48.16,47.51,48.1,14.09,
07/10/2019,AAPL,195.78,205.71,201.24,NEUTRAL,AAPL (NEUTRAL)  Apple Inc.,48.24,48.69,48.17,48.57,13.03,
07/11/2019,AAPL,196.77,205.9,203.23,NEUTRAL,AAPL (NEUTRAL)  Apple Inc.,48.59,48.85,48.21,48.22,12.93,
07/12/2019,AAPL,197.06,205.89,201.75,NEUTRAL,AAPL (NEUTRAL)  Apple Inc.,48.38,48.76,48.33,48.59,12.39,
07/15/2019,AAPL,197.97,205.45,203.3,BULLISH,AAPL (BULLISH)  Apple Inc.,48.78,49.2,48.76,49.04,12.68,
07/16/2019,AAPL,198.5,206.23,205.21,BULLISH,AAPL (BULLISH)  Apple Inc.,48.9,49.26,48.64,48.87,12.86,
07/17/2019,AAPL,198.62,206.58,204.5,BULLISH,AAPL (BULLISH)  Apple Inc.,48.77,49.02,48.58,48.6,13.97,
07/18/2019,AAPL,199.03,206.34,203.35,BULLISH,AAPL (BULLISH)  Apple Inc.,48.76,49.2,48.68,49.15,13.53,
07/19/2019,AAPL,199.4,206.76,205.66,BULLISH,AAPL (BULLISH)  Apple Inc.,49.18,49.35,48.36,48.42,14.45,
07/22/2019,AAPL,199.5,206.73,202.59,BULLISH,AAPL (BULLISH)  Apple Inc.,48.67,49.53,48.66,49.52,13.53,
07/23/2019,AAPL,200.4,207.91,207.22,BULLISH,AAPL (BULLISH)  Apple Inc.,49.82,49.93,49.54,49.91,12.61,
07/24/2019,AAPL,200.42,209.32,208.84,BULLISH,AAPL (BULLISH)  Apple Inc.,49.63,49.99,49.51,49.87,12.07,
07/25/2019,AAPL,201.11,209.96,208.67,BULLISH,AAPL (BULLISH)  Apple Inc.,49.92,50.01,49.41,49.48,12.74,
07/26/2019,AAPL,201.52,210.17,207.02,BULLISH,AAPL (BULLISH)  Apple Inc.,49.59,50.12,49.51,49.65,12.16,
07/29/2019,AAPL,201.72,210.77,207.74,BULLISH,AAPL (BULLISH)  Apple Inc.,49.82,50.34,49.82,50.11,12.83,
07/30/2019,AAPL,202.01,211.67,209.68,BULLISH,AAPL (BULLISH)  Apple Inc.,49.89,50.23,49.55,49.9,13.94,
07/31/2019,AAPL,203.51,216.42,208.78,BULLISH,AAPL (BULLISH)  Apple Inc.,51.72,52.91,50.5,50.92,16.12,
08/01/2019,AAPL,204.12,216.4,213.04,BULLISH,AAPL (BULLISH)  Apple Inc.,51.12,52.11,49.41,49.81,17.87,
08/02/2019,AAPL,204.22,213.2,208.43,BULLISH,AAPL (BULLISH)  Apple Inc.,49.12,49.34,48.19,48.76,17.61,
08/05/2019,AAPL,201.99,212.9,204.02,BULLISH,AAPL (BULLISH)  Apple Inc.,47.32,47.48,46.03,46.21,24.59,
08/06/2019,AAPL,192.27,206.75,193.34,NEUTRAL,AAPL (NEUTRAL)  Apple Inc.,46.92,47.34,46.37,47.08,20.17,
08/07/2019,AAPL,193.06,205.45,197.0,NEUTRAL,AAPL (NEUTRAL)  Apple Inc.,46.7,47.69,46.32,47.57,19.49,
08/08/2019,AAPL,192.01,204.66,199.04,NEUTRAL,AAPL (NEUTRAL)  Apple Inc.,47.85,48.64,47.65,48.62,16.91,
08/09/2019,AAPL,191.52,205.67,203.43,NEUTRAL,AAPL (NEUTRAL)  Apple Inc.,48.29,48.64,47.81,48.22,17.97,
08/12/2019,AAPL,190.32,203.43,200.99,NEUTRAL,AAPL (NEUTRAL)  Apple Inc.,47.89,48.47,47.78,48.1,21.09,
08/13/2019,AAPL,190.34,203.73,200.48,NEUTRAL,AAPL (NEUTRAL)  Apple Inc.,48.23,50.89,48.1,50.13,17.52,
08/14/2019,AAPL,191.25,211.72,208.97,BULLISH,AAPL (BULLISH)  Apple Inc.,48.74,49.53,48.6,48.64,22.1,
08/15/2019,AAPL,191.4,209.59,202.75,BULLISH,AAPL (BULLISH)  Apple Inc.,48.81,49.21,47.9,48.4,21.18,
08/16/2019,AAPL,191.67,209.2,201.74,BULLISH,AAPL (BULLISH)  Apple Inc.,49.01,49.7,48.9,49.54,18.47,
08/19/2019,AAPL,193.77,209.87,206.5,BULLISH,AAPL (BULLISH)  Apple Inc.,50.53,51.03,50.39,50.46,16.88,
08/20/2019,AAPL,194.96,211.51,210.35,BULLISH,AAPL (BULLISH)  Apple Inc.,50.59,51.18,50.46,50.47,17.5,
08/21/2019,AAPL,197.09,212.77,210.36,BULLISH,AAPL (BULLISH)  Apple Inc.,51.1,51.26,50.76,51.01,15.8,
08/22/2019,AAPL,198.37,214.99,212.64,BULLISH,AAPL (BULLISH)  Apple Inc.,51.15,51.45,50.56,50.97,16.68,
08/23/2019,AAPL,198.33,216.29,212.46,BULLISH,AAPL (BULLISH)  Apple Inc.,50.24,50.87,48.22,48.61,19.87,
08/26/2019,AAPL,198.11,215.96,202.64,BULLISH,AAPL (BULLISH)  Apple Inc.,49.39,49.71,49.19,49.54,19.32,
08/27/2019,AAPL,198.99,215.55,206.49,BULLISH,AAPL (BULLISH)  Apple Inc.,49.87,50.03,48.83,48.98,20.31,
08/28/2019,AAPL,199.03,215.39,204.16,BULLISH,AAPL (BULLISH)  Apple Inc.,48.96,49.35,48.78,49.31,19.35,
08/29/2019,AAPL,199.29,215.78,205.53,BULLISH,AAPL (BULLISH)  Apple Inc.,50.02,50.22,49.58,50.14,17.88,
08/30/2019,AAPL,199.42,215.3,209.01,BULLISH,AAPL (BULLISH)  Apple Inc.,50.42,50.49,49.71,50.08,18.98,
09/03/2019,AAPL,199.75,215.08,208.74,BULLISH,AAPL (BULLISH)  Apple Inc.,49.52,49.66,48.99,49.35,19.66,
09/04/2019,AAPL,199.89,214.23,205.7,BULLISH,AAPL (BULLISH)  Apple Inc.,49.99,50.26,49.74,50.19,17.33,
09/05/2019,AAPL,200.13,214.0,209.19,BULLISH,AAPL (BULLISH)  Apple Inc.,50.86,51.33,50.74,51.17,16.27,
09/06/2019,AAPL,200.34,214.24,213.28,BULLISH,AAPL (BULLISH)  Apple Inc.,51.35,51.44,50.98,51.16,15.0,
09/09/2019,AAPL,202.1,214.64,213.26,BULLISH,AAPL (BULLISH)  Apple Inc.,51.54,51.92,50.64,51.38,15.27,
09/10/2019,AAPL,202.16,217.19,214.17,BULLISH,AAPL (BULLISH)  Apple Inc.,51.31,52.01,50.79,51.99,15.2,
09/11/2019,AAPL,203.35,218.98,216.7,BULLISH,AAPL (BULLISH)  Apple Inc.,52.32,53.67,52.23,53.64,14.61,
09/12/2019,AAPL,203.56,224.69,223.59,BULLISH,AAPL (BULLISH)  Apple Inc.,53.93,54.32,53.47,53.52,14.22,
09/13/2019,AAPL,210.01,225.88,223.09,BULLISH,AAPL (BULLISH)  Apple Inc.,52.78,52.97,52.06,52.48,13.74,
09/16/2019,AAPL,210.6,226.61,218.75,BULLISH,AAPL (BULLISH)  Apple Inc.,52.23,52.81,52.19,52.75,14.67,
09/17/2019,AAPL,211.34,226.24,219.9,BULLISH,AAPL (BULLISH)  Apple Inc.,52.77,52.98,52.57,52.95,14.44,
09/18/2019,AAPL,211.07,226.0,220.7,BULLISH,AAPL (BULLISH)  Apple Inc.,53.03,53.46,52.64,53.44,13.95,
09/19/2019,AAPL,212.05,226.82,222.77,BULLISH,AAPL (BULLISH)  Apple Inc.,53.26,53.68,52.87,53.01,14.05,
09/20/2019,AAPL,213.37,226.06,220.96,BULLISH,AAPL (BULLISH)  Apple Inc.,53.11,53.39,52.17,52.23,15.32,
09/23/2019,AAPL,213.08,225.33,217.73,BULLISH,AAPL (BULLISH)  Apple Inc.,52.53,52.74,52.22,52.47,14.91,
09/24/2019,AAPL,214.08,225.03,218.72,BULLISH,AAPL (BULLISH)  Apple Inc.,53.03,53.38,52.1,52.22,17.05,
09/25/2019,AAPL,214.18,223.92,217.68,BULLISH,AAPL (BULLISH)  Apple Inc.,52.43,53.14,52.09,53.03,15.96,
09/26/2019,AAPL,214.88,223.61,221.03,BULLISH,AAPL (BULLISH)  Apple Inc.,52.78,53.0,52.5,52.75,16.07,
09/27/2019,AAPL,214.98,223.5,219.89,BULLISH,AAPL (BULLISH)  Apple Inc.,52.91,53.01,52.13,52.5,17.22,
09/30/2019,AAPL,215.4,223.14,218.82,BULLISH,AAPL (BULLISH)  Apple Inc.,52.99,53.88,52.97,53.73,16.24,
10/01/2019,AAPL,215.42,224.92,223.97,BULLISH,AAPL (BULLISH)  Apple Inc.,54.0,54.75,53.79,53.88,18.56,
10/02/2019,AAPL,215.41,225.88,224.59,BULLISH,AAPL (BULLISH)  Apple Inc.,53.51,53.64,52.28,52.53,20.56,
10/03/2019,AAPL,215.03,225.08,218.96,BULLISH,AAPL (BULLISH)  Apple Inc.,52.4,53.01,51.61,52.98,19.12,
10/04/2019,AAPL,215.43,225.21,220.82,BULLISH,AAPL (BULLISH)  Apple Inc.,54.13,54.58,53.71,54.46,17.04,
10/07/2019,AAPL,215.5,228.29,227.01,BULLISH,AAPL (BULLISH)  Apple Inc.,54.28,55.16,54.18,54.47,17.86,
10/08/2019,AAPL,215.9,228.93,227.06,BULLISH,AAPL (BULLISH)  Apple Inc.,54.18,54.71,53.82,53.83,20.28,
10/09/2019,AAPL,215.99,229.12,224.4,BULLISH,AAPL (BULLISH)  Apple Inc.,54.47,54.65,54.13,54.47,18.64,
10/10/2019,AAPL,217.43,229.99,227.03,BULLISH,AAPL (BULLISH)  Apple Inc.,54.68,55.28,54.53,55.2,17.57,
10/11/2019,AAPL,217.93,232.34,230.09,BULLISH,AAPL (BULLISH)  Apple Inc.,55.89,57.01,55.73,56.67,15.58,
10/14/2019,AAPL,221.07,236.78,236.21,BULLISH,AAPL (BULLISH)  Apple Inc.,56.35,57.13,56.3,56.59,14.57,
10/15/2019,AAPL,222.3,238.76,235.87,BULLISH,AAPL (BULLISH)  Apple Inc.,56.71,57.01,56.35,56.45,13.54,
10/16/2019,AAPL,223.31,239.74,235.32,BULLISH,AAPL (BULLISH)  Apple Inc.,55.99,56.44,55.95,56.23,13.68,
10/17/2019,AAPL,223.07,239.87,234.37,BULLISH,AAPL (BULLISH)  Apple Inc.,56.4,56.65,56.02,56.44,13.79,
10/18/2019,AAPL,223.01,240.64,235.28,BULLISH,AAPL (BULLISH)  Apple Inc.,56.28,57.0,56.21,56.72,14.25,
10/21/2019,AAPL,225.72,241.41,236.41,BULLISH,AAPL (BULLISH)  Apple Inc.,56.98,57.81,56.93,57.7,14.0,
10/22/2019,AAPL,226.7,241.99,240.51,BULLISH,AAPL (BULLISH)  Apple Inc.,57.86,58.1,57.49,57.57,14.46,
10/23/2019,AAPL,227.63,241.97,239.96,BULLISH,AAPL (BULLISH)  Apple Inc.,58.08,58.35,57.87,58.34,14.01,
10/24/2019,AAPL,228.83,244.13,243.18,BULLISH,AAPL (BULLISH)  Apple Inc.,58.66,58.73,58.01,58.44,13.71,
10/25/2019,AAPL,229.99,245.32,243.58,BULLISH,AAPL (BULLISH)  Apple Inc.,58.34,59.19,58.27,59.16,12.65,
10/28/2019,AAPL,231.12,248.2,246.58,BULLISH,AAPL (BULLISH)  Apple Inc.,59.36,59.8,59.19,59.75,13.11,
10/29/2019,AAPL,231.4,250.97,249.05,BULLISH,AAPL (BULLISH)  Apple Inc.,59.73,59.92,58.19,58.37,13.2,
10/30/2019,AAPL,232.58,250.69,243.29,BULLISH,AAPL (BULLISH)  Apple Inc.,58.72,58.85,57.87,58.36,12.33,
10/31/2019,AAPL,235.93,251.82,243.26,BULLISH,AAPL (BULLISH)  Apple Inc.,59.31,59.78,56.92,59.68,13.22,
11/01/2019,AAPL,237.11,251.12,248.76,BULLISH,AAPL (BULLISH)  Apple Inc.,59.87,61.4,59.77,61.37,12.3,
11/04/2019,AAPL,237.13,256.86,255.82,BULLISH,AAPL (BULLISH)  Apple Inc.,61.73,61.86,61.27,61.78,12.83,
11/05/2019,AAPL,237.73,258.37,257.5,BULLISH,AAPL (BULLISH)  Apple Inc.,61.67,61.94,61.49,61.69,13.1,
11/06/2019,AAPL,239.4,261.28,257.13,BULLISH,AAPL (BULLISH)  Apple Inc.,61.6,61.77,61.26,61.71,12.62,
11/07/2019,AAPL,240.68,262.44,257.24,BULLISH,AAPL (BULLISH)  Apple Inc.,62.26,62.65,62.11,62.43,12.73,
11/08/2019,AAPL,241.36,263.99,259.43,BULLISH,AAPL (BULLISH)  Apple Inc.,62.25,62.67,61.8,62.6,12.07,
11/11/2019,AAPL,242.01,266.0,260.14,BULLISH,AAPL (BULLISH)  Apple Inc.,62.15,63.16,62.15,63.09,12.69,
11/12/2019,AAPL,244.11,266.99,262.2,BULLISH,AAPL (BULLISH)  Apple Inc.,62.94,63.23,62.78,63.03,12.68,
11/13/2019,AAPL,248.17,266.35,261.96,BULLISH,AAPL (BULLISH)  Apple Inc.,62.83,63.71,62.82,63.64,13.0,
11/14/2019,AAPL,252.17,266.3,264.47,BULLISH,AAPL (BULLISH)  Apple Inc.,63.46,63.74,63.07,63.2,13.05,
11/15/2019,AAPL,252.95,266.3,262.64,BULLISH,AAPL (BULLISH)  Apple Inc.,63.45,63.95,63.29,63.95,12.05,
11/18/2019,AAPL,254.2,267.49,265.76,BULLISH,AAPL (BULLISH)  Apple Inc.,63.96,64.35,63.58,64.27,12.46,
11/19/2019,AAPL,256.01,268.65,267.1,BULLISH,AAPL (BULLISH)  Apple Inc.,64.46,64.49,63.86,64.08,12.86,
11/20/2019,AAPL,257.2,268.56,266.29,BULLISH,AAPL (BULLISH)  Apple Inc.,63.9,64.03,62.66,63.33,12.78,
11/21/2019,AAPL,258.41,268.19,263.19,BULLISH,AAPL (BULLISH)  Apple Inc.,63.45,63.53,62.85,63.05,13.13,
11/22/2019,AAPL,259.19,267.83,262.01,BULLISH,AAPL (BULLISH)  Apple Inc.,63.19,63.33,62.76,62.99,12.34,
11/25/2019,AAPL,259.99,267.98,261.78,BULLISH,AAPL (BULLISH)  Apple Inc.,63.21,64.11,63.17,64.1,11.87,
11/26/2019,AAPL,260.03,268.97,266.37,BULLISH,AAPL (BULLISH)  Apple Inc.,64.23,64.29,63.16,63.59,11.54,
11/27/2019,AAPL,260.01,268.67,264.29,BULLISH,AAPL (BULLISH)  Apple Inc.,63.91,64.48,63.84,64.45,11.75,
11/29/2019,AAPL,260.35,269.26,267.84,BULLISH,AAPL (BULLISH)  Apple Inc.,64.15,64.49,63.98,64.31,12.62,
12/02/2019,AAPL,260.5,269.75,267.25,BULLISH,AAPL (BULLISH)  Apple Inc.,64.31,64.55,63.39,63.56,14.91,
12/03/2019,AAPL,257.46,269.0,264.16,BULLISH,AAPL (BULLISH)  Apple Inc.,62.16,62.45,61.67,62.43,15.96,
12/04/2019,AAPL,257.62,269.16,259.45,BULLISH,AAPL (BULLISH)  Apple Inc.,62.82,63.36,62.73,62.98,14.8,
12/05/2019,AAPL,257.81,269.3,261.74,BULLISH,AAPL (BULLISH)  Apple Inc.,63.47,63.98,63.22,63.91,14.52,
12/06/2019,AAPL,258.11,269.89,265.58,BULLISH,AAPL (BULLISH)  Apple Inc.,64.36,65.21,64.32,65.14,13.62,
12/09/2019,AAPL,259.13,271.89,270.71,BULLISH,AAPL (BULLISH)  Apple Inc.,64.97,65.16,63.74,64.23,15.86,
12/10/2019,AAPL,258.45,271.8,266.92,BULLISH,AAPL (BULLISH)  Apple Inc.,64.63,64.99,63.97,64.6,15.68,
12/11/2019,AAPL,258.99,272.6,268.48,BULLISH,AAPL (BULLISH)  Apple Inc.,64.68,65.23,64.61,65.15,14.99,
12/12/2019,AAPL,258.78,272.56,270.77,BULLISH,AAPL (BULLISH)  Apple Inc.,64.43,65.58,64.32,65.32,13.94,
12/13/2019,AAPL,258.6,274.87,271.46,BULLISH,AAPL (BULLISH)  Apple Inc.,65.32,66.24,65.19,66.21,12.63,
12/16/2019,AAPL,258.62,277.97,275.15,BULLISH,AAPL (BULLISH)  Apple Inc.,66.65,67.56,66.65,67.34,12.14,
12/17/2019,AAPL,264.12,281.11,279.86,BULLISH,AAPL (BULLISH)  Apple Inc.,67.27,67.8,67.09,67.47,12.29,
12/18/2019,AAPL,265.29,282.25,280.41,BULLISH,AAPL (BULLISH)  Apple Inc.,67.33,67.83,67.16,67.31,12.58,
12/19/2019,AAPL,266.31,283.65,279.74,BULLISH,AAPL (BULLISH)  Apple Inc.,67.25,67.66,67.12,67.38,12.5,
12/20/2019,AAPL,267.3,285.15,280.02,BULLISH,AAPL (BULLISH)  Apple Inc.,67.91,68.01,67.03,67.24,12.51,
12/23/2019,AAPL,267.07,285.23,279.44,BULLISH,AAPL (BULLISH)  Apple Inc.,67.5,68.4,67.46,68.34,12.61,
12/24/2019,AAPL,269.02,286.75,284.0,BULLISH,AAPL (BULLISH)  Apple Inc.,68.5,68.55,68.08,68.4,12.67,
12/26/2019,AAPL,270.8,286.97,284.27,BULLISH,AAPL (BULLISH)  Apple Inc.,68.53,69.78,68.51,69.76,12.65,
12/27/2019,AAPL,271.85,290.36,289.91,BULLISH,AAPL (BULLISH)  Apple Inc.,70.05,70.74,69.33,69.73,13.43,
12/30/2019,AAPL,275.0,291.29,289.8,BULLISH,AAPL (BULLISH)  Apple Inc.,69.65,70.43,68.63,70.15,14.82,
12/31/2019,AAPL,275.21,293.6,291.52,BULLISH,AAPL (BULLISH)  Apple Inc.,69.76,70.67,69.67,70.66,13.78,
01/02/2020,AAPL,275.76,296.32,293.65,BULLISH,AAPL (BULLISH)  Apple Inc.,71.28,72.33,71.03,72.27,12.47,
01/03/2020,AAPL,275.07,301.94,300.35,BULLISH,AAPL (BULLISH)  Apple Inc.,71.5,72.33,71.35,71.57,14.02,
01/06/2020,AAPL,278.02,302.7,297.43,BULLISH,AAPL (BULLISH)  Apple Inc.,70.69,72.18,70.44,72.14,13.85,
01/07/2020,AAPL,280.12,303.96,299.8,BULLISH,AAPL (BULLISH)  Apple Inc.,72.15,72.4,71.58,71.8,13.79,
01/08/2020,AAPL,283.5,304.25,298.39,BULLISH,AAPL (BULLISH)  Apple Inc.,71.5,73.26,71.5,72.95,13.45,
01/09/2020,AAPL,286.92,305.89,303.19,BULLISH,AAPL (BULLISH)  Apple Inc.,73.93,74.7,73.68,74.5,12.54,
01/10/2020,AAPL,286.99,310.73,309.63,BULLISH,AAPL (BULLISH)  Apple Inc.,74.74,75.24,74.17,74.67,12.56,
01/13/2020,AAPL,288.48,312.93,310.33,BULLISH,AAPL (BULLISH)  Apple Inc.,74.99,76.29,74.87,76.27,12.32,
01/14/2020,AAPL,290.01,317.93,316.96,BULLISH,AAPL (BULLISH)  Apple Inc.,76.21,76.42,75.12,75.24,12.39,
01/15/2020,AAPL,292.33,318.9,312.68,BULLISH,AAPL (BULLISH)  Apple Inc.,75.04,75.92,74.49,74.92,12.42,
01/16/2020,AAPL,293.3,319.99,311.34,BULLISH,AAPL (BULLISH)  Apple Inc.,75.46,75.97,75.1,75.85,12.32,
01/17/2020,AAPL,296.28,321.55,315.24,BULLISH,AAPL (BULLISH)  Apple Inc.,76.1,76.7,75.8,76.69,12.1,
01/21/2020,AAPL,299.07,323.0,318.73,BULLISH,AAPL (BULLISH)  Apple Inc.,76.32,76.76,76.04,76.17,12.85,
01/22/2020,AAPL,303.3,323.01,316.57,BULLISH,AAPL (BULLISH)  Apple Inc.,76.66,77.0,76.35,76.45,12.91,
01/23/2020,AAPL,307.02,321.9,317.7,BULLISH,AAPL (BULLISH)  Apple Inc.,76.5,76.89,75.95,76.81,12.98,
01/24/2020,AAPL,309.03,322.55,319.23,BULLISH,AAPL (BULLISH)  Apple Inc.,77.06,77.8,76.4,76.59,14.56,
01/27/2020,AAPL,309.11,321.36,318.31,BULLISH,AAPL (BULLISH)  Apple Inc.,74.61,75.02,73.36,74.34,18.23,
01/28/2020,AAPL,304.91,322.39,308.95,BULLISH,AAPL (BULLISH)  Apple Inc.,75.22,76.61,75.12,76.44,16.28,
01/29/2020,AAPL,309.36,322.98,317.69,BULLISH,AAPL (BULLISH)  Apple Inc.,78.07,78.89,77.33,78.04,16.39,
01/30/2020,AAPL,309.98,326.05,324.34,BULLISH,AAPL (BULLISH)  Apple Inc.,77.13,77.98,76.7,77.93,15.49,
01/31/2020,AAPL,309.75,326.9,323.87,BULLISH,AAPL (BULLISH)  Apple Inc.,77.22,77.64,74.18,74.48,18.84,
02/03/2020,AAPL,304.2,326.8,309.51,BULLISH,AAPL (BULLISH)  Apple Inc.,73.22,75.43,72.72,74.27,17.97,
02/04/2020,AAPL,303.99,326.08,308.66,BULLISH,AAPL (BULLISH)  Apple Inc.,75.87,76.91,75.47,76.72,16.05,
02/05/2020,AAPL,307.26,329.16,318.85,BULLISH,AAPL (BULLISH)  Apple Inc.,77.85,78.15,76.75,77.35,15.15,
02/06/2020,AAPL,304.99,328.91,321.45,BULLISH,AAPL (BULLISH)  Apple Inc.,77.62,78.26,77.06,78.25,14.96,
02/07/2020,AAPL,305.49,330.8,325.21,BULLISH,AAPL (BULLISH)  Apple Inc.,77.75,78.0,76.7,77.19,15.47,
02/10/2020,AAPL,306.08,329.57,320.03,BULLISH,AAPL (BULLISH)  Apple Inc.,75.78,77.56,75.7,77.56,15.04,
02/11/2020,AAPL,306.95,330.93,321.55,BULLISH,AAPL (BULLISH)  Apple Inc.,78.05,78.12,76.87,77.09,15.18,
02/12/2020,AAPL,309.11,329.7,319.61,BULLISH,AAPL (BULLISH)  Apple Inc.,77.54,78.92,77.54,78.92,13.74,
02/13/2020,AAPL,306.78,330.91,327.2,BULLISH,AAPL (BULLISH)  Apple Inc.,78.19,78.68,77.99,78.36,14.15,
02/14/2020,AAPL,309.88,330.98,324.87,BULLISH,AAPL (BULLISH)  Apple Inc.,78.33,78.62,77.87,78.38,13.68,
02/18/2020,AAPL,310.97,329.07,324.95,BULLISH,AAPL (BULLISH)  Apple Inc.,76.06,77.12,75.88,76.94,14.83,
02/19/2020,AAPL,311.33,328.12,319.0,BULLISH,AAPL (BULLISH)  Apple Inc.,77.18,78.28,77.18,78.06,14.38,
02/20/2020,AAPL,314.1,328.62,323.62,BULLISH,AAPL (BULLISH)  Apple Inc.,77.82,78.3,76.75,77.25,15.56,
02/21/2020,AAPL,314.8,327.91,320.3,BULLISH,AAPL (BULLISH)  Apple Inc.,76.85,77.29,74.89,75.51,17.08,
02/24/2020,AAPL,305.01,321.67,313.05,BULLISH,AAPL (BULLISH)  Apple Inc.,71.7,73.37,69.76,71.92,25.03,
02/25/2020,AAPL,295.25,318.06,298.18,BULLISH,AAPL (BULLISH)  Apple Inc.,72.59,72.97,69.01,69.48,27.85,
02/26/2020,AAPL,285.89,312.04,288.08,NEUTRAL,AAPL (NEUTRAL)  Apple Inc.,69.11,71.85,69.1,70.59,27.56,
02/27/2020,AAPL,282.95,311.13,292.65,NEUTRAL,AAPL (NEUTRAL)  Apple Inc.,67.8,68.98,65.84,65.97,39.16,
02/28/2020,AAPL,261.23,304.93,273.52,BEARISH,AAPL (BEARISH)  Apple Inc.,62.05,67.15,61.84,65.93,40.11,
03/02/2020,AAPL,260.63,300.3,273.36,BEARISH,AAPL (BEARISH)  Apple Inc.,68.08,72.71,66.98,72.07,33.42,
03/03/2020,AAPL,261.22,309.12,298.81,NEUTRAL,AAPL (NEUTRAL)  Apple Inc.,73.24,73.32,68.93,69.78,36.82,
03/04/2020,AAPL,263.02,305.13,289.32,NEUTRAL,AAPL (NEUTRAL)  Apple Inc.,71.5,73.18,70.7,73.02,31.99,
03/05/2020,AAPL,264.54,309.07,302.74,NEUTRAL,AAPL (NEUTRAL)  Apple Inc.,71.28,72.25,70.29,70.65,39.62,
03/06/2020,AAPL,268.5,304.12,292.92,NEUTRAL,AAPL (NEUTRAL)  Apple Inc.,68.02,70.14,67.83,69.71,41.94,
03/09/2020,AAPL,264.02,302.12,289.03,BEARISH,AAPL (BEARISH)  Apple Inc.,63.62,67.07,63.43,64.2,54.46,
03/10/2020,AAPL,260.01,299.34,266.17,BEARISH,AAPL (BEARISH)  Apple Inc.,66.84,69.09,64.97,68.82,47.3,
03/11/2020,AAPL,261.41,298.63,285.34,BEARISH,AAPL (BEARISH)  Apple Inc.,66.91,67.83,65.57,66.43,53.9,
03/12/2020,AAPL,260.03,289.21,275.43,BEARISH,AAPL (BEARISH)  Apple Inc.,61.73,65.12,59.82,59.87,75.47,
03/13/2020,AAPL,237.22,287.0,248.23,BEARISH,AAPL (BEARISH)  Apple Inc.,63.89,67.52,61.01,67.05,57.83,
03/16/2020,AAPL,239.03,287.1,277.97,BEARISH,AAPL (BEARISH)  Apple Inc.,58.36,62.49,57.89,58.42,82.69,
03/17/2020,AAPL,235.12,274.33,242.21,BEARISH,AAPL (BEARISH)  Apple Inc.,59.7,62.13,57.5,60.99,75.91,
03/18/2020,AAPL,230.93,270.11,252.86,BEARISH,AAPL (BEARISH)  Apple Inc.,57.83,60.3,57.19,59.5,76.45,
03/19/2020,AAPL,230.09,264.98,246.67,BEARISH,AAPL (BEARISH)  Apple Inc.,59.67,60.98,58.52,59.04,72.0,
03/20/2020,AAPL,229.11,262.38,244.78,BEARISH,AAPL (BEARISH)  Apple Inc.,59.62,60.74,54.99,55.29,66.04,
03/23/2020,AAPL,209.89,255.9,229.24,BEARISH,AAPL (BEARISH)  Apple Inc.,55.01,55.11,51.28,54.12,61.59,
03/24/2020,AAPL,210.45,249.18,224.37,BEARISH,AAPL (BEARISH)  Apple Inc.,57.01,59.74,56.51,59.55,61.67,
03/25/2020,AAPL,215.23,254.84,246.88,BEARISH,AAPL (BEARISH)  Apple Inc.,60.48,62.29,58.92,59.22,63.95,
03/26/2020,AAPL,216.13,258.33,245.52,BEARISH,AAPL (BEARISH)  Apple Inc.,59.46,62.39,59.42,62.33,61.0,
03/27/2020,AAPL,220.34,265.44,258.44,BEARISH,AAPL (BEARISH)  Apple Inc.,60.96,61.71,59.59,59.75,65.54,
03/30/2020,AAPL,222.3,264.77,247.74,BEARISH,AAPL (BEARISH)  Apple Inc.,60.48,61.63,60.15,61.46,57.08,
03/31/2020,AAPL,222.61,264.98,254.81,BEARISH,AAPL (BEARISH)  Apple Inc.,61.65,63.31,60.78,61.33,53.54,
04/01/2020,AAPL,222.53,264.99,254.29,BEARISH,AAPL (BEARISH)  Apple Inc.,59.45,59.99,57.68,58.11,57.06,
04/02/2020,AAPL,222.54,263.48,240.91,BEARISH,AAPL (BEARISH)  Apple Inc.,57.97,59.13,57.14,59.08,50.91,
04/03/2020,AAPL,224.32,262.44,244.93,BEARISH,AAPL (BEARISH)  Apple Inc.,58.56,59.26,57.64,58.23,46.8,
04/06/2020,AAPL,230.23,261.98,241.41,BEARISH,AAPL (BEARISH)  Apple Inc.,60.52,63.46,60.15,63.31,45.24,
04/07/2020,AAPL,233.34,272.99,262.47,BEARISH,AAPL (BEARISH)  Apple Inc.,65.32,65.53,62.47,62.57,46.7,
04/08/2020,AAPL,234.97,267.92,259.43,BEARISH,AAPL (BEARISH)  Apple Inc.,63.37,64.49,63.01,64.17,43.35,
04/09/2020,AAPL,235.0,271.9,266.07,BEARISH,AAPL (BEARISH)  Apple Inc.,64.81,65.14,63.84,64.64,41.67,
04/13/2020,AAPL,235.05,273.22,267.99,BEARISH,AAPL (BEARISH)  Apple Inc.,64.72,66.02,64.12,65.91,41.17,
04/14/2020,AAPL,235.07,280.43,273.25,BEARISH,AAPL (BEARISH)  Apple Inc.,67.53,69.52,67.06,69.24,37.76,
04/15/2020,AAPL,232.9,290.93,287.05,BEARISH,AAPL (BEARISH)  Apple Inc.,68.11,69.06,67.69,68.6,40.84,
04/16/2020,AAPL,234.88,294.6,284.43,BEARISH,AAPL (BEARISH)  Apple Inc.,69.31,69.51,68.1,69.15,40.11,
04/17/2020,AAPL,240.63,299.1,286.69,NEUTRAL,AAPL (NEUTRAL)  Apple Inc.,68.67,69.21,66.78,68.21,38.15,
04/20/2020,AAPL,252.8,299.67,282.8,NEUTRAL,AAPL (NEUTRAL)  Apple Inc.,67.04,67.94,66.77,66.79,43.83,
04/21/2020,AAPL,255.22,294.9,276.93,BEARISH,AAPL (BEARISH)  Apple Inc.,66.64,66.87,64.02,64.73,45.41,
04/22/2020,AAPL,258.0,293.0,268.0,BEARISH,AAPL (BEARISH)  Apple Inc.,65.99,67.03,65.65,66.59,41.98,
04/23/2020,AAPL,260.0,293.0,276.0,BEARISH,AAPL (BEARISH)  Apple Inc.,66.54,67.96,66.3,66.34,41.38,
04/24/2020,AAPL,260.0,290.0,275.0,BEARISH,AAPL (BEARISH)  Apple Inc.,66.86,68.26,66.81,68.25,35.93,
04/27/2020,AAPL,264.0,293.0,282.0,NEUTRAL,AAPL (NEUTRAL)  Apple Inc.,67.97,68.63,67.52,68.3,33.29,
04/28/2020,AAPL,266.0,291.0,283.0,NEUTRAL,AAPL (NEUTRAL)  Apple Inc.,68.76,68.94,67.1,67.19,33.57,
04/29/2020,AAPL,266.0,290.0,278.0,NEUTRAL,AAPL (NEUTRAL)  Apple Inc.,68.68,69.87,68.47,69.4,31.23,
04/30/2020,AAPL,267.0,292.0,287.0,NEUTRAL,AAPL (NEUTRAL)  Apple Inc.,69.94,71.04,69.55,70.86,34.15,
05/01/2020,AAPL,256.0,296.0,293.0,NEUTRAL,AAPL (NEUTRAL)  Apple Inc.,69.04,72.12,68.95,69.72,37.19,
05/04/2020,AAPL,260.0,296.0,289.0,NEUTRAL,AAPL (NEUTRAL)  Apple Inc.,69.75,70.84,69.06,70.71,35.97,
05/05/2020,AAPL,266.0,301.0,293.0,BULLISH,AAPL (BULLISH)  Apple Inc.,71.17,72.6,71.02,71.77,33.61,
05/06/2020,AAPL,273.0,303.0,297.0,BULLISH,AAPL (BULLISH)  Apple Inc.,72.47,73.14,72.09,72.51,34.12,
05/07/2020,AAPL,275.0,304.0,300.0,BULLISH,AAPL (BULLISH)  Apple Inc.,73.14,73.61,72.83,73.26,31.44,
05/08/2020,AAPL,281.0,308.0,303.0,BULLISH,AAPL (BULLISH)  Apple Inc.,73.92,75.06,73.59,75.0,27.98,
05/11/2020,AAPL,283.0,313.0,310.0,BULLISH,AAPL (BULLISH)  Apple Inc.,74.51,76.68,74.31,76.18,27.57,
05/12/2020,AAPL,288.0,318.0,315.0,BULLISH,AAPL (BULLISH)  Apple Inc.,76.87,77.32,75.19,75.31,33.04,
05/13/2020,AAPL,283.0,318.0,311.0,BULLISH,AAPL (BULLISH)  Apple Inc.,75.49,76.41,73.33,74.4,35.28,
05/14/2020,AAPL,288.0,320.0,307.0,BULLISH,AAPL (BULLISH)  Apple Inc.,73.65,74.92,72.92,74.86,32.61,
05/15/2020,AAPL,289.0,320.0,309.0,BULLISH,AAPL (BULLISH)  Apple Inc.,72.64,74.47,72.61,74.42,31.89,
05/18/2020,AAPL,293.0,318.0,307.0,BULLISH,AAPL (BULLISH)  Apple Inc.,75.74,76.55,75.05,76.17,29.3,
05/19/2020,AAPL,298.0,319.0,314.0,BULLISH,AAPL (BULLISH)  Apple Inc.,76.19,77.03,75.7,75.73,30.53,
05/20/2020,AAPL,300.0,318.0,313.0,BULLISH,AAPL (BULLISH)  Apple Inc.,76.59,77.28,76.55,77.21,27.99,
05/21/2020,AAPL,303.0,321.0,319.0,BULLISH,AAPL (BULLISH)  Apple Inc.,77.07,77.61,76.39,76.63,29.53,
05/22/2020,AAPL,304.0,320.0,316.0,BULLISH,AAPL (BULLISH)  Apple Inc.,76.37,77.21,76.27,77.12,28.16,
05/26/2020,AAPL,307.0,324.0,318.0,BULLISH,AAPL (BULLISH)  Apple Inc.,78.24,78.42,76.55,76.6,28.01,
05/27/2020,AAPL,306.0,323.0,316.0,BULLISH,AAPL (BULLISH)  Apple Inc.,76.46,77.08,75.72,76.93,27.62,
05/28/2020,AAPL,308.0,323.0,318.0,BULLISH,AAPL (BULLISH)  Apple Inc.,76.61,78.22,76.33,76.97,28.59,
05/29/2020,AAPL,308.0,323.0,318.0,BULLISH,AAPL (BULLISH)  Apple Inc.,77.21,77.67,76.54,76.89,27.51,
06/01/2020,AAPL,310.0,322.0,317.0,BULLISH,AAPL (BULLISH)  Apple Inc.,76.85,77.96,76.72,77.84,28.23,
06/02/2020,AAPL,311.0,323.0,321.0,BULLISH,AAPL (BULLISH)  Apple Inc.,77.57,78.22,77.13,78.2,26.84,
06/03/2020,AAPL,313.0,325.0,323.0,BULLISH,AAPL (BULLISH)  Apple Inc.,78.52,78.89,77.95,78.63,25.66,
06/04/2020,AAPL,313.0,327.0,325.0,BULLISH,AAPL (BULLISH)  Apple Inc.,78.45,78.75,77.58,77.95,25.81,
06/05/2020,AAPL,313.0,327.0,322.0,BULLISH,AAPL (BULLISH)  Apple Inc.,78.2,80.23,78.17,80.17,24.52,
06/08/2020,AAPL,313.0,333.0,331.0,BULLISH,AAPL (BULLISH)  Apple Inc.,79.87,80.68,79.16,80.65,25.81,
06/09/2020,AAPL,313.0,334.0,333.0,BULLISH,AAPL (BULLISH)  Apple Inc.,80.33,83.59,80.3,83.19,27.57,
06/10/2020,AAPL,315.0,348.0,343.0,BULLISH,AAPL (BULLISH)  Apple Inc.,84.14,85.8,83.7,85.33,27.57,
06/11/2020,AAPL,318.0,355.0,352.0,BULLISH,AAPL (BULLISH)  Apple Inc.,84.48,84.9,81.14,81.24,40.79,
06/12/2020,AAPL,311.0,353.0,335.0,BULLISH,AAPL (BULLISH)  Apple Inc.,83.37,84.11,80.83,81.94,36.09,
06/15/2020,AAPL,313.0,353.0,338.0,BULLISH,AAPL (BULLISH)  Apple Inc.,80.6,83.6,80.43,82.95,34.4,
06/16/2020,AAPL,321.0,357.0,342.0,BULLISH,AAPL (BULLISH)  Apple Inc.,85.0,85.42,83.37,85.15,33.67,
06/17/2020,AAPL,324.0,359.0,352.0,BULLISH,AAPL (BULLISH)  Apple Inc.,85.89,85.95,84.91,85.03,33.47,
06/18/2020,AAPL,328.0,359.0,351.0,BULLISH,AAPL (BULLISH)  Apple Inc.,84.99,85.48,84.46,85.07,32.94,
06/19/2020,AAPL,329.0,360.0,351.0,BULLISH,AAPL (BULLISH)  Apple Inc.,85.77,86.23,83.47,84.58,35.12,
06/22/2020,AAPL,329.0,360.0,349.0,BULLISH,AAPL (BULLISH)  Apple Inc.,84.97,86.93,84.93,86.79,31.77,
06/23/2020,AAPL,334.0,365.0,358.0,BULLISH,AAPL (BULLISH)  Apple Inc.,88.03,90.06,87.61,88.64,31.37,
06/24/2020,AAPL,333.0,369.0,366.0,BULLISH,AAPL (BULLISH)  Apple Inc.,88.27,89.19,86.71,87.08,33.84,
06/25/2020,AAPL,335.0,369.0,360.0,BULLISH,AAPL (BULLISH)  Apple Inc.,87.23,88.27,86.48,88.24,32.22,
06/26/2020,AAPL,339.0,370.0,364.0,BULLISH,AAPL (BULLISH)  Apple Inc.,88.13,88.35,85.38,85.52,34.73,
06/29/2020,AAPL,339.0,369.0,353.0,BULLISH,AAPL (BULLISH)  Apple Inc.,85.43,87.59,84.96,87.5,31.78,
06/30/2020,AAPL,343.0,369.0,361.0,BULLISH,AAPL (BULLISH)  Apple Inc.,87.08,88.51,87.07,88.23,30.43,
07/01/2020,AAPL,345.0,371.0,364.0,BULLISH,AAPL (BULLISH)  Apple Inc.,88.3,88.85,88.01,88.06,28.62,
07/02/2020,AAPL,348.0,372.0,364.0,BULLISH,AAPL (BULLISH)  Apple Inc.,88.96,89.6,87.95,88.06,27.68,
07/06/2020,AAPL,353.0,371.0,364.0,BULLISH,AAPL (BULLISH)  Apple Inc.,89.48,90.88,89.45,90.42,27.94,
07/07/2020,AAPL,353.0,375.0,373.0,BULLISH,AAPL (BULLISH)  Apple Inc.,90.79,91.57,90.02,90.13,29.43,
07/08/2020,AAPL,353.0,376.0,372.0,BULLISH,AAPL (BULLISH)  Apple Inc.,91.11,92.27,91.02,92.23,28.08,
07/09/2020,AAPL,353.0,384.0,381.0,BULLISH,AAPL (BULLISH)  Apple Inc.,93.12,93.18,91.59,92.63,29.26,
07/10/2020,AAPL,354.0,387.0,382.0,BULLISH,AAPL (BULLISH)  Apple Inc.,92.23,92.85,91.62,92.79,27.29,
07/13/2020,AAPL,356.0,389.0,383.0,BULLISH,AAPL (BULLISH)  Apple Inc.,94.09,96.7,92.15,92.36,32.19,
07/14/2020,AAPL,356.0,389.0,381.0,BULLISH,AAPL (BULLISH)  Apple Inc.,91.75,94.08,90.82,93.89,29.52,
07/15/2020,AAPL,360.0,395.0,388.0,BULLISH,AAPL (BULLISH)  Apple Inc.,95.76,96.01,93.34,94.54,27.76,
07/16/2020,,,,,,,93.41,94.23,92.78,93.38,28.0,YES
07/17/2020,AAPL,363.0,394.0,386.0,BULLISH,AAPL (BULLISH)  Apple Inc.,93.83,93.98,92.71,93.19,25.68,
07/20/2020,,,,,,,93.27,95.29,92.93,95.15,24.46,YES
07/21/2020,AAPL,376.0,397.0,393.0,BULLISH,AAPL (BULLISH)  Apple Inc.,95.94,96.01,93.59,93.84,24.84,
07/22/2020,AAPL,368.0,394.0,388.0,BULLISH,AAPL (BULLISH)  Apple Inc.,93.54,94.78,93.45,94.1,24.32,
07/23/2020,AAPL,378.0,394.0,389.0,BULLISH,AAPL (BULLISH)  Apple Inc.,93.83,93.91,89.01,89.82,26.08,
07/24/2020,AAPL,363.0,387.0,371.0,BULLISH,AAPL (BULLISH)  Apple Inc.,88.02,89.94,86.24,89.6,25.84,
07/27/2020,AAPL,360.0,397.0,370.0,BULLISH,AAPL (BULLISH)  Apple Inc.,90.65,91.81,90.43,91.72,24.74,
07/28/2020,AAPL,361.0,399.0,379.0,BULLISH,AAPL (BULLISH)  Apple Inc.,91.29,91.47,90.21,90.21,25.44,
07/29/2020,AAPL,362.0,398.0,373.0,BULLISH,AAPL (BULLISH)  Apple Inc.,90.69,92.12,90.66,91.94,24.1,
07/30/2020,AAPL,363.0,400.0,380.0,BULLISH,AAPL (BULLISH)  Apple Inc.,91.12,93.16,90.71,93.05,24.76,
07/31/2020,,,,,,,99.53,102.95,97.54,102.8,24.46,YES
08/03/2020,AAPL,376.0,437.0,425.0,BULLISH,AAPL (BULLISH) Apple Inc.,104.67,108.0,104.37,105.39,24.28,
08/04/2020,AAPL,381.0,459.0,435.0,BULLISH,AAPL (BULLISH) Apple Inc.,105.57,107.18,104.85,106.09,23.76,
08/05/2020,AAPL,395.0,455.0,438.0,BULLISH,AAPL (BULLISH) Apple Inc.,105.81,106.79,105.35,106.47,22.99,
08/06/2020,AAPL,404.0,462.0,440.0,BULLISH,AAPL (BULLISH) Apple Inc.,106.81,110.68,106.22,110.19,22.65,
08/07/2020,AAPL,412.0,475.0,455.0,BULLISH,AAPL (BULLISH) Apple Inc.,109.71,110.17,106.89,107.68,22.21,
08/10/2020,AAPL,419.0,481.0,444.0,BULLISH,AAPL (BULLISH) Apple Inc.,109.12,110.26,106.61,109.25,22.13,
08/11/2020,AAPL,422.0,481.0,450.0,BULLISH,AAPL (BULLISH) Apple Inc.,108.51,109.01,105.74,106.0,24.03,
08/12/2020,AAPL,409.0,475.0,437.0,BULLISH,AAPL (BULLISH) Apple Inc.,107.09,109.78,106.89,109.52,22.28,
08/13/2020,AAPL,420.0,462.0,452.0,BULLISH,AAPL (BULLISH) Apple Inc.,110.9,112.46,110.41,111.46,22.13,
08/14/2020,AAPL,426.0,464.0,460.0,BULLISH,AAPL (BULLISH) Apple Inc.,111.29,111.45,109.56,111.36,22.05,
08/17/2020,AAPL,432.0,466.0,459.0,BULLISH,AAPL (BULLISH) Apple Inc.,112.48,112.5,110.45,111.07,21.35,
08/18/2020,AAPL,433.0,468.0,458.0,BULLISH,AAPL (BULLISH) Apple Inc.,110.82,112.42,110.49,112.0,21.51,
08/19/2020,AAPL,437.0,470.0,462.0,BULLISH,AAPL (BULLISH) Apple Inc.,112.4,113.55,112.04,112.14,22.54,
08/20/2020,AAPL,436.0,470.0,462.0,BULLISH,AAPL (BULLISH) Apple Inc.,112.18,114.74,112.16,114.62,22.72,
08/21/2020,AAPL,440.0,479.0,473.0,BULLISH,AAPL (BULLISH) Apple Inc.,115.58,121.01,115.57,120.53,22.54,
08/24/2020,AAPL,460.0,507.0,497.0,BULLISH,AAPL (BULLISH) Apple Inc.,124.73,124.81,120.11,121.97,22.37,
08/25/2020,AAPL,468.0,506.0,503.0,BULLISH,AAPL (BULLISH) Apple Inc.,120.85,121.32,119.25,120.97,22.03,
08/26/2020,AAPL,471.0,512.0,499.0,BULLISH,AAPL (BULLISH) Apple Inc.,122.29,123.07,121.22,122.62,23.27,
08/27/2020,AAPL,447.0,518.0,506.0,BULLISH,AAPL (BULLISH) Apple Inc.,123.22,123.55,120.01,121.15,24.47,
08/28/2020,AAPL,450.0,523.0,500.0,BULLISH,AAPL (BULLISH) Apple Inc.,122.12,122.54,120.73,120.96,22.96,
08/31/2020,AAPL,454.0,524.0,499.0,BULLISH,AAPL (BULLISH) Apple Inc.,123.64,126.96,122.11,125.06,26.41,
09/01/2020,AAPL,116.0,133.0,129.0,BULLISH,AAPL (BULLISH) Apple Inc.,128.66,130.64,126.5,130.04,26.12,
09/02/2020,AAPL,118.0,137.0,134.0,BULLISH,AAPL (BULLISH) Apple Inc.,133.34,133.72,123.08,127.34,26.57,
09/03/2020,AAPL,120.0,134.0,131.0,BULLISH,AAPL (BULLISH) Apple Inc.,122.99,124.86,116.78,117.15,33.6,
09/04/2020,AAPL,117.0,134.0,120.0,BULLISH,AAPL (BULLISH) Apple Inc.,116.36,119.88,107.47,117.23,30.75,
09/08/2020,AAPL,116.0,134.0,120.0,BULLISH,AAPL (BULLISH) Apple Inc.,110.43,115.32,109.2,109.34,31.46,
09/09/2020,AAPL,110.0,125.0,112.0,NEUTRAL,AAPL (NEUTRAL) Apple Inc.,113.64,115.46,111.7,113.7,28.81,
09/10/2020,AAPL,110.0,124.0,117.0,NEUTRAL,AAPL (NEUTRAL) Apple Inc.,116.65,116.78,109.03,109.99,29.71,
09/11/2020,AAPL,107.0,123.0,113.0,NEUTRAL,AAPL (NEUTRAL) Apple Inc.,111.03,111.67,106.61,108.54,26.87,
09/14/2020,AAPL,102.0,122.0,112.0,NEUTRAL,AAPL (NEUTRAL) Apple Inc.,111.18,112.35,109.32,111.8,25.85,
09/15/2020,AAPL,103.0,121.0,115.0,NEUTRAL,AAPL (NEUTRAL) Apple Inc.,114.68,115.16,110.1,111.97,25.59,
09/16/2020,AAPL,104.0,119.0,115.0,NEUTRAL,AAPL (NEUTRAL) Apple Inc.,111.67,112.42,108.58,108.67,26.04,
09/17/2020,AAPL,103.0,117.0,112.0,BEARISH,AAPL (BEARISH) Apple Inc.,106.33,108.74,105.35,106.93,26.46,
09/18/2020,AAPL,103.0,116.0,110.0,BEARISH,AAPL (BEARISH) Apple Inc.,106.99,107.46,102.82,103.54,25.83,
09/21/2020,AAPL,103.0,115.0,106.0,BEARISH,AAPL (BEARISH) Apple Inc.,101.31,106.79,99.92,106.68,27.78,
09/22/2020,AAPL,105.0,120.0,110.0,BULLISH,AAPL (BULLISH) Apple Inc.,109.2,109.38,105.79,108.36,26.86,
09/23/2020,AAPL,106.0,118.0,111.0,BULLISH,AAPL (BULLISH) Apple Inc.,108.18,108.65,103.47,103.81,28.58,
09/24/2020,AAPL,104.0,115.0,107.0,NEUTRAL,AAPL (NEUTRAL) Apple Inc.,101.92,106.85,101.76,104.88,28.51,
09/25/2020,AAPL,104.0,117.0,108.0,NEUTRAL,AAPL (NEUTRAL) Apple Inc.,105.08,108.97,104.35,108.81,26.38,
09/28/2020,AAPL,105.0,116.0,112.0,NEUTRAL,AAPL (NEUTRAL) Apple Inc.,111.46,111.76,109.3,111.41,26.19,
09/29/2020,AAPL,104.0,116.0,114.0,NEUTRAL,AAPL (NEUTRAL) Apple Inc.,111.01,111.75,110.06,110.57,26.27,
09/30/2020,AAPL,104.0,116.0,114.0,NEUTRAL,AAPL (NEUTRAL) Apple Inc.,110.28,113.64,110.11,112.24,26.37,
10/01/2020,AAPL,104.0,118.0,115.0,NEUTRAL,AAPL (NEUTRAL) Apple Inc.,114.01,114.09,112.26,113.19,26.7,
10/02/2020,AAPL,104.0,118.0,116.0,NEUTRAL,AAPL (NEUTRAL) Apple Inc.,109.41,111.81,108.76,109.53,27.63,
10/05/2020,AAPL,105.0,118.0,113.0,NEUTRAL,AAPL (NEUTRAL) Apple Inc.,110.39,113.05,110.05,112.9,27.96,
10/06/2020,AAPL,105.0,120.0,116.0,NEUTRAL,AAPL (NEUTRAL) Apple Inc.,112.13,112.54,108.79,109.67,29.48,
10/07/2020,AAPL,106.0,118.0,113.0,NEUTRAL,AAPL (NEUTRAL) Apple Inc.,111.08,111.98,110.61,111.53,28.06,
10/08/2020,AAPL,109.0,118.0,115.0,NEUTRAL,AAPL (NEUTRAL) Apple Inc.,112.66,112.81,111.05,111.42,26.36,
10/09/2020,AAPL,110.0,117.0,114.0,NEUTRAL,AAPL (NEUTRAL) Apple Inc.,111.72,113.39,111.37,113.36,25.0,
10/12/2020,AAPL,111.0,118.0,116.0,NEUTRAL,AAPL (NEUTRAL) Apple Inc.,116.35,121.32,115.6,120.56,25.07,
10/13/2020,AAPL,110.0,126.0,124.0,NEUTRAL,AAPL (NEUTRAL) Apple Inc.,121.4,121.52,115.96,117.36,26.07,
10/14/2020,AAPL,107.0,124.0,121.0,NEUTRAL,AAPL (NEUTRAL) Apple Inc.,117.27,119.23,115.93,117.45,26.4,
10/15/2020,AAPL,109.0,125.0,121.0,NEUTRAL,AAPL (NEUTRAL) Apple Inc.,115.06,117.46,114.5,116.98,26.97,
10/16/2020,AAPL,110.0,126.0,120.0,BULLISH,AAPL (BULLISH) Apple Inc.,117.54,117.8,115.14,115.35,27.41,
10/19/2020,AAPL,111.0,126.0,119.0,BULLISH,AAPL (BULLISH) Apple Inc.,116.26,116.7,112.09,112.4,29.18,
10/20/2020,AAPL,112.0,125.0,115.0,BULLISH,AAPL (BULLISH) Apple Inc.,112.61,115.31,112.06,113.88,29.35,
10/21/2020,AAPL,113.0,126.0,117.0,BULLISH,AAPL (BULLISH) Apple Inc.,113.07,115.05,112.86,113.26,28.65,
10/22/2020,AAPL,113.0,125.0,116.0,BULLISH,AAPL (BULLISH) Apple Inc.,113.83,114.4,111.05,112.18,28.11,
10/23/2020,AAPL,113.0,125.0,115.0,BULLISH,AAPL (BULLISH) Apple Inc.,112.8,112.95,110.75,111.49,27.55,
10/26/2020,AAPL,110.0,122.0,115.0,NEUTRAL,AAPL (NEUTRAL) Apple Inc.,110.49,112.95,109.4,111.5,32.46,
10/27/2020,AAPL,110.0,122.0,115.0,NEUTRAL,AAPL (NEUTRAL) Apple Inc.,111.93,113.66,111.01,113.0,33.35,
10/28/2020,AAPL,110.0,121.0,116.0,NEUTRAL,AAPL (NEUTRAL) Apple Inc.,111.5,111.87,107.67,107.77,40.28,
10/29/2020,AAPL,109.0,120.0,111.0,NEUTRAL,AAPL (NEUTRAL) Apple Inc.,108.9,113.32,108.74,111.76,37.59,
10/30/2020,AAPL,108.0,118.0,115.0,NEUTRAL,AAPL (NEUTRAL) Apple Inc.,107.63,108.53,104.4,105.5,38.02,
11/02/2020,AAPL,106.0,115.0,108.0,BEARISH,AAPL (BEARISH) Apple Inc.,105.74,107.26,104.01,105.41,37.13,
11/03/2020,AAPL,106.0,114.0,108.0,BEARISH,AAPL (BEARISH) Apple Inc.,106.28,108.05,105.37,107.03,35.55,
11/04/2020,AAPL,106.0,114.0,110.0,BEARISH,AAPL (BEARISH) Apple Inc.,110.62,112.02,108.88,111.4,29.57,
11/05/2020,AAPL,107.0,120.0,114.0,BULLISH,AAPL (BULLISH) Apple Inc.,114.31,115.93,113.26,115.36,27.58,
11/06/2020,AAPL,106.0,121.0,119.0,BULLISH,AAPL (BULLISH) Apple Inc.,114.87,115.72,112.74,115.23,24.86,
11/09/2020,AAPL,107.0,122.0,118.0,BULLISH,AAPL (BULLISH) Apple Inc.,116.98,118.43,112.66,112.92,25.75,
11/10/2020,AAPL,105.0,121.0,116.0,NEUTRAL,AAPL (NEUTRAL) Apple Inc.,112.18,114.16,110.8,112.58,24.8,
11/11/2020,AAPL,106.0,121.0,115.0,NEUTRAL,AAPL (NEUTRAL) Apple Inc.,113.77,116.14,113.04,116.0,23.45,
11/12/2020,AAPL,106.0,123.0,119.0,NEUTRAL,AAPL (NEUTRAL) Apple Inc.,116.13,117.01,115.11,115.73,25.35,
11/13/2020,AAPL,108.0,125.0,119.0,BULLISH,AAPL (BULLISH) Apple Inc.,115.95,116.18,114.43,115.78,23.1,
11/16/2020,AAPL,110.0,124.0,119.0,BULLISH,AAPL (BULLISH) Apple Inc.,115.45,117.46,114.7,116.79,22.45,
11/17/2020,AAPL,112.0,123.0,120.0,BULLISH,AAPL (BULLISH) Apple Inc.,116.06,117.15,115.49,115.9,22.71,
11/18/2020,AAPL,114.0,122.0,119.0,BULLISH,AAPL (BULLISH) Apple Inc.,115.15,116.32,114.56,114.58,23.84,
11/19/2020,AAPL,114.0,121.0,118.0,BULLISH,AAPL (BULLISH) Apple Inc.,114.16,115.58,113.4,115.18,23.11,
11/20/2020,AAPL,115.0,122.0,118.0,BULLISH,AAPL (BULLISH) Apple Inc.,115.18,115.3,113.87,113.91,23.7,
11/23/2020,AAPL,115.0,122.0,117.0,BULLISH,AAPL (BULLISH) Apple Inc.,113.76,114.19,110.43,110.53,22.66,
11/24/2020,AAPL,112.0,122.0,113.0,BULLISH,AAPL (BULLISH) Apple Inc.,110.58,112.47,109.3,111.81,21.64,
11/25/2020,AAPL,113.0,122.0,115.0,BULLISH,AAPL (BULLISH) Apple Inc.,112.18,113.34,111.81,112.64,21.25,
11/27/2020,AAPL,112.0,121.0,116.0,BULLISH,AAPL (BULLISH) Apple Inc.,113.17,114.06,112.83,113.19,20.84,
11/30/2020,,,,,,,113.56,117.44,113.4,115.57,20.57,YES
12/01/2020,AAPL,113.0,122.0,119.0,BULLISH,AAPL (BULLISH) Apple Inc.,117.48,119.87,116.51,119.14,20.77,
12/02/2020,AAPL,113.0,123.0,122.0,BULLISH,AAPL (BULLISH) Apple Inc.,118.46,119.77,117.36,119.49,21.17,
12/03/2020,AAPL,113.0,124.0,123.0,BULLISH,AAPL (BULLISH) Apple Inc.,119.91,120.17,118.64,119.35,21.28,
12/04/2020,AAPL,113.0,125.0,122.0,BULLISH,AAPL (BULLISH) Apple Inc.,119.02,119.27,117.97,118.68,20.79,
12/07/2020,AAPL,113.0,126.0,122.0,BULLISH,AAPL (BULLISH) Apple Inc.,118.74,120.93,118.68,120.14,21.3,
12/08/2020,AAPL,115.0,128.0,123.0,BULLISH,AAPL (BULLISH) Apple Inc.,120.74,121.33,119.5,120.75,20.68,
12/09/2020,AAPL,119.0,128.0,124.0,BULLISH,AAPL (BULLISH) Apple Inc.,120.89,122.27,117.47,118.23,22.27,
12/10/2020,AAPL,118.0,127.0,121.0,BULLISH,AAPL (BULLISH) Apple Inc.,116.98,120.25,116.64,119.64,22.52,
12/11/2020,AAPL,119.0,126.0,123.0,BULLISH,AAPL (BULLISH) Apple Inc.,118.86,119.18,117.03,118.84,23.31,
12/14/2020,AAPL,120.0,126.0,122.0,BULLISH,AAPL (BULLISH) Apple Inc.,119.02,119.75,117.99,118.23,24.72,
12/15/2020,AAPL,121.0,126.0,121.0,BULLISH,AAPL (BULLISH) Apple Inc.,120.71,124.17,120.51,124.15,22.89,
12/16/2020,AAPL,122.0,129.0,127.0,BULLISH,AAPL (BULLISH) Apple Inc.,123.69,124.62,122.87,124.08,22.5,
12/17/2020,AAPL,122.0,129.0,127.0,BULLISH,AAPL (BULLISH) Apple Inc.,125.14,125.8,124.3,124.94,21.93,
12/18/2020,AAPL,122.0,130.0,128.0,BULLISH,AAPL (BULLISH) Apple Inc.,125.2,125.33,122.44,122.96,21.57,
12/21/2020,AAPL,119.0,130.0,126.0,BULLISH,AAPL (BULLISH) Apple Inc.,121.37,124.56,119.85,124.49,25.16,
12/22/2020,AAPL,122.0,132.0,128.0,BULLISH,AAPL (BULLISH) Apple Inc.,127.77,130.49,125.87,128.03,24.23,
12/23/2020,AAPL,125.0,134.0,131.0,BULLISH,AAPL (BULLISH) Apple Inc.,128.3,128.56,126.96,127.14,23.31,
12/24/2020,AAPL,126.0,134.0,130.0,BULLISH,AAPL (BULLISH) Apple Inc.,127.49,129.56,127.27,128.12,21.53,
12/28/2020,AAPL,126.0,135.0,131.0,BULLISH,AAPL (BULLISH) Apple Inc.,130.08,133.33,129.61,132.7,21.7,
12/29/2020,AAPL,129.0,137.0,136.0,BULLISH,AAPL (BULLISH) Apple Inc.,134.02,134.74,130.42,130.93,23.08,
12/30/2020,AAPL,129.0,137.0,134.0,BULLISH,AAPL (BULLISH) Apple Inc.,131.62,132.02,129.51,129.82,22.77,
12/31/2020,AAPL,129.0,138.0,133.0,BULLISH,AAPL (BULLISH) Apple Inc.,130.17,130.81,127.88,128.82,22.75,
01/04/2021,AAPL,127.0,138.0,132.0,BULLISH,AAPL (BULLISH) Apple Inc.,129.62,129.71,123.06,125.63,26.97,
01/05/2021,AAPL,127.0,137.0,129.0,BULLISH,AAPL (BULLISH) Apple Inc.,125.13,127.89,124.68,127.19,25.34,
01/06/2021,AAPL,128.0,138.0,131.0,BULLISH,AAPL (BULLISH) Apple Inc.,123.99,127.22,122.69,122.9,25.07,
01/07/2021,AAPL,125.0,138.0,126.0,BULLISH,AAPL (BULLISH) Apple Inc.,124.61,127.79,124.13,127.1,22.37,
01/08/2021,AAPL,126.0,138.0,130.0,BULLISH,AAPL (BULLISH) Apple Inc.,128.56,128.76,126.43,128.2,21.56,
01/11/2021,AAPL,126.0,137.0,132.0,BULLISH,AAPL (BULLISH) Apple Inc.,125.42,126.37,124.75,125.22,24.08,
01/12/2021,AAPL,126.0,136.0,128.0,BULLISH,AAPL (BULLISH) Apple Inc.,124.75,125.9,123.16,125.04,23.33,
01/13/2021,AAPL,126.0,136.0,128.0,BULLISH,AAPL (BULLISH) Apple Inc.,125.0,127.61,124.74,127.07,22.21,
01/14/2021,AAPL,127.0,135.0,130.0,BULLISH,AAPL (BULLISH) Apple Inc.,126.98,127.18,125.0,125.15,23.25,
01/15/2021,AAPL,126.0,134.0,128.0,BULLISH,AAPL (BULLISH) Apple Inc.,125.02,126.42,123.29,123.43,24.34,
01/19/2021,AAPL,126.0,134.0,127.0,BULLISH,AAPL (BULLISH) Apple Inc.,124.05,124.95,123.23,124.1,23.24,
01/20/2021,AAPL,125.0,133.0,127.0,BULLISH,AAPL (BULLISH) Apple Inc.,124.9,128.62,124.8,128.18,21.58,
01/21/2021,AAPL,126.0,134.0,132.0,BULLISH,AAPL (BULLISH) Apple Inc.,129.89,135.59,129.69,132.87,21.32,
01/22/2021,AAPL,127.0,138.0,136.0,BULLISH,AAPL (BULLISH) Apple Inc.,132.3,135.77,131.08,135.01,21.91,
01/25/2021,AAPL,129.0,141.0,139.0,BULLISH,AAPL (BULLISH) Apple Inc.,138.89,140.85,132.55,138.75,23.19,
01/26/2021,AAPL,131.0,145.0,142.0,BULLISH,AAPL (BULLISH) Apple Inc.,139.41,140.09,137.24,138.98,23.02,
01/27/2021,AAPL,133.0,147.0,143.0,BULLISH,AAPL (BULLISH) Apple Inc.,139.24,140.09,136.31,137.91,37.21,
01/28/2021,AAPL,125.0,148.0,142.0,BULLISH,AAPL (BULLISH) Apple Inc.,135.45,137.85,132.71,133.09,30.21,
01/29/2021,AAPL,126.0,148.0,137.0,BULLISH,AAPL (BULLISH) Apple Inc.,131.87,132.75,126.41,128.11,33.09,
02/01/2021,AAPL,126.0,148.0,131.0,BULLISH,AAPL (BULLISH) Apple Inc.,129.85,131.43,127.11,130.22,30.24,
02/02/2021,AAPL,128.0,147.0,134.0,BULLISH,AAPL (BULLISH) Apple Inc.,131.77,132.33,130.68,131.05,25.56,
02/03/2021,,,,,,,131.8,131.81,129.71,130.03,22.91,YES
02/04/2021,,,,,,,132.32,133.39,130.66,133.38,21.77,YES
02/05/2021,AAPL,132.0,146.0,137.0,BULLISH,AAPL (BULLISH) Apple Inc.,133.54,133.61,132.09,132.97,20.87,
02/08/2021,AAPL,129.0,145.0,136.0,BULLISH,AAPL (BULLISH) Apple Inc.,132.26,133.16,131.18,133.11,21.24,
02/09/2021,AAPL,130.0,142.0,136.0,BULLISH,AAPL (BULLISH) Apple Inc.,132.83,134.06,132.08,132.24,21.63,
02/10/2021,AAPL,132.0,141.0,136.0,BULLISH,AAPL (BULLISH) Apple Inc.,132.69,133.19,130.67,131.63,21.99,
02/11/2021,AAPL,132.0,140.0,135.0,BULLISH,AAPL (BULLISH) Apple Inc.,132.13,132.61,130.06,131.38,21.25,
02/12/2021,AAPL,132.0,139.0,135.0,BULLISH,AAPL (BULLISH) Apple Inc.,130.62,131.77,129.98,131.61,19.97,
02/16/2021,AAPL,133.0,139.0,135.0,BULLISH,AAPL (BULLISH) Apple Inc.,131.73,132.24,129.11,129.5,21.46,
02/17/2021,AAPL,131.0,139.0,133.0,BULLISH,AAPL (BULLISH) Apple Inc.,127.61,128.55,125.88,127.21,21.5,
02/18/2021,AAPL,129.0,140.0,130.0,BULLISH,AAPL (BULLISH) Apple Inc.,125.62,126.39,123.88,126.11,22.49,
02/19/2021,AAPL,129.0,140.0,129.0,BULLISH,AAPL (BULLISH) Apple Inc.,126.63,127.08,125.23,126.27,22.05,
02/22/2021,AAPL,128.0,139.0,129.0,BULLISH,AAPL (BULLISH) Apple Inc.,124.46,126.12,122.12,122.5,23.45,
02/23/2021,AAPL,125.0,133.0,126.0,BULLISH,AAPL (BULLISH) Apple Inc.,120.33,123.2,115.11,122.37,23.11,
02/24/2021,,,,,,,121.47,122.08,118.84,121.87,21.34,YES
02/25/2021,AAPL,121.0,132.0,125.0,BEARISH,AAPL (BEARISH) Apple Inc.,121.22,122.95,117.2,117.63,28.89,
02/26/2021,AAPL,118.0,130.0,120.0,BEARISH,AAPL (BEARISH) Apple Inc.,119.19,121.39,117.84,117.9,27.95,
03/01/2021,AAPL,118.0,130.0,121.0,BEARISH,AAPL (BEARISH) Apple Inc.,120.32,124.38,119.38,124.25,23.35,
03/02/2021,AAPL,119.0,132.0,127.0,BEARISH,AAPL (BEARISH) Apple Inc.,124.85,125.15,121.54,121.65,24.1,
03/03/2021,AAPL,117.0,130.0,125.0,BEARISH,AAPL (BEARISH) Apple Inc.,121.35,122.22,118.46,118.67,26.67,
03/04/2021,AAPL,117.0,129.0,122.0,BEARISH,AAPL (BEARISH) Apple Inc.,118.37,120.17,115.33,116.8,28.57,
03/05/2021,AAPL,117.0,128.0,120.0,BEARISH,AAPL (BEARISH) Apple Inc.,117.62,118.56,114.31,118.05,24.66,
03/08/2021,AAPL,117.0,128.0,121.0,BEARISH,AAPL (BEARISH) Apple Inc.,117.58,117.64,112.99,113.13,25.47,
03/09/2021,AAPL,115.0,127.0,116.0,BEARISH,AAPL (BEARISH) Apple Inc.,115.73,118.67,115.49,117.73,24.03,
03/10/2021,AAPL,115.0,126.0,121.0,BEARISH,AAPL (BEARISH) Apple Inc.,118.31,118.78,116.14,116.65,22.56,
03/11/2021,AAPL,115.0,126.0,119.0,BEARISH,AAPL (BEARISH) Apple Inc.,119.14,119.79,117.9,118.58,21.91,
03/12/2021,AAPL,115.0,125.0,121.0,BEARISH,AAPL (BEARISH) Apple Inc.,117.06,117.81,115.85,117.67,20.69,
03/15/2021,AAPL,116.0,125.0,121.0,BEARISH,AAPL (BEARISH) Apple Inc.,118.04,120.56,117.08,120.55,20.03,
03/16/2021,AAPL,116.0,125.0,123.0,BEARISH,AAPL (BEARISH) Apple Inc.,122.21,123.69,121.26,122.09,19.79,
03/17/2021,AAPL,116.0,127.0,125.0,BEARISH,AAPL (BEARISH) Apple Inc.,120.61,122.37,118.95,121.3,19.23,
03/18/2021,AAPL,116.0,127.0,124.0,BEARISH,AAPL (BEARISH) Apple Inc.,119.47,119.76,116.98,117.19,21.58,
03/19/2021,AAPL,116.0,126.0,120.0,BEARISH,AAPL (BEARISH) Apple Inc.,116.57,118.06,116.36,116.66,20.95,
03/22/2021,AAPL,117.0,126.0,119.0,BEARISH,AAPL (BEARISH) Apple Inc.,116.99,120.43,116.92,119.97,18.88,
03/23/2021,AAPL,118.0,127.0,123.0,BEARISH,AAPL (BEARISH) Apple Inc.,119.91,120.79,118.75,119.14,20.3,
03/24/2021,AAPL,119.0,128.0,122.0,BEARISH,AAPL (BEARISH) Apple Inc.,119.41,119.49,116.74,116.76,21.2,
03/25/2021,AAPL,117.0,126.0,120.0,BEARISH,AAPL (BEARISH) Apple Inc.,116.22,118.29,115.7,117.24,19.81,
03/26/2021,AAPL,118.0,127.0,120.0,BEARISH,AAPL (BEARISH) Apple Inc.,117.01,118.11,115.62,117.85,18.86,
03/29/2021,AAPL,118.0,125.0,121.0,BEARISH,AAPL (BEARISH) Apple Inc.,118.28,119.18,117.38,118.02,20.74,
03/30/2021,AAPL,118.0,125.0,121.0,BEARISH,AAPL (BEARISH) Apple Inc.,116.78,117.06,115.56,116.57,19.61,
03/31/2021,AAPL,118.0,124.0,119.0,BEARISH,AAPL (BEARISH) Apple Inc.,118.28,120.09,117.79,118.76,19.4,
04/01/2021,AAPL,119.0,125.0,122.0,BEARISH,AAPL (BEARISH) Apple Inc.,120.23,120.74,119.09,119.59,17.33,
04/05/2021,AAPL,119.0,125.0,123.0,BEARISH,AAPL (BEARISH) Apple Inc.,120.43,122.66,119.66,122.41,17.91,
04/06/2021,AAPL,118.0,127.0,125.0,BEARISH,AAPL (BEARISH) Apple Inc.,122.99,123.6,122.16,122.71,18.12,
04/07/2021,AAPL,118.0,127.0,126.0,BEARISH,AAPL (BEARISH) Apple Inc.,122.34,124.37,121.67,124.35,17.16,
04/08/2021,AAPL,120.0,130.0,127.0,BULLISH,AAPL (BULLISH) Apple Inc.,125.37,126.77,124.95,126.74,16.95,
04/09/2021,AAPL,123.0,132.0,130.0,BULLISH,AAPL (BULLISH) Apple Inc.,126.2,129.35,125.88,129.31,16.69,
04/12/2021,AAPL,124.0,134.0,132.0,BULLISH,AAPL (BULLISH) Apple Inc.,128.84,129.16,127.01,127.6,16.91,
04/13/2021,AAPL,125.0,135.0,131.0,BULLISH,AAPL (BULLISH) Apple Inc.,128.77,130.92,128.27,130.7,16.65,
04/14/2021,AAPL,126.0,137.0,134.0,BULLISH,AAPL (BULLISH) Apple Inc.,131.2,131.26,128.01,128.37,16.99,
04/15/2021,AAPL,126.0,137.0,132.0,BULLISH,AAPL (BULLISH) Apple Inc.,130.11,131.26,129.93,130.77,16.57,
04/16/2021,AAPL,127.0,138.0,134.0,BULLISH,AAPL (BULLISH) Apple Inc.,130.57,130.93,129.58,130.44,16.25,
04/19/2021,AAPL,128.0,138.0,134.0,BULLISH,AAPL (BULLISH) Apple Inc.,129.81,131.71,129.64,131.1,17.29,
04/20/2021,AAPL,128.0,138.0,134.0,BULLISH,AAPL (BULLISH) Apple Inc.,131.27,131.77,128.15,129.42,18.68,
04/21/2021,AAPL,129.0,137.0,133.0,BULLISH,AAPL (BULLISH) Apple Inc.,128.69,130.04,127.66,129.8,17.5,
04/22/2021,AAPL,130.0,137.0,133.0,BULLISH,AAPL (BULLISH) Apple Inc.,129.35,130.43,127.76,128.28,18.71,
04/23/2021,AAPL,131.0,137.0,131.0,BULLISH,AAPL (BULLISH) Apple Inc.,128.49,131.37,128.49,130.59,17.33,
04/26/2021,AAPL,131.0,137.0,134.0,BULLISH,AAPL (BULLISH) Apple Inc.,131.09,131.31,129.86,130.98,17.64,
04/27/2021,AAPL,131.0,137.0,134.0,BULLISH,AAPL (BULLISH) Apple Inc.,131.26,131.65,130.39,130.66,17.56,
04/28/2021,AAPL,131.0,136.0,134.0,BULLISH,AAPL (BULLISH) Apple Inc.,130.58,131.27,129.39,129.87,17.28,
04/29/2021,AAPL,132.0,139.0,133.0,BULLISH,AAPL (BULLISH) Apple Inc.,132.68,133.27,128.78,129.78,17.61,
04/30/2021,AAPL,132.0,139.0,133.0,BULLISH,AAPL (BULLISH) Apple Inc.,128.12,129.86,127.43,127.81,18.61,
05/03/2021,AAPL,130.0,137.0,131.0,BULLISH,AAPL (BULLISH) Apple Inc.,128.38,130.35,128.17,128.86,18.31,
05/04/2021,AAPL,131.0,136.0,132.0,BULLISH,AAPL (BULLISH) Apple Inc.,127.55,127.84,123.19,124.3,19.48,
05/05/2021,AAPL,127.0,137.0,127.0,BULLISH,AAPL (BULLISH) Apple Inc.,125.62,126.83,124.42,124.55,19.15,
05/06/2021,AAPL,127.0,137.0,128.0,BULLISH,AAPL (BULLISH) Apple Inc.,124.34,126.15,123.6,126.14,18.39,
05/07/2021,AAPL,127.0,137.0,129.0,BULLISH,AAPL (BULLISH) Apple Inc.,127.44,127.84,126.1,126.81,16.69,
05/10/2021,AAPL,126.0,135.0,130.0,BULLISH,AAPL (BULLISH) Apple Inc.,126.03,126.16,123.5,123.54,19.66,
05/11/2021,AAPL,124.0,131.0,126.0,NEUTRAL,AAPL (NEUTRAL) Apple Inc.,120.28,122.98,119.57,122.63,21.84,
05/12/2021,AAPL,123.0,130.0,125.0,BEARISH,AAPL (BEARISH) Apple Inc.,120.18,121.39,119.06,119.57,27.59,
05/13/2021,AAPL,121.0,129.0,122.0,BEARISH,AAPL (BEARISH) Apple Inc.,121.33,122.86,121.02,121.71,23.13,
05/14/2021,AAPL,121.0,129.0,124.0,BEARISH,AAPL (BEARISH) Apple Inc.,122.96,124.55,122.57,124.13,18.81,
05/17/2021,AAPL,121.0,131.0,127.0,BEARISH,AAPL (BEARISH) Apple Inc.,123.51,123.62,121.9,122.98,19.72,
05/18/2021,AAPL,122.0,130.0,126.0,BEARISH,AAPL (BEARISH) Apple Inc.,123.26,123.68,121.52,121.59,21.34,
05/19/2021,AAPL,121.0,129.0,124.0,BEARISH,AAPL (BEARISH) Apple Inc.,119.95,121.66,119.65,121.44,22.18,
05/20/2021,AAPL,121.0,129.0,124.0,BEARISH,AAPL (BEARISH) Apple Inc.,121.96,124.39,121.84,123.99,20.67,
05/21/2021,AAPL,122.0,129.0,127.0,BEARISH,AAPL (BEARISH) Apple Inc.,124.49,124.66,121.94,122.16,20.15,
05/24/2021,AAPL,122.0,128.0,125.0,BEARISH,AAPL (BEARISH) Apple Inc.,122.72,124.6,122.65,123.78,18.4,
05/25/2021,AAPL,122.0,129.0,127.0,NEUTRAL,AAPL (NEUTRAL) Apple Inc.,124.49,124.97,123.02,123.59,18.84,
05/26/2021,AAPL,123.0,129.0,126.0,NEUTRAL,AAPL (NEUTRAL) Apple Inc.,123.65,124.07,123.12,123.54,17.36,
05/27/2021,AAPL,123.0,128.0,126.0,BEARISH,AAPL (BEARISH) Apple Inc.,123.14,124.31,121.82,122.01,16.74,
05/28/2021,AAPL,123.0,128.0,125.0,BEARISH,AAPL (BEARISH) Apple Inc.,122.29,122.52,121.3,121.36,16.76,
06/01/2021,AAPL,123.0,128.0,124.0,BEARISH,AAPL (BEARISH) Apple Inc.,121.82,122.08,120.71,121.04,17.9,
06/02/2021,AAPL,122.0,127.0,124.0,BEARISH,AAPL (BEARISH) Apple Inc.,121.04,121.97,120.81,121.8,17.48,
06/03/2021,AAPL,122.0,128.0,125.0,BEARISH,AAPL (BEARISH) Apple Inc.,121.43,121.59,119.92,120.32,18.04,
06/04/2021,AAPL,121.0,127.0,123.0,BEARISH,AAPL (BEARISH) Apple Inc.,120.83,122.87,120.62,122.61,16.42,
06/07/2021,AAPL,122.0,128.0,125.0,BEARISH,AAPL (BEARISH) Apple Inc.,122.88,123.02,121.57,122.62,16.42,
06/08/2021,AAPL,123.0,128.0,125.0,BEARISH,AAPL (BEARISH) Apple Inc.,123.3,125.11,122.92,123.43,17.07,
06/09/2021,AAPL,123.0,128.0,126.0,BEARISH,AAPL (BEARISH) Apple Inc.,123.89,124.42,123.22,123.81,17.89,
06/10/2021,AAPL,123.0,128.0,127.0,BEARISH,AAPL (BEARISH) Apple Inc.,123.71,124.85,122.65,122.82,16.1,
06/11/2021,AAPL,123.0,128.0,126.0,BEARISH,AAPL (BEARISH) Apple Inc.,123.23,124.12,122.81,124.03,15.65,
06/14/2021,AAPL,123.0,129.0,127.0,NEUTRAL,AAPL (NEUTRAL) Apple Inc.,124.49,127.13,123.75,127.08,16.39,
06/15/2021,AAPL,126.0,132.0,130.0,BULLISH,AAPL (BULLISH) Apple Inc.,126.55,127.19,126.01,126.26,17.02,
06/16/2021,AAPL,126.0,131.0,129.0,BULLISH,AAPL (BULLISH) Apple Inc.,126.97,127.48,125.11,126.75,18.15,
06/17/2021,AAPL,124.0,131.0,130.0,BULLISH,AAPL (BULLISH) Apple Inc.,126.41,129.09,126.27,128.35,17.75,
06/18/2021,AAPL,125.0,134.0,131.0,BULLISH,AAPL (BULLISH) Apple Inc.,127.3,128.08,126.84,127.06,20.7,
06/21/2021,AAPL,126.0,133.0,130.0,BULLISH,AAPL (BULLISH) Apple Inc.,126.9,128.96,125.84,128.85,17.89,
06/22/2021,AAPL,127.0,134.0,132.0,BULLISH,AAPL (BULLISH) Apple Inc.,128.68,130.58,128.19,130.48,16.66,
06/23/2021,AAPL,128.0,135.0,133.0,BULLISH,AAPL (BULLISH) Apple Inc.,130.28,130.82,129.75,130.21,16.32,
06/24/2021,AAPL,128.0,136.0,133.0,BULLISH,AAPL (BULLISH) Apple Inc.,130.94,131.13,129.46,129.93,15.97,
06/25/2021,AAPL,130.0,135.0,133.0,BULLISH,AAPL (BULLISH) Apple Inc.,129.98,130.4,129.35,129.64,15.62,
06/28/2021,AAPL,129.0,135.0,133.0,BULLISH,AAPL (BULLISH) Apple Inc.,129.93,131.72,129.87,131.26,15.76,
06/29/2021,AAPL,130.0,137.0,134.0,BULLISH,AAPL (BULLISH) Apple Inc.,131.28,132.93,130.85,132.77,16.02,
06/30/2021,AAPL,130.0,138.0,136.0,BULLISH,AAPL (BULLISH) Apple Inc.,132.62,133.83,132.33,133.39,15.83,
07/01/2021,AAPL,131.0,139.0,136.0,BULLISH,AAPL (BULLISH) Apple Inc.,133.04,133.75,132.22,133.69,15.48,
07/02/2021,AAPL,131.0,139.0,137.0,BULLISH,AAPL (BULLISH) Apple Inc.,134.3,136.35,134.16,136.31,15.07,
07/06/2021,AAPL,134.0,141.0,139.0,BULLISH,AAPL (BULLISH) Apple Inc.,136.42,139.42,136.42,138.31,16.44,
07/07/2021,AAPL,136.0,143.0,142.0,BULLISH,AAPL (BULLISH) Apple Inc.,139.8,141.11,138.94,140.8,16.2,
07/08/2021,AAPL,137.0,145.0,144.0,BULLISH,AAPL (BULLISH) Apple Inc.,137.89,140.3,137.0,139.5,19.0,
07/09/2021,AAPL,138.0,146.0,143.0,BULLISH,AAPL (BULLISH) Apple Inc.,139.03,141.85,138.93,141.32,16.18,
07/12/2021,AAPL,139.0,148.0,145.0,BULLISH,AAPL (BULLISH) Apple Inc.,142.4,142.5,140.24,140.73,16.17,
07/13/2021,AAPL,137.0,148.0,144.0,BULLISH,AAPL (BULLISH) Apple Inc.,140.27,143.61,139.88,141.84,17.12,
07/14/2021,AAPL,139.0,149.0,145.0,BULLISH,AAPL (BULLISH) Apple Inc.,144.24,145.67,143.83,145.26,16.33,
07/15/2021,AAPL,142.0,151.0,149.0,BULLISH,AAPL (BULLISH) Apple Inc.,145.35,146.09,143.25,144.61,17.01,
07/16/2021,AAPL,141.0,151.0,148.0,BULLISH,AAPL (BULLISH) Apple Inc.,144.59,145.85,142.07,142.57,18.45,
07/19/2021,AAPL,141.0,150.0,146.0,BULLISH,AAPL (BULLISH) Apple Inc.,140.0,140.31,137.97,138.73,22.5,
07/20/2021,AAPL,141.0,150.0,142.0,BULLISH,AAPL (BULLISH) Apple Inc.,139.72,143.26,139.23,142.34,19.73,
07/21/2021,AAPL,141.0,150.0,146.0,BULLISH,AAPL (BULLISH) Apple Inc.,141.73,142.32,140.86,141.61,17.91,
07/22/2021,AAPL,142.0,151.0,145.0,BULLISH,AAPL (BULLISH) Apple Inc.,142.13,144.33,142.01,142.97,17.69,
07/23/2021,AAPL,143.0,151.0,146.0,BULLISH,AAPL (BULLISH) Apple Inc.,143.7,144.84,143.09,144.68,17.2,
07/26/2021,AAPL,143.0,151.0,148.0,BULLISH,AAPL (BULLISH) Apple Inc.,144.4,145.92,143.85,145.1,17.58,
07/27/2021,AAPL,144.0,152.0,148.0,BULLISH,AAPL (BULLISH) Apple Inc.,145.23,145.32,141.75,142.94,19.36,
07/28/2021,,,,,,,141.03,143.14,138.82,141.2,18.31,YES
07/29/2021,AAPL,143.0,150.0,144.0,BULLISH,AAPL (BULLISH) Apple Inc.,140.92,142.73,140.81,141.84,17.7,
07/30/2021,AAPL,142.0,150.0,145.0,BULLISH,AAPL (BULLISH) Apple Inc.,140.61,142.51,140.35,142.05,18.24,
08/02/2021,AAPL,143.0,150.0,145.0,BULLISH,AAPL (BULLISH) Apple Inc.,142.54,143.12,141.46,141.72,19.46,
08/03/2021,AAPL,143.0,150.0,145.0,BULLISH,AAPL (BULLISH) Apple Inc.,142.01,144.18,141.39,143.52,18.04,
08/04/2021,AAPL,144.0,151.0,147.0,BULLISH,AAPL (BULLISH) Apple Inc.,143.43,143.93,142.46,143.12,17.97,
08/05/2021,AAPL,144.0,150.0,146.0,BULLISH,AAPL (BULLISH) Apple Inc.,143.15,143.98,142.36,143.22,17.28,
08/06/2021,AAPL,144.0,150.0,147.0,BULLISH,AAPL (BULLISH) Apple Inc.,142.75,143.49,142.04,142.54,16.15,
08/09/2021,AAPL,144.0,149.0,146.0,BULLISH,AAPL (BULLISH) Apple Inc.,142.6,143.09,141.94,142.49,16.72,
08/10/2021,AAPL,144.0,148.0,146.0,BULLISH,AAPL (BULLISH) Apple Inc.,142.83,144.07,141.72,142.01,16.79,
08/11/2021,AAPL,144.0,148.0,145.0,BULLISH,AAPL (BULLISH) Apple Inc.,142.45,143.11,141.95,142.27,16.17,
08/12/2021,AAPL,144.0,148.0,145.0,BULLISH,AAPL (BULLISH) Apple Inc.,142.59,145.38,142.25,145.22,15.59,
08/13/2021,AAPL,145.0,150.0,148.0,BULLISH,AAPL (BULLISH) Apple Inc.,145.3,145.76,144.62,145.43,15.45,
08/16/2021,AAPL,145.0,151.0,149.0,BULLISH,AAPL (BULLISH) Apple Inc.,144.88,147.47,142.86,147.4,16.12,
08/17/2021,AAPL,145.0,152.0,151.0,BULLISH,AAPL (BULLISH) Apple Inc.,146.53,147.94,145.42,146.49,17.91,
08/18/2021,AAPL,146.0,152.0,150.0,BULLISH,AAPL (BULLISH) Apple Inc.,146.11,147.01,142.55,142.76,21.57,
08/19/2021,AAPL,143.0,152.0,146.0,BULLISH,AAPL (BULLISH) Apple Inc.,141.46,144.35,140.94,143.09,21.67,
08/20/2021,AAPL,143.0,152.0,146.0,BULLISH,AAPL (BULLISH) Apple Inc.,143.81,144.84,143.16,144.54,18.56,
08/23/2021,AAPL,144.0,153.0,148.0,BULLISH,AAPL (BULLISH) Apple Inc.,144.66,146.49,144.25,146.02,17.15,
08/24/2021,AAPL,146.0,153.0,149.0,BULLISH,AAPL (BULLISH) Apple Inc.,145.77,147.14,145.48,145.93,17.22,
08/25/2021,AAPL,146.0,153.0,149.0,BULLISH,AAPL (BULLISH) Apple Inc.,146.12,146.62,144.16,144.71,16.79,
08/26/2021,AAPL,146.0,152.0,148.0,BULLISH,AAPL (BULLISH) Apple Inc.,144.7,145.45,143.88,143.91,18.84,
08/27/2021,AAPL,145.0,153.0,147.0,BULLISH,AAPL (BULLISH) Apple Inc.,143.85,145.09,143.21,144.94,16.39,
08/30/2021,AAPL,145.0,152.0,148.0,BULLISH,AAPL (BULLISH) Apple Inc.,145.33,149.71,144.95,149.35,16.19,
08/31/2021,AAPL,147.0,155.0,153.0,BULLISH,AAPL (BULLISH) Apple Inc.,148.9,149.04,147.56,148.09,16.48,
09/01/2021,AAPL,147.0,154.0,151.0,BULLISH,AAPL (BULLISH) Apple Inc.,149.07,151.16,148.59,148.75,16.11,
09/02/2021,AAPL,148.0,154.0,152.0,BULLISH,AAPL (BULLISH) Apple Inc.,150.08,150.91,148.65,149.87,16.41,
09/03/2021,AAPL,148.0,156.0,153.0,BULLISH,AAPL (BULLISH) Apple Inc.,149.97,150.82,149.32,150.5,16.41,
09/07/2021,AAPL,148.0,157.0,154.0,BULLISH,AAPL (BULLISH) Apple Inc.,151.15,153.39,150.59,152.83,18.14,
09/08/2021,AAPL,149.0,159.0,156.0,BULLISH,AAPL (BULLISH) Apple Inc.,153.11,153.17,150.19,151.29,17.96,
09/09/2021,AAPL,149.0,159.0,155.0,BULLISH,AAPL (BULLISH) Apple Inc.,151.66,152.27,150.16,150.28,18.8,
09/10/2021,AAPL,150.0,159.0,154.0,BULLISH,AAPL (BULLISH) Apple Inc.,151.18,151.65,145.04,145.3,20.95,
09/13/2021,AAPL,147.0,158.0,148.0,BULLISH,AAPL (BULLISH) Apple Inc.,146.92,147.69,145.09,145.87,19.37,
09/14/2021,AAPL,147.0,158.0,149.0,BULLISH,AAPL (BULLISH) Apple Inc.,146.65,147.35,143.29,144.47,19.46,
09/15/2021,AAPL,146.0,158.0,148.0,BULLISH,AAPL (BULLISH) Apple Inc.,144.9,145.76,142.77,145.36,18.18,
09/16/2021,AAPL,146.0,158.0,149.0,BULLISH,AAPL (BULLISH) Apple Inc.,144.78,145.3,143.59,145.13,18.69,
09/17/2021,AAPL,145.0,158.0,148.0,BULLISH,AAPL (BULLISH) Apple Inc.,145.15,145.15,142.17,142.46,20.81,
09/20/2021,AAPL,143.0,157.0,146.0,BULLISH,AAPL (BULLISH) Apple Inc.,140.26,141.27,137.79,139.42,25.71,
09/21/2021,AAPL,142.0,156.0,142.0,BULLISH,AAPL (BULLISH) Apple Inc.,140.39,141.04,139.26,139.9,24.36,
09/22/2021,AAPL,141.0,155.0,143.0,BULLISH,AAPL (BULLISH) Apple Inc.,140.89,142.82,140.16,142.26,20.87,
09/23/2021,AAPL,142.0,154.0,145.0,BULLISH,AAPL (BULLISH) Apple Inc.,143.04,143.46,142.05,143.21,18.63,
09/24/2021,AAPL,142.0,152.0,146.0,BULLISH,AAPL (BULLISH) Apple Inc.,142.07,143.84,141.97,143.3,17.75,
09/27/2021,AAPL,142.0,151.0,146.0,BULLISH,AAPL (BULLISH) Apple Inc.,141.89,142.37,140.28,141.79,18.76,
09/28/2021,AAPL,142.0,151.0,145.0,BULLISH,AAPL (BULLISH) Apple Inc.,139.72,141.18,138.2,138.41,23.25,
09/29/2021,AAPL,140.0,150.0,141.0,BULLISH,AAPL (BULLISH) Apple Inc.,138.96,140.89,138.53,139.31,22.56,
09/30/2021,AAPL,140.0,149.0,142.0,BULLISH,AAPL (BULLISH) Apple Inc.,140.12,140.82,137.8,138.01,23.14,
10/01/2021,AAPL,139.0,148.0,141.0,NEUTRAL,AAPL (NEUTRAL) Apple Inc.,138.41,139.4,135.68,139.14,21.1,
10/04/2021,AAPL,140.0,149.0,142.0,NEUTRAL,AAPL (NEUTRAL) Apple Inc.,138.27,138.71,134.86,135.71,22.96,
10/05/2021,AAPL,137.0,146.0,139.0,BEARISH,AAPL (BEARISH) Apple Inc.,136.05,138.74,135.93,137.63,21.3,
10/06/2021,AAPL,137.0,147.0,141.0,BEARISH,AAPL (BEARISH) Apple Inc.,136.04,138.65,134.96,138.5,21.0,
10/07/2021,AAPL,138.0,147.0,142.0,BEARISH,AAPL (BEARISH) Apple Inc.,139.54,140.67,139.2,139.76,19.54,
10/08/2021,AAPL,139.0,147.0,143.0,BEARISH,AAPL (BEARISH) Apple Inc.,140.48,140.63,139.05,139.38,18.77,
10/11/2021,AAPL,139.0,146.0,142.0,BEARISH,AAPL (BEARISH) Apple Inc.,138.77,141.24,138.32,139.29,20.0,
10/12/2021,AAPL,139.0,145.0,142.0,BEARISH,AAPL (BEARISH) Apple Inc.,139.7,139.72,137.57,138.02,19.85,
10/13/2021,AAPL,136.0,144.0,141.0,BEARISH,AAPL (BEARISH) Apple Inc.,137.76,137.92,135.77,137.44,18.64,
10/14/2021,AAPL,138.0,144.0,140.0,BEARISH,AAPL (BEARISH) Apple Inc.,138.61,140.34,138.02,140.22,16.86,
10/15/2021,AAPL,139.0,146.0,143.0,NEUTRAL,AAPL (NEUTRAL) Apple Inc.,140.23,141.33,139.98,141.27,16.3,
10/18/2021,AAPL,140.0,146.0,144.0,NEUTRAL,AAPL (NEUTRAL) Apple Inc.,139.92,143.22,139.63,142.94,16.31,
10/19/2021,AAPL,140.0,148.0,146.0,BULLISH,AAPL (BULLISH) Apple Inc.,143.39,145.5,142.94,145.1,15.7,
10/20/2021,AAPL,141.0,150.0,148.0,BULLISH,AAPL (BULLISH) Apple Inc.,145.04,146.06,144.47,145.58,15.49,
10/21/2021,AAPL,142.0,151.0,149.0,BULLISH,AAPL (BULLISH) Apple Inc.,145.14,145.95,144.23,145.8,15.01,
10/22/2021,AAPL,143.0,152.0,149.0,BULLISH,AAPL (BULLISH) Apple Inc.,146.0,146.48,144.98,145.03,15.43,
10/25/2021,AAPL,143.0,153.0,148.0,BULLISH,AAPL (BULLISH) Apple Inc.,145.02,145.69,143.98,144.98,15.24,
10/26/2021,AAPL,141.0,153.0,148.0,BULLISH,AAPL (BULLISH) Apple Inc.,145.65,147.12,145.34,145.64,15.98,
10/27/2021,AAPL,141.0,153.0,149.0,BULLISH,AAPL (BULLISH) Apple Inc.,145.68,146.04,144.83,145.18,16.98,
10/28/2021,,,,,,,146.13,149.4,146.03,148.81,16.53,YES
10/29/2021,AAPL,142.0,154.0,152.0,BULLISH,AAPL (BULLISH) Apple Inc.,143.59,146.25,142.8,146.11,16.26,
11/01/2021,AAPL,144.0,153.0,149.0,BULLISH,AAPL (BULLISH) Apple Inc.,145.32,146.01,144.16,145.29,16.41,
11/02/2021,AAPL,146.0,153.0,148.0,BULLISH,AAPL (BULLISH) Apple Inc.,145.0,147.84,144.99,146.33,16.03,
11/03/2021,AAPL,146.0,153.0,150.0,BULLISH,AAPL (BULLISH) Apple Inc.,146.69,148.23,146.13,147.76,15.1,
11/04/2021,AAPL,147.0,154.0,151.0,BULLISH,AAPL (BULLISH) Apple Inc.,147.85,148.68,146.93,147.24,15.44,
11/05/2021,AAPL,147.0,154.0,150.0,BULLISH,AAPL (BULLISH) Apple Inc.,148.37,148.67,146.58,147.77,16.48,
11/08/2021,AAPL,147.0,154.0,151.0,BULLISH,AAPL (BULLISH) Apple Inc.,147.9,148.05,146.68,146.95,17.22,
11/09/2021,AAPL,148.0,153.0,150.0,BULLISH,AAPL (BULLISH) Apple Inc.,146.71,147.92,146.58,147.31,17.78,
11/10/2021,AAPL,148.0,153.0,150.0,BULLISH,AAPL (BULLISH) Apple Inc.,146.54,146.65,144.42,144.49,18.73,
11/11/2021,AAPL,146.0,152.0,147.0,BULLISH,AAPL (BULLISH) Apple Inc.,145.5,145.96,144.25,144.44,17.66,
11/12/2021,AAPL,146.0,153.0,147.0,BULLISH,AAPL (BULLISH) Apple Inc.,144.99,146.91,144.06,146.51,16.29,
11/15/2021,AAPL,147.0,153.0,149.0,BULLISH,AAPL (BULLISH) Apple Inc.,146.88,148.36,145.96,146.52,16.49,
11/16/2021,AAPL,147.0,153.0,150.0,BULLISH,AAPL (BULLISH) Apple Inc.,146.46,147.97,145.87,147.5,16.37,
11/17/2021,AAPL,148.0,153.0,151.0,BULLISH,AAPL (BULLISH) Apple Inc.,147.5,151.4,147.49,149.93,17.11,
11/18/2021,AAPL,149.0,155.0,153.0,BULLISH,AAPL (BULLISH) Apple Inc.,150.14,154.99,149.5,154.21,17.59,
11/19/2021,AAPL,151.0,161.0,157.0,BULLISH,AAPL (BULLISH) Apple Inc.,153.99,157.28,152.9,156.82,17.91,
11/22/2021,AAPL,153.0,162.0,160.0,BULLISH,AAPL (BULLISH) Apple Inc.,157.93,161.85,157.26,157.28,19.17,
11/23/2021,AAPL,154.0,163.0,161.0,BULLISH,AAPL (BULLISH) Apple Inc.,157.38,158.05,155.37,157.66,19.38,
11/24/2021,,,,,,,157.02,158.38,155.94,158.18,18.58,YES
11/26/2021,AAPL,151.0,166.0,161.0,BULLISH,AAPL (BULLISH) Apple Inc.,155.87,156.73,152.73,153.17,28.62,
11/29/2021,AAPL,152.0,166.0,156.0,BULLISH,AAPL (BULLISH) Apple Inc.,155.67,157.45,155.11,156.52,22.96,
11/30/2021,AAPL,153.0,166.0,160.0,BULLISH,AAPL (BULLISH) Apple Inc.,156.28,161.68,156.21,161.46,27.19,
12/01/2021,AAPL,155.0,168.0,165.0,BULLISH,AAPL (BULLISH) Apple Inc.,163.59,166.35,160.71,160.95,31.12,
12/02/2021,AAPL,155.0,166.0,164.0,BULLISH,AAPL (BULLISH) Apple Inc.,155.06,160.39,154.14,159.96,27.95,
12/03/2021,AAPL,156.0,167.0,163.0,BULLISH,AAPL (BULLISH) Apple Inc.,160.21,161.13,156.01,158.08,30.67,
12/06/2021,AAPL,156.0,167.0,161.0,BULLISH,AAPL (BULLISH) Apple Inc.,160.48,163.98,160.47,161.48,27.18,
12/07/2021,AAPL,158.0,169.0,165.0,BULLISH,AAPL (BULLISH) Apple Inc.,165.16,167.6,164.43,167.21,21.89,
12/08/2021,AAPL,159.0,173.0,171.0,BULLISH,AAPL (BULLISH) Apple Inc.,168.14,171.88,166.74,171.02,19.9,
12/09/2021,AAPL,162.0,176.0,175.0,BULLISH,AAPL (BULLISH) Apple Inc.,170.85,172.65,169.88,170.51,21.58,
12/10/2021,AAPL,163.0,178.0,174.0,BULLISH,AAPL (BULLISH) Apple Inc.,171.14,175.46,170.64,175.29,18.69,
12/13/2021,AAPL,165.0,182.0,179.0,BULLISH,AAPL (BULLISH) Apple Inc.,176.92,177.9,171.46,171.66,20.31,
12/14/2021,AAPL,164.0,182.0,175.0,BULLISH,AAPL (BULLISH) Apple Inc.,171.18,173.62,168.21,170.28,21.89,
12/15/2021,AAPL,165.0,183.0,174.0,BULLISH,AAPL (BULLISH) Apple Inc.,171.05,175.33,168.31,175.14,19.29,
12/16/2021,AAPL,170.0,186.0,179.0,BULLISH,AAPL (BULLISH) Apple Inc.,175.12,176.94,166.79,168.26,20.57,
12/17/2021,AAPL,166.0,182.0,172.0,BULLISH,AAPL (BULLISH) Apple Inc.,165.99,169.44,165.75,167.17,21.57,
12/20/2021,AAPL,165.0,181.0,171.0,BULLISH,AAPL (BULLISH) Apple Inc.,164.38,166.62,163.57,165.81,22.87,
12/21/2021,AAPL,165.0,181.0,169.0,BULLISH,AAPL (BULLISH) Apple Inc.,167.58,169.18,165.2,168.98,21.01,
12/22/2021,AAPL,167.0,182.0,172.0,BULLISH,AAPL (BULLISH) Apple Inc.,169.02,171.78,168.16,171.56,18.63,
12/23/2021,AAPL,169.0,181.0,175.0,BULLISH,AAPL (BULLISH) Apple Inc.,171.77,172.75,171.2,172.19,17.96,
12/27/2021,AAPL,169.0,180.0,176.0,BULLISH,AAPL (BULLISH) Apple Inc.,172.98,176.23,172.96,176.15,17.68,
12/28/2021,AAPL,169.0,183.0,180.0,BULLISH,AAPL (BULLISH) Apple Inc.,175.98,177.12,174.39,175.13,17.54,
12/29/2021,AAPL,169.0,183.0,179.0,BULLISH,AAPL (BULLISH) Apple Inc.,175.17,176.44,174.01,175.22,16.95,
12/30/2021,AAPL,170.0,184.0,179.0,BULLISH,AAPL (BULLISH) Apple Inc.,175.31,176.38,173.96,174.06,17.33,
12/31/2021,AAPL,169.0,184.0,178.0,BULLISH,AAPL (BULLISH) Apple Inc.,173.96,175.07,173.15,173.45,17.22,
01/03/2022,AAPL,171.0,184.0,177.0,BULLISH,AAPL (BULLISH) Apple Inc.,173.7,178.64,173.59,177.79,16.6,
01/04/2022,AAPL,173.0,184.0,182.0,BULLISH,AAPL (BULLISH) Apple Inc.,178.39,178.69,174.96,175.53,16.91,
01/05/2022,AAPL,174.0,184.0,179.0,BULLISH,AAPL (BULLISH) Apple Inc.,175.44,175.99,170.59,170.86,19.73,
01/06/2022,AAPL,173.0,183.0,174.0,BULLISH,AAPL (BULLISH) Apple Inc.,168.69,171.23,167.66,168.01,19.61,
01/07/2022,AAPL,171.0,184.0,172.0,BULLISH,AAPL (BULLISH) Apple Inc.,168.88,170.1,167.06,168.17,18.76,
01/10/2022,AAPL,170.0,184.0,172.0,BULLISH,AAPL (BULLISH) Apple Inc.,165.16,168.5,164.27,168.19,19.4,
01/11/2022,AAPL,168.0,183.0,172.0,BULLISH,AAPL (BULLISH) Apple Inc.,168.32,171.11,166.86,171.02,18.41,
01/12/2022,AAPL,169.0,183.0,175.0,BULLISH,AAPL (BULLISH) Apple Inc.,172.03,173.07,170.76,171.46,17.62,
01/13/2022,AAPL,169.0,182.0,175.0,BULLISH,AAPL (BULLISH) Apple Inc.,171.7,172.52,167.8,168.19,20.31,
01/14/2022,AAPL,165.0,181.0,172.0,BULLISH,AAPL (BULLISH) Apple Inc.,167.36,169.75,167.12,169.05,19.19,
01/18/2022,AAPL,167.0,179.0,173.0,BULLISH,AAPL (BULLISH) Apple Inc.,167.53,168.54,165.48,165.86,22.79,
01/19/2022,AAPL,167.0,177.0,169.0,BULLISH,AAPL (BULLISH) Apple Inc.,166.06,167.11,162.09,162.37,23.85,
01/20/2022,AAPL,164.0,177.0,166.0,BULLISH,AAPL (BULLISH) Apple Inc.,163.11,165.74,160.37,160.69,25.59,
01/21/2022,AAPL,161.0,173.0,164.0,BULLISH,AAPL (BULLISH) Apple Inc.,160.6,162.47,158.53,158.64,28.85,
01/24/2022,AAPL,158.0,171.0,162.0,NEUTRAL,AAPL (NEUTRAL) Apple Inc.,156.31,158.53,151.11,157.87,29.9,
01/25/2022,AAPL,156.0,171.0,161.0,BEARISH,AAPL (BEARISH) Apple Inc.,155.29,158.98,153.38,156.07,31.16,
01/26/2022,AAPL,154.0,170.0,159.0,BEARISH,AAPL (BEARISH) Apple Inc.,159.71,160.58,154.16,155.98,31.96,
01/27/2022,AAPL,154.0,171.0,159.0,BEARISH,AAPL (BEARISH) Apple Inc.,158.68,160.04,154.61,155.53,30.49,
01/28/2022,AAPL,154.0,172.0,159.0,BEARISH,AAPL (BEARISH) Apple Inc.,161.86,166.4,159.02,166.38,27.66,
01/31/2022,AAPL,155.0,172.0,170.0,BEARISH,AAPL (BEARISH) Apple Inc.,166.21,170.94,165.58,170.72,24.83,
02/01/2022,AAPL,153.0,176.0,174.0,NEUTRAL,AAPL (NEUTRAL) Apple Inc.,169.97,170.78,168.31,170.56,21.96,
02/02/2022,AAPL,154.0,178.0,174.0,NEUTRAL,AAPL (NEUTRAL) Apple Inc.,170.69,171.8,169.31,171.76,22.09,
02/03/2022,AAPL,152.0,180.0,175.0,BULLISH,AAPL (BULLISH) Apple Inc.,170.43,172.15,168.13,168.89,24.35,
02/04/2022,AAPL,153.0,181.0,172.0,BULLISH,AAPL (BULLISH) Apple Inc.,167.91,170.28,166.93,168.6,23.22,
02/07/2022,AAPL,155.0,181.0,172.0,BULLISH,AAPL (BULLISH) Apple Inc.,169.06,170.13,167.2,167.89,22.86,
02/08/2022,AAPL,157.0,181.0,171.0,BULLISH,AAPL (BULLISH) Apple Inc.,167.96,171.5,167.67,170.99,21.44,
02/09/2022,AAPL,161.0,182.0,174.0,BULLISH,AAPL (BULLISH) Apple Inc.,172.18,172.77,171.06,172.41,19.96,
02/10/2022,AAPL,165.0,180.0,176.0,BULLISH,AAPL (BULLISH) Apple Inc.,170.32,171.63,167.78,168.34,23.91,
02/11/2022,AAPL,167.0,178.0,172.0,BULLISH,AAPL (BULLISH) Apple Inc.,168.55,169.28,164.35,164.94,27.36,
02/14/2022,AAPL,164.0,177.0,168.0,BULLISH,AAPL (BULLISH) Apple Inc.,163.69,165.86,162.9,165.17,28.33,
02/15/2022,AAPL,165.0,178.0,168.0,BULLISH,AAPL (BULLISH) Apple Inc.,167.22,169.15,166.51,169.0,25.7,
02/16/2022,AAPL,165.0,177.0,172.0,BULLISH,AAPL (BULLISH) Apple Inc.,168.08,169.53,166.32,168.76,24.29,
02/17/2022,AAPL,165.0,177.0,172.0,BULLISH,AAPL (BULLISH) Apple Inc.,167.27,168.13,164.77,165.17,28.11,
02/18/2022,AAPL,165.0,176.0,168.0,BULLISH,AAPL (BULLISH) Apple Inc.,166.09,166.79,162.54,163.63,27.75,
02/22/2022,AAPL,164.0,172.0,167.0,NEUTRAL,AAPL (NEUTRAL) Apple Inc.,161.36,163.03,158.59,160.71,28.81,
02/23/2022,AAPL,162.0,171.0,164.0,NEUTRAL,AAPL (NEUTRAL) Apple Inc.,161.9,162.5,156.24,156.55,31.02,
02/24/2022,AAPL,156.0,169.0,160.0,BEARISH,AAPL (BEARISH) Apple Inc.,149.23,159.27,148.66,159.17,30.32,
02/25/2022,AAPL,157.0,169.0,162.0,BEARISH,AAPL (BEARISH) Apple Inc.,160.24,161.49,157.34,161.23,27.59,
02/28/2022,AAPL,157.0,168.0,164.0,BEARISH,AAPL (BEARISH) Apple Inc.,159.48,161.79,158.86,161.49,30.15,
03/01/2022,AAPL,157.0,168.0,165.0,BEARISH,AAPL (BEARISH) Apple Inc.,161.08,162.94,158.41,159.62,33.32,
03/02/2022,AAPL,158.0,167.0,163.0,BEARISH,AAPL (BEARISH) Apple Inc.,160.78,163.68,159.37,162.9,30.74,
03/03/2022,AAPL,159.0,169.0,166.0,BEARISH,AAPL (BEARISH) Apple Inc.,164.77,165.2,161.91,162.58,30.48,
03/04/2022,AAPL,159.0,168.0,166.0,BEARISH,AAPL (BEARISH) Apple Inc.,160.88,161.91,158.54,159.59,31.98,
03/07/2022,AAPL,159.0,167.0,163.0,BEARISH,AAPL (BEARISH) Apple Inc.,159.77,161.4,155.55,155.8,36.45,
03/08/2022,AAPL,157.0,165.0,159.0,BEARISH,AAPL (BEARISH) Apple Inc.,155.33,159.3,152.38,153.98,35.13,
03/09/2022,AAPL,156.0,164.0,157.0,BEARISH,AAPL (BEARISH) Apple Inc.,157.93,159.82,155.91,159.37,32.45,
03/10/2022,AAPL,156.0,165.0,162.0,BEARISH,AAPL (BEARISH) Apple Inc.,156.68,156.87,152.55,155.04,30.23,
03/11/2022,AAPL,155.0,164.0,158.0,BEARISH,AAPL (BEARISH) Apple Inc.,155.44,155.78,151.11,151.33,30.75,
03/14/2022,AAPL,153.0,163.0,154.0,BEARISH,AAPL (BEARISH) Apple Inc.,148.12,150.74,146.8,147.31,31.77,
03/15/2022,AAPL,147.0,160.0,150.0,BEARISH,AAPL (BEARISH) Apple Inc.,147.59,152.15,147.08,151.68,29.83,
03/16/2022,AAPL,148.0,161.0,155.0,BEARISH,AAPL (BEARISH) Apple Inc.,153.6,156.49,151.07,156.09,26.67,
03/17/2022,AAPL,149.0,162.0,159.0,BEARISH,AAPL (BEARISH) Apple Inc.,155.13,157.46,154.17,157.09,25.67,
03/18/2022,AAPL,149.0,162.0,160.0,BEARISH,AAPL (BEARISH) Apple Inc.,156.99,160.87,156.25,160.38,23.87,
03/21/2022,AAPL,150.0,166.0,163.0,BEARISH,AAPL (BEARISH) Apple Inc.,159.92,162.7,159.43,161.75,23.53,
03/22/2022,AAPL,149.0,168.0,165.0,BEARISH,AAPL (BEARISH) Apple Inc.,161.88,165.7,161.29,165.11,22.94,
03/23/2022,AAPL,148.0,170.0,168.0,BEARISH,AAPL (BEARISH) Apple Inc.,164.3,168.85,163.97,166.47,23.57,
03/24/2022,AAPL,149.0,172.0,170.0,BEARISH,AAPL (BEARISH) Apple Inc.,167.3,170.32,166.47,170.25,21.67,
03/25/2022,,,,,,,170.06,171.43,168.96,170.88,20.81,YES
03/28/2022,AAPL,153.0,176.0,174.0,NEUTRAL,AAPL (NEUTRAL) Apple Inc.,168.39,171.87,168.22,171.74,19.63,
03/29/2022,AAPL,155.0,178.0,175.0,NEUTRAL,AAPL (NEUTRAL) Apple Inc.,172.81,175.08,172.47,175.03,18.9,
03/30/2022,AAPL,158.0,182.0,178.0,BULLISH,AAPL (BULLISH) Apple Inc.,174.63,175.67,172.82,173.87,19.33,
03/31/2022,AAPL,161.0,182.0,177.0,BULLISH,AAPL (BULLISH) Apple Inc.,173.93,174.12,170.57,170.78,20.56,
04/01/2022,AAPL,163.0,181.0,174.0,BULLISH,AAPL (BULLISH) Apple Inc.,170.21,171.04,168.16,170.48,19.63,
04/04/2022,AAPL,165.0,181.0,174.0,BULLISH,AAPL (BULLISH) Apple Inc.,170.74,174.57,170.61,174.52,18.57,
04/05/2022,AAPL,167.0,181.0,178.0,BULLISH,AAPL (BULLISH) Apple Inc.,173.6,174.38,170.59,171.22,21.03,
04/06/2022,AAPL,166.0,180.0,175.0,BULLISH,AAPL (BULLISH) Apple Inc.,168.57,169.82,166.39,168.06,22.1,
04/07/2022,AAPL,166.0,178.0,171.0,BULLISH,AAPL (BULLISH) Apple Inc.,167.4,169.55,166.12,168.36,21.55,
04/08/2022,AAPL,167.0,178.0,172.0,BULLISH,AAPL (BULLISH) Apple Inc.,168.01,168.01,165.48,166.35,21.16,
04/11/2022,AAPL,166.0,178.0,170.0,BULLISH,AAPL (BULLISH) Apple Inc.,165.0,165.32,161.87,162.11,24.37,
04/12/2022,AAPL,164.0,174.0,165.0,NEUTRAL,AAPL (NEUTRAL) Apple Inc.,164.33,166.14,162.98,163.98,24.26,
04/13/2022,AAPL,163.0,173.0,167.0,NEUTRAL,AAPL (NEUTRAL) Apple Inc.,163.71,167.28,163.11,166.66,21.82,
04/14/2022,AAPL,164.0,178.0,170.0,NEUTRAL,AAPL (NEUTRAL) Apple Inc.,166.87,167.51,161.42,161.66,22.7,
04/18/2022,AAPL,161.0,172.0,165.0,BEARISH,AAPL (BEARISH) Apple Inc.,160.32,162.94,159.98,161.44,22.17,
04/19/2022,AAPL,161.0,171.0,165.0,BEARISH,AAPL (BEARISH) Apple Inc.,161.4,164.13,160.31,163.72,21.37,
04/20/2022,AAPL,162.0,171.0,167.0,BEARISH,AAPL (BEARISH) Apple Inc.,165.05,165.17,162.45,163.56,20.32,
04/21/2022,AAPL,162.0,172.0,167.0,BEARISH,AAPL (BEARISH) Apple Inc.,165.2,167.76,162.27,162.77,22.68,
04/22/2022,AAPL,162.0,171.0,166.0,BEARISH,AAPL (BEARISH) Apple Inc.,162.8,164.18,157.95,158.24,28.21,
04/25/2022,AAPL,158.0,168.0,161.0,BEARISH,AAPL (BEARISH) Apple Inc.,157.58,159.59,154.98,159.3,27.02,
04/26/2022,AAPL,159.0,168.0,162.0,BEARISH,AAPL (BEARISH) Apple Inc.,158.69,158.77,153.28,153.36,33.52,
04/27/2022,AAPL,152.0,167.0,156.0,BEARISH,AAPL (BEARISH) Apple Inc.,152.49,156.28,151.97,153.13,31.6,
04/28/2022,AAPL,150.0,169.0,156.0,BEARISH,AAPL (BEARISH) Apple Inc.,155.75,160.91,155.44,160.05,29.99,
04/29/2022,AAPL,150.0,166.0,163.0,BEARISH,AAPL (BEARISH) Apple Inc.,158.29,162.55,153.8,154.19,33.4,
05/02/2022,AAPL,151.0,165.0,157.0,BEARISH,AAPL (BEARISH) Apple Inc.,153.27,154.76,149.9,154.49,32.34,
05/03/2022,AAPL,152.0,165.0,157.0,BEARISH,AAPL (BEARISH) Apple Inc.,154.68,157.18,152.89,155.98,29.25,
05/04/2022,AAPL,153.0,165.0,159.0,BEARISH,AAPL (BEARISH) Apple Inc.,156.16,162.82,155.76,162.37,25.42,
05/05/2022,AAPL,153.0,167.0,166.0,BEARISH,AAPL (BEARISH) Apple Inc.,160.25,160.48,151.55,153.33,31.2,
05/06/2022,AAPL,151.0,164.0,156.0,BEARISH,AAPL (BEARISH) Apple Inc.,152.81,156.17,151.02,154.05,30.19,
05/09/2022,AAPL,151.0,163.0,157.0,BEARISH,AAPL (BEARISH) Apple Inc.,151.75,152.63,148.38,148.94,34.75,
05/10/2022,AAPL,148.0,160.0,152.0,BEARISH,AAPL (BEARISH) Apple Inc.,152.33,153.52,149.79,151.34,32.99,
05/11/2022,AAPL,149.0,161.0,154.0,BEARISH,AAPL (BEARISH) Apple Inc.,150.35,152.26,142.82,143.49,32.56,
05/12/2022,AAPL,142.0,156.0,146.0,BEARISH,AAPL (BEARISH) Apple Inc.,139.84,143.2,135.95,139.63,31.77,
05/13/2022,AAPL,140.0,154.0,142.0,BEARISH,AAPL (BEARISH) Apple Inc.,141.62,145.06,140.17,144.09,28.87,
05/16/2022,AAPL,139.0,153.0,147.0,BEARISH,AAPL (BEARISH) Apple Inc.,142.56,144.49,141.22,142.55,27.47,
05/17/2022,AAPL,138.0,153.0,145.0,BEARISH,AAPL (BEARISH) Apple Inc.,145.8,146.7,143.67,146.18,26.1,
05/18/2022,AAPL,139.0,152.0,149.0,BEARISH,AAPL (BEARISH) Apple Inc.,143.84,144.34,137.03,137.93,30.96,
05/19/2022,AAPL,137.0,148.0,140.0,BEARISH,AAPL (BEARISH) Apple Inc.,137.01,138.75,133.8,134.53,29.35,
05/20/2022,AAPL,134.0,146.0,137.0,BEARISH,AAPL (BEARISH) Apple Inc.,136.24,137.81,129.89,134.77,29.43,
05/23/2022,AAPL,133.0,145.0,137.0,BEARISH,AAPL (BEARISH) Apple Inc.,134.96,140.32,134.82,140.17,28.48,
05/24/2022,AAPL,134.0,145.0,143.0,BEARISH,AAPL (BEARISH) Apple Inc.,137.92,139.06,134.51,137.48,29.45,
05/25/2022,AAPL,133.0,145.0,140.0,BEARISH,AAPL (BEARISH) Apple Inc.,135.59,138.88,135.5,137.64,28.37,
05/26/2022,AAPL,133.0,144.0,140.0,BEARISH,AAPL (BEARISH) Apple Inc.,134.57,141.38,134.33,140.83,27.5,
05/27/2022,,,,,,,142.41,146.61,142.28,146.57,25.72,YES
05/31/2022,AAPL,133.0,151.0,149.0,BEARISH,AAPL (BEARISH) Apple Inc.,146.01,147.57,143.83,145.79,26.19,
06/01/2022,AAPL,134.0,151.0,148.0,BEARISH,AAPL (BEARISH) Apple Inc.,146.82,148.63,144.65,145.66,25.69,
06/02/2022,AAPL,134.0,152.0,148.0,BEARISH,AAPL (BEARISH) Apple Inc.,144.8,148.17,143.85,148.11,24.72,
06/03/2022,AAPL,135.0,153.0,151.0,BEARISH,AAPL (BEARISH) Apple Inc.,143.89,144.93,141.5,142.4,24.79,
06/06/2022,AAPL,137.0,153.0,145.0,BEARISH,AAPL (BEARISH) Apple Inc.,144.01,145.52,141.93,143.14,25.07,
06/07/2022,AAPL,137.0,153.0,146.0,BEARISH,AAPL (BEARISH) Apple Inc.,141.39,145.94,141.14,145.66,24.02,
06/08/2022,AAPL,139.0,154.0,148.0,BEARISH,AAPL (BEARISH) Apple Inc.,145.53,146.79,144.43,144.92,23.96,
06/09/2022,AAPL,141.0,153.0,147.0,BEARISH,AAPL (BEARISH) Apple Inc.,144.06,144.91,139.6,139.71,26.09,
06/10/2022,AAPL,139.0,152.0,142.0,BEARISH,AAPL (BEARISH) Apple Inc.,137.4,137.87,134.25,134.32,27.75,
06/13/2022,AAPL,134.0,148.0,137.0,BEARISH,AAPL (BEARISH) Apple Inc.,130.14,132.43,128.74,129.17,34.02,
06/14/2022,AAPL,128.0,145.0,131.0,BEARISH,AAPL (BEARISH) Apple Inc.,130.4,131.14,128.78,130.04,32.69,
06/15/2022,AAPL,128.0,145.0,132.0,BEARISH,AAPL (BEARISH) Apple Inc.,131.53,134.52,129.45,132.65,29.62,
06/16/2022,,,,,,,129.37,129.67,126.39,127.39,32.95,YES
06/17/2022,AAPL,125.0,141.0,130.0,BEARISH,AAPL (BEARISH) Apple Inc.,127.4,130.35,127.15,128.86,31.13,
06/21/2022,AAPL,124.0,142.0,131.0,BEARISH,AAPL (BEARISH) Apple Inc.,130.68,134.25,130.58,133.08,30.19,
06/22/2022,AAPL,124.0,141.0,135.0,BEARISH,AAPL (BEARISH) Apple Inc.,132.02,134.93,131.16,132.57,28.95,
06/23/2022,AAPL,125.0,141.0,135.0,BEARISH,AAPL (BEARISH) Apple Inc.,134.01,135.75,132.85,135.43,29.05,
06/24/2022,AAPL,127.0,141.0,138.0,BEARISH,AAPL (BEARISH) Apple Inc.,137.03,139.0,136.9,138.75,27.23,
06/27/2022,AAPL,127.0,143.0,141.0,BEARISH,AAPL (BEARISH) Apple Inc.,139.77,140.55,138.08,138.75,26.95,
06/28/2022,AAPL,127.0,143.0,141.0,BEARISH,AAPL (BEARISH) Apple Inc.,139.21,140.48,134.5,134.62,28.36,
06/29/2022,AAPL,127.0,142.0,137.0,BEARISH,AAPL (BEARISH) Apple Inc.,134.64,137.78,133.86,136.37,28.16,
06/30/2022,AAPL,128.0,143.0,139.0,BEARISH,AAPL (BEARISH) Apple Inc.,134.43,135.53,131.02,133.91,28.71,
07/01/2022,AAPL,130.0,143.0,136.0,BEARISH,AAPL (BEARISH) Apple Inc.,133.25,136.19,132.88,136.08,26.7,
07/05/2022,AAPL,131.0,142.0,138.0,BEARISH,AAPL (BEARISH) Apple Inc.,134.94,138.7,134.12,138.65,27.54,
07/06/2022,AAPL,132.0,143.0,141.0,BEARISH,AAPL (BEARISH) Apple Inc.,138.45,141.16,138.18,139.99,26.73,
07/07/2022,AAPL,134.0,144.0,142.0,BEARISH,AAPL (BEARISH) Apple Inc.,140.35,143.54,140.34,143.35,26.08,
07/08/2022,AAPL,134.0,147.0,146.0,BEARISH,AAPL (BEARISH) Apple Inc.,142.28,144.52,142.02,144.02,24.64,
07/11/2022,AAPL,134.0,148.0,147.0,BEARISH,AAPL (BEARISH) Apple Inc.,142.68,143.63,140.83,141.9,26.17,
07/12/2022,AAPL,133.0,148.0,144.0,BEARISH,AAPL (BEARISH) Apple Inc.,142.77,145.4,142.07,142.87,27.29,
07/13/2022,AAPL,134.0,149.0,145.0,BEARISH,AAPL (BEARISH) Apple Inc.,140.06,143.44,139.2,142.5,26.82,
07/14/2022,AAPL,135.0,149.0,145.0,BEARISH,AAPL (BEARISH) Apple Inc.,141.12,145.89,140.31,145.42,26.4,
07/15/2022,AAPL,136.0,151.0,148.0,BEARISH,AAPL (BEARISH) Apple Inc.,146.71,147.76,145.16,147.09,24.23,
07/18/2022,AAPL,138.0,152.0,150.0,BEARISH,AAPL (BEARISH) Apple Inc.,147.65,148.46,143.69,144.05,25.3,
07/19/2022,AAPL,137.0,151.0,147.0,BEARISH,AAPL (BEARISH) Apple Inc.,144.88,148.13,143.89,147.9,24.5,
07/20/2022,AAPL,139.0,153.0,151.0,BEARISH,AAPL (BEARISH) Apple Inc.,148.02,150.57,147.28,149.9,23.88,
07/21/2022,AAPL,140.0,154.0,153.0,BEARISH,AAPL (BEARISH) Apple Inc.,151.33,152.38,148.82,152.16,23.11,
07/22/2022,AAPL,141.0,156.0,155.0,BEARISH,AAPL (BEARISH) Apple Inc.,152.2,153.07,150.26,150.93,23.03,
07/25/2022,AAPL,142.0,157.0,154.0,BEARISH,AAPL (BEARISH) Apple Inc.,150.85,151.86,149.15,149.81,23.36,
07/26/2022,AAPL,140.0,157.0,152.0,BEARISH,AAPL (BEARISH) Apple Inc.,149.14,149.95,147.71,148.49,24.69,
07/27/2022,AAPL,142.0,157.0,151.0,BEARISH,AAPL (BEARISH) Apple Inc.,149.45,154.1,149.04,153.57,23.24,
07/28/2022,AAPL,144.0,158.0,156.0,BEARISH,AAPL (BEARISH) Apple Inc.,153.76,154.4,151.24,154.12,22.33,
07/29/2022,AAPL,146.0,159.0,157.0,BEARISH,AAPL (BEARISH) Apple Inc.,157.93,160.27,156.23,159.17,21.33,
08/01/2022,AAPL,148.0,164.0,162.0,NEUTRAL,AAPL (NEUTRAL) Apple Inc.,157.71,160.23,157.59,158.2,22.84,
08/02/2022,AAPL,148.0,163.0,161.0,NEUTRAL,AAPL (NEUTRAL) Apple Inc.,156.81,159.08,156.35,156.73,23.93,
08/03/2022,AAPL,149.0,165.0,160.0,NEUTRAL,AAPL (NEUTRAL) Apple Inc.,157.54,163.17,157.45,162.72,21.95,
08/04/2022,AAPL,151.0,168.0,166.0,BULLISH,AAPL (BULLISH) Apple Inc.,162.6,163.76,161.06,162.41,21.44,
08/05/2022,AAPL,150.0,169.0,165.0,BULLISH,AAPL (BULLISH) Apple Inc.,160.08,162.67,159.88,162.18,21.15,
08/08/2022,AAPL,151.0,170.0,165.0,BULLISH,AAPL (BULLISH) Apple Inc.,163.18,164.59,161.05,161.71,21.29,
08/09/2022,AAPL,152.0,169.0,164.0,BULLISH,AAPL (BULLISH) Apple Inc.,160.88,162.64,160.12,161.76,21.77,
08/10/2022,AAPL,153.0,169.0,164.0,BULLISH,AAPL (BULLISH) Apple Inc.,164.47,166.09,163.7,166.0,19.74,
08/11/2022,AAPL,154.0,170.0,169.0,BULLISH,AAPL (BULLISH) Apple Inc.,166.8,167.71,164.97,165.26,20.2,
08/12/2022,AAPL,156.0,171.0,168.0,BULLISH,AAPL (BULLISH) Apple Inc.,166.57,168.87,166.15,168.8,19.53,
08/15/2022,AAPL,158.0,173.0,172.0,BULLISH,AAPL (BULLISH) Apple Inc.,168.23,170.07,168.07,169.87,19.95,
08/16/2022,AAPL,159.0,175.0,173.0,BULLISH,AAPL (BULLISH) Apple Inc.,169.47,170.38,168.37,169.71,19.69,
08/17/2022,AAPL,160.0,175.0,173.0,BULLISH,AAPL (BULLISH) Apple Inc.,169.46,172.77,169.26,171.21,19.9,
08/18/2022,AAPL,162.0,178.0,174.0,BULLISH,AAPL (BULLISH) Apple Inc.,170.42,171.55,169.8,170.81,19.56,
08/19/2022,AAPL,162.0,177.0,174.0,BULLISH,AAPL (BULLISH) Apple Inc.,169.71,170.41,168.03,168.23,20.6,
08/22/2022,AAPL,162.0,177.0,171.0,BULLISH,AAPL (BULLISH) Apple Inc.,166.44,166.6,163.94,164.36,23.8,
08/23/2022,AAPL,163.0,175.0,167.0,BULLISH,AAPL (BULLISH) Apple Inc.,163.88,165.48,163.46,164.03,24.11,
08/24/2022,AAPL,163.0,176.0,167.0,BULLISH,AAPL (BULLISH) Apple Inc.,164.11,164.89,163.06,164.32,22.82,
08/25/2022,AAPL,163.0,177.0,167.0,BULLISH,AAPL (BULLISH) Apple Inc.,165.55,166.88,165.12,166.77,21.78,
08/26/2022,AAPL,164.0,177.0,170.0,BULLISH,AAPL (BULLISH) Apple Inc.,167.3,167.77,160.43,160.48,25.56,
08/29/2022,AAPL,158.0,172.0,163.0,BULLISH,AAPL (BULLISH) Apple Inc.,158.06,159.78,156.76,158.29,26.21,
08/30/2022,AAPL,158.0,172.0,161.0,BULLISH,AAPL (BULLISH) Apple Inc.,159.02,159.44,154.7,155.86,26.21,
08/31/2022,AAPL,156.0,172.0,158.0,BULLISH,AAPL (BULLISH) Apple Inc.,157.24,157.5,154.13,154.21,25.87,
09/01/2022,AAPL,154.0,170.0,157.0,NEUTRAL,AAPL (NEUTRAL) Apple Inc.,153.64,155.38,151.71,154.93,25.56,
09/02/2022,AAPL,153.0,171.0,157.0,NEUTRAL,AAPL (NEUTRAL) Apple Inc.,156.69,157.29,152.0,152.82,25.47,
09/06/2022,AAPL,151.0,171.0,155.0,NEUTRAL,AAPL (NEUTRAL) Apple Inc.,153.47,154.08,150.74,151.57,26.91,
09/07/2022,AAPL,149.0,170.0,154.0,BEARISH,AAPL (BEARISH) Apple Inc.,151.85,153.67,150.67,152.97,24.64,
09/08/2022,AAPL,149.0,167.0,155.0,BEARISH,AAPL (BEARISH) Apple Inc.,151.68,153.36,149.75,151.5,23.61,
09/09/2022,AAPL,149.0,164.0,154.0,BEARISH,AAPL (BEARISH) Apple Inc.,152.49,154.8,151.78,154.35,22.79,
09/12/2022,AAPL,151.0,163.0,157.0,BEARISH,AAPL (BEARISH) Apple Inc.,156.53,161.11,156.25,160.3,23.87,
09/13/2022,AAPL,151.0,165.0,163.0,NEUTRAL,AAPL (NEUTRAL) Apple Inc.,156.84,157.46,150.43,150.89,27.27,
09/14/2022,AAPL,149.0,161.0,153.0,BEARISH,AAPL (BEARISH) Apple Inc.,151.82,154.09,150.67,152.33,26.16,
09/15/2022,AAPL,149.0,160.0,155.0,BEARISH,AAPL (BEARISH) Apple Inc.,151.69,152.27,148.48,149.45,26.27,
09/16/2022,AAPL,148.0,159.0,152.0,BEARISH,AAPL (BEARISH) Apple Inc.,148.31,148.45,145.53,147.81,26.3,
09/19/2022,AAPL,147.0,158.0,150.0,BEARISH,AAPL (BEARISH) Apple Inc.,146.45,151.6,146.24,151.52,25.76,
09/20/2022,AAPL,147.0,159.0,154.0,BEARISH,AAPL (BEARISH) Apple Inc.,150.46,155.05,150.15,153.89,27.16,
09/21/2022,AAPL,147.0,160.0,156.0,BEARISH,AAPL (BEARISH) Apple Inc.,154.32,155.7,150.66,150.77,27.99,
09/22/2022,AAPL,147.0,159.0,153.0,BEARISH,AAPL (BEARISH) Apple Inc.,149.46,151.51,148.02,149.81,27.35,
09/23/2022,AAPL,146.0,157.0,152.0,BEARISH,AAPL (BEARISH) Apple Inc.,148.29,148.57,145.71,147.55,29.92,
09/26/2022,AAPL,146.0,156.0,150.0,BEARISH,AAPL (BEARISH) Apple Inc.,146.79,150.82,146.77,147.88,32.26,
09/27/2022,AAPL,147.0,156.0,150.0,BEARISH,AAPL (BEARISH) Apple Inc.,149.81,151.76,147.08,148.85,32.6,
09/28/2022,AAPL,145.0,155.0,151.0,BEARISH,AAPL (BEARISH) Apple Inc.,144.81,147.75,142.06,146.97,30.18,
09/29/2022,AAPL,145.0,154.0,149.0,BEARISH,AAPL (BEARISH) Apple Inc.,143.3,143.91,137.98,139.75,31.84,
09/30/2022,AAPL,139.0,151.0,142.0,BEARISH,AAPL (BEARISH) Apple Inc.,138.57,140.36,135.36,135.55,31.62,
10/03/2022,AAPL,136.0,148.0,138.0,BEARISH,AAPL (BEARISH) Apple Inc.,135.56,140.33,135.05,139.72,30.1,
10/04/2022,AAPL,136.0,149.0,142.0,BEARISH,AAPL (BEARISH) Apple Inc.,142.25,143.42,141.5,143.3,29.07,
10/05/2022,AAPL,137.0,148.0,146.0,BEARISH,AAPL (BEARISH) Apple Inc.,141.31,144.56,140.27,143.59,28.55,
10/06/2022,AAPL,137.0,149.0,146.0,BEARISH,AAPL (BEARISH) Apple Inc.,143.02,144.71,142.44,142.64,30.52,
10/07/2022,AAPL,137.0,149.0,145.0,BEARISH,AAPL (BEARISH) Apple Inc.,139.81,140.36,136.78,137.41,31.36,
10/10/2022,AAPL,135.0,149.0,140.0,BEARISH,AAPL (BEARISH) Apple Inc.,137.73,139.17,135.91,137.73,32.45,
10/11/2022,AAPL,135.0,148.0,140.0,BEARISH,AAPL (BEARISH) Apple Inc.,137.22,138.64,135.57,136.32,33.63,
10/12/2022,AAPL,135.0,147.0,138.0,BEARISH,AAPL (BEARISH) Apple Inc.,136.46,137.67,135.51,135.69,33.57,
10/13/2022,AAPL,134.0,147.0,138.0,BEARISH,AAPL (BEARISH) Apple Inc.,132.4,140.84,131.8,140.25,31.94,
10/14/2022,AAPL,135.0,148.0,142.0,BEARISH,AAPL (BEARISH) Apple Inc.,141.54,141.75,135.54,135.73,32.02,
10/17/2022,AAPL,134.0,147.0,138.0,BEARISH,AAPL (BEARISH) Apple Inc.,138.37,140.16,137.58,139.68,31.37,
10/18/2022,AAPL,134.0,147.0,142.0,BEARISH,AAPL (BEARISH) Apple Inc.,142.7,143.89,137.92,141.0,30.5,
10/19/2022,AAPL,135.0,147.0,143.0,BEARISH,AAPL (BEARISH) Apple Inc.,138.97,142.17,138.79,141.1,30.76,
10/20/2022,AAPL,135.0,146.0,143.0,BEARISH,AAPL (BEARISH) Apple Inc.,140.28,143.09,139.92,140.64,29.98,
10/21/2022,AAPL,135.0,146.0,143.0,BEARISH,AAPL (BEARISH) Apple Inc.,140.13,145.02,139.92,144.45,29.69,
10/24/2022,AAPL,135.0,148.0,147.0,BEARISH,AAPL (BEARISH) Apple Inc.,144.37,147.35,143.2,146.59,29.85,
10/25/2022,AAPL,135.0,151.0,149.0,BEARISH,AAPL (BEARISH) Apple Inc.,147.21,149.57,146.5,149.42,28.46,
10/26/2022,AAPL,136.0,153.0,152.0,BEARISH,AAPL (BEARISH) Apple Inc.,148.07,149.08,145.2,146.49,27.28,
10/27/2022,AAPL,136.0,153.0,149.0,BEARISH,AAPL (BEARISH) Apple Inc.,145.23,146.19,141.37,142.03,27.39,
10/28/2022,AAPL,138.0,153.0,144.0,BEARISH,AAPL (BEARISH) Apple Inc.,145.36,154.48,144.99,152.76,25.75,
10/31/2022,AAPL,138.0,157.0,155.0,BEARISH,AAPL (BEARISH) Apple Inc.,150.22,151.28,149.01,150.4,25.88,
11/01/2022,AAPL,139.0,157.0,153.0,BEARISH,AAPL (BEARISH) Apple Inc.,152.11,152.47,146.27,147.76,25.81,
11/02/2022,AAPL,140.0,157.0,150.0,BEARISH,AAPL (BEARISH) Apple Inc.,146.1,149.25,142.22,142.25,25.86,
11/03/2022,AAPL,139.0,152.0,145.0,BEARISH,AAPL (BEARISH) Apple Inc.,139.34,140.06,136.09,136.22,25.3,
11/04/2022,AAPL,137.0,148.0,138.0,BEARISH,AAPL (BEARISH) Apple Inc.,139.6,140.17,132.02,135.95,24.55,
11/07/2022,AAPL,135.0,146.0,138.0,BEARISH,AAPL (BEARISH) Apple Inc.,134.71,136.71,133.29,136.48,24.35,
11/08/2022,AAPL,132.0,144.0,138.0,BEARISH,AAPL (BEARISH) Apple Inc.,137.95,138.95,135.08,137.05,25.54,
11/09/2022,AAPL,131.0,144.0,139.0,BEARISH,AAPL (BEARISH) Apple Inc.,136.07,136.12,132.23,132.5,26.09,
11/10/2022,AAPL,128.0,144.0,134.0,BEARISH,AAPL (BEARISH) Apple Inc.,138.76,144.29,137.05,144.29,23.53,
11/11/2022,AAPL,130.0,150.0,146.0,BEARISH,AAPL (BEARISH) Apple Inc.,143.26,147.38,141.84,147.07,22.52,
11/14/2022,AAPL,130.0,153.0,149.0,BEARISH,AAPL (BEARISH) Apple Inc.,146.36,147.64,144.84,145.68,23.73,
11/15/2022,AAPL,131.0,152.0,148.0,BEARISH,AAPL (BEARISH) Apple Inc.,149.55,150.9,145.95,147.41,24.54,
11/16/2022,AAPL,131.0,152.0,150.0,BEARISH,AAPL (BEARISH) Apple Inc.,146.51,147.24,144.71,146.18,24.11,
11/17/2022,AAPL,132.0,151.0,148.0,BEARISH,AAPL (BEARISH) Apple Inc.,143.86,148.82,143.59,148.08,23.93,
11/18/2022,AAPL,134.0,153.0,150.0,BEARISH,AAPL (BEARISH) Apple Inc.,149.64,150.02,147.34,148.64,23.12,
11/21/2022,,,,,,,147.53,147.73,145.13,145.41,22.36,YES
11/22/2022,AAPL,136.0,152.0,148.0,BEARISH,AAPL (BEARISH) Apple Inc.,145.53,147.78,144.35,147.55,21.29,
11/23/2022,AAPL,139.0,153.0,150.0,BEARISH,AAPL (BEARISH) Apple Inc.,146.83,149.17,146.72,148.42,20.35,
11/25/2022,AAPL,140.0,153.0,151.0,BEARISH,AAPL (BEARISH) Apple Inc.,145.71,146.27,144.54,145.51,20.5,
11/28/2022,AAPL,140.0,152.0,148.0,BEARISH,AAPL (BEARISH) Apple Inc.,142.59,144.07,140.87,141.69,22.21,
11/29/2022,AAPL,142.0,149.0,144.0,BEARISH,AAPL (BEARISH) Apple Inc.,141.76,142.27,137.89,138.69,21.89,
11/30/2022,AAPL,137.0,148.0,141.0,BEARISH,AAPL (BEARISH) Apple Inc.,138.92,146.11,138.09,145.43,20.58,
12/01/2022,,,,,,,145.61,146.51,144.04,145.71,19.84,YES
12/02/2022,AAPL,139.0,151.0,148.0,BEARISH,AAPL (BEARISH) Apple Inc.,143.4,145.4,143.1,145.22,19.06,
12/05/2022,AAPL,140.0,152.0,147.0,BEARISH,AAPL (BEARISH) Apple Inc.,145.18,148.27,143.21,144.06,20.75,
12/06/2022,AAPL,140.0,152.0,146.0,BEARISH,AAPL (BEARISH) Apple Inc.,144.49,144.72,139.43,140.4,22.17,
12/07/2022,AAPL,138.0,149.0,142.0,BEARISH,AAPL (BEARISH) Apple Inc.,139.7,140.86,137.54,138.47,22.68,
12/08/2022,AAPL,137.0,148.0,140.0,BEARISH,AAPL (BEARISH) Apple Inc.,139.86,141.0,138.63,140.15,22.29,
12/09/2022,AAPL,137.0,149.0,142.0,BEARISH,AAPL (BEARISH) Apple Inc.,139.84,143.02,138.43,139.67,22.83,
12/12/2022,AAPL,137.0,148.0,142.0,BEARISH,AAPL (BEARISH) Apple Inc.,140.2,141.97,138.59,141.96,25.0,
12/13/2022,AAPL,138.0,148.0,144.0,BEARISH,AAPL (BEARISH) Apple Inc.,146.88,147.34,141.71,142.92,22.55,
12/14/2022,AAPL,138.0,149.0,145.0,BEARISH,AAPL (BEARISH) Apple Inc.,142.8,144.09,138.68,140.7,21.14,
12/15/2022,AAPL,138.0,147.0,143.0,BEARISH,AAPL (BEARISH) Apple Inc.,138.64,139.31,133.64,134.11,22.83,
12/16/2022,AAPL,134.0,145.0,136.0,BEARISH,AAPL (BEARISH) Apple Inc.,134.29,135.24,131.38,132.15,22.62,
12/19/2022,AAPL,132.0,144.0,134.0,BEARISH,AAPL (BEARISH) Apple Inc.,132.74,132.83,129.02,130.05,22.42,
12/20/2022,AAPL,129.0,141.0,132.0,BEARISH,AAPL (BEARISH) Apple Inc.,129.09,130.91,127.61,129.98,21.48,
12/21/2022,AAPL,128.0,139.0,132.0,BEARISH,AAPL (BEARISH) Apple Inc.,130.65,134.41,130.42,133.07,20.07,
12/22/2022,AAPL,128.0,140.0,135.0,BEARISH,AAPL (BEARISH) Apple Inc.,131.99,132.2,128.02,129.91,21.97,
12/23/2022,AAPL,126.0,138.0,132.0,BEARISH,AAPL (BEARISH) Apple Inc.,128.62,130.1,127.37,129.55,20.87,
12/27/2022,AAPL,125.0,139.0,131.0,BEARISH,AAPL (BEARISH) Apple Inc.,129.08,129.11,126.46,127.75,21.65,
12/28/2022,AAPL,125.0,138.0,130.0,BEARISH,AAPL (BEARISH) Apple Inc.,127.4,128.73,123.66,123.83,22.14,
12/29/2022,AAPL,124.0,136.0,126.0,BEARISH,AAPL (BEARISH) Apple Inc.,125.75,128.19,125.49,127.34,21.44,
12/30/2022,AAPL,125.0,135.0,129.0,BEARISH,AAPL (BEARISH) Apple Inc.,126.16,127.67,125.2,127.65,21.67,
01/03/2023,AAPL,125.0,135.0,129.0,BEARISH,AAPL (BEARISH) Apple Inc.,128.0,128.6,121.99,122.88,22.9,
01/04/2023,AAPL,123.0,134.0,125.0,BEARISH,AAPL (BEARISH) Apple Inc.,124.66,126.4,122.89,124.14,22.01,
01/05/2023,AAPL,122.0,132.0,126.0,BEARISH,AAPL (BEARISH) Apple Inc.,124.9,125.53,122.57,122.83,22.46,
01/06/2023,AAPL,121.0,132.0,125.0,BEARISH,AAPL (BEARISH) Apple Inc.,123.8,128.01,122.7,127.35,21.13,
01/09/2023,AAPL,122.0,132.0,129.0,BEARISH,AAPL (BEARISH) Apple Inc.,128.18,131.07,127.61,127.87,21.97,
01/10/2023,AAPL,122.0,132.0,130.0,BEARISH,AAPL (BEARISH) Apple Inc.,127.98,128.96,125.87,128.44,20.58,
01/11/2023,AAPL,122.0,132.0,130.0,BEARISH,AAPL (BEARISH) Apple Inc.,128.95,131.17,128.17,131.15,21.09,
01/12/2023,AAPL,122.0,134.0,133.0,BEARISH,AAPL (BEARISH) Apple Inc.,131.53,131.91,129.14,131.07,18.83,
01/13/2023,AAPL,122.0,135.0,133.0,BEARISH,AAPL (BEARISH) Apple Inc.,129.71,132.55,129.35,132.4,18.35,
01/17/2023,AAPL,122.0,136.0,134.0,BEARISH,AAPL (BEARISH) Apple Inc.,132.47,134.88,131.78,133.56,19.36,
01/18/2023,AAPL,123.0,137.0,135.0,BEARISH,AAPL (BEARISH) Apple Inc.,134.42,136.18,132.66,132.84,20.34,
01/19/2023,AAPL,124.0,137.0,135.0,BEARISH,AAPL (BEARISH) Apple Inc.,131.73,133.86,131.42,132.9,20.52,
01/20/2023,AAPL,125.0,138.0,135.0,BEARISH,AAPL (BEARISH) Apple Inc.,132.91,135.6,131.87,135.45,19.85,
01/23/2023,AAPL,126.0,139.0,137.0,BEARISH,AAPL (BEARISH) Apple Inc.,135.7,140.81,135.48,138.64,19.81,
01/24/2023,AAPL,127.0,142.0,141.0,BEARISH,AAPL (BEARISH) Apple Inc.,137.85,140.65,137.84,140.03,19.2,
01/25/2023,AAPL,128.0,143.0,142.0,BEARISH,AAPL (BEARISH) Apple Inc.,138.42,139.93,136.38,139.37,19.08,
01/26/2023,AAPL,130.0,144.0,141.0,BEARISH,AAPL (BEARISH) Apple Inc.,140.66,141.72,139.41,141.44,18.73,
01/27/2023,AAPL,130.0,146.0,143.0,BEARISH,AAPL (BEARISH) Apple Inc.,140.65,144.65,140.57,143.37,18.51,
01/30/2023,AAPL,131.0,147.0,145.0,BEARISH,AAPL (BEARISH) Apple Inc.,142.42,143.0,140.34,140.49,19.94,
01/31/2023,AAPL,131.0,147.0,143.0,BEARISH,AAPL (BEARISH) Apple Inc.,140.2,141.81,139.78,141.76,19.4,
02/01/2023,AAPL,132.0,148.0,144.0,BEARISH,AAPL (BEARISH) Apple Inc.,141.45,144.04,138.84,142.88,17.87,
02/02/2023,AAPL,134.0,148.0,145.0,BEARISH,AAPL (BEARISH) Apple Inc.,146.29,148.53,145.57,148.18,18.73,
02/03/2023,AAPL,137.0,151.0,150.0,BEARISH,AAPL (BEARISH) Apple Inc.,145.43,154.62,145.24,151.79,18.33,
02/06/2023,AAPL,137.0,155.0,154.0,BEARISH,AAPL (BEARISH) Apple Inc.,149.89,150.42,148.14,149.07,19.43,
02/07/2023,AAPL,137.0,155.0,151.0,BEARISH,AAPL (BEARISH) Apple Inc.,148.0,152.51,148.0,151.94,18.66,
02/08/2023,AAPL,139.0,157.0,154.0,NEUTRAL,AAPL (NEUTRAL) Apple Inc.,151.18,151.87,148.52,149.26,19.63,
02/09/2023,AAPL,139.0,157.0,151.0,NEUTRAL,AAPL (NEUTRAL) Apple Inc.,151.08,151.62,147.78,148.22,20.71,
02/10/2023,AAPL,140.0,157.0,150.0,NEUTRAL,AAPL (NEUTRAL) Apple Inc.,147.06,148.91,146.83,148.59,20.53,
02/13/2023,AAPL,144.0,157.0,151.0,NEUTRAL,AAPL (NEUTRAL) Apple Inc.,148.53,151.79,148.5,151.38,20.34,
02/14/2023,AAPL,143.0,157.0,153.0,BULLISH,AAPL (BULLISH) Apple Inc.,149.68,151.3,148.44,150.74,18.91,
02/15/2023,AAPL,144.0,156.0,153.0,BULLISH,AAPL (BULLISH) Apple Inc.,150.65,153.01,150.43,152.84,18.23,
02/16/2023,AAPL,145.0,157.0,155.0,BULLISH,AAPL (BULLISH) Apple Inc.,151.05,153.82,150.89,151.25,20.17,
02/17/2023,AAPL,146.0,156.0,153.0,BULLISH,AAPL (BULLISH) Apple Inc.,149.91,150.55,148.43,150.1,20.02,
02/21/2023,AAPL,147.0,155.0,152.0,BULLISH,AAPL (BULLISH) Apple Inc.,147.79,148.87,146.03,146.1,22.87,
02/22/2023,AAPL,145.0,155.0,148.0,NEUTRAL,AAPL (NEUTRAL) Apple Inc.,146.48,147.55,144.8,146.52,22.29,
02/23/2023,AAPL,145.0,155.0,148.0,NEUTRAL,AAPL (NEUTRAL) Apple Inc.,147.68,147.93,144.88,147.0,21.14,
02/24/2023,AAPL,145.0,156.0,149.0,NEUTRAL,AAPL (NEUTRAL) Apple Inc.,144.75,144.83,143.38,144.36,21.67,
02/27/2023,AAPL,144.0,154.0,146.0,BEARISH,AAPL (BEARISH) Apple Inc.,145.34,146.78,145.09,145.55,20.95,
02/28/2023,AAPL,143.0,153.0,147.0,BEARISH,AAPL (BEARISH) Apple Inc.,144.69,146.69,144.48,145.05,20.7,
03/01/2023,AAPL,143.0,152.0,147.0,BEARISH,AAPL (BEARISH) Apple Inc.,144.48,144.87,142.68,142.98,20.58,
03/02/2023,AAPL,142.0,153.0,145.0,BEARISH,AAPL (BEARISH) Apple Inc.,142.06,144.36,141.59,143.57,19.59,
03/03/2023,AAPL,142.0,152.0,145.0,BEARISH,AAPL (BEARISH) Apple Inc.,145.67,148.69,144.97,148.61,18.49,
03/06/2023,AAPL,143.0,152.0,151.0,BEARISH,AAPL (BEARISH) Apple Inc.,151.32,153.79,151.0,151.36,18.61,
03/07/2023,AAPL,143.0,154.0,153.0,BEARISH,AAPL (BEARISH) Apple Inc.,151.24,151.56,148.71,149.17,19.59,
03/08/2023,AAPL,142.0,154.0,151.0,BEARISH,AAPL (BEARISH) Apple Inc.,150.36,151.01,149.4,150.42,19.11,
03/09/2023,AAPL,142.0,155.0,152.0,BEARISH,AAPL (BEARISH) Apple Inc.,151.1,152.06,147.82,148.18,22.61,
03/10/2023,AAPL,142.0,154.0,150.0,BEARISH,AAPL (BEARISH) Apple Inc.,147.8,148.52,145.24,146.12,24.8,
03/13/2023,AAPL,141.0,154.0,148.0,BEARISH,AAPL (BEARISH) Apple Inc.,145.44,150.68,145.33,148.06,26.52,
03/14/2023,AAPL,143.0,155.0,150.0,BEARISH,AAPL (BEARISH) Apple Inc.,148.85,150.94,147.69,150.14,23.73,
03/15/2023,AAPL,144.0,155.0,152.0,BEARISH,AAPL (BEARISH) Apple Inc.,148.77,150.79,147.52,150.54,26.14,
03/16/2023,AAPL,146.0,155.0,152.0,BEARISH,AAPL (BEARISH) Apple Inc.,149.72,153.95,149.21,153.35,22.99,
03/17/2023,AAPL,146.0,157.0,155.0,NEUTRAL,AAPL (NEUTRAL) Apple Inc.,153.58,154.23,151.81,152.51,25.51,
03/20/2023,AAPL,146.0,157.0,155.0,NEUTRAL,AAPL (NEUTRAL) Apple Inc.,152.58,155.29,151.68,154.88,24.15,
03/21/2023,AAPL,147.0,159.0,157.0,BULLISH,AAPL (BULLISH) Apple Inc.,154.8,156.84,154.03,156.73,21.38,
03/22/2023,AAPL,147.0,161.0,159.0,BULLISH,AAPL (BULLISH) Apple Inc.,156.75,159.54,155.28,155.3,22.26,
03/23/2023,AAPL,147.0,161.0,157.0,BULLISH,AAPL (BULLISH) Apple Inc.,156.28,158.96,155.15,156.38,22.61,
03/24/2023,AAPL,148.0,161.0,158.0,BULLISH,AAPL (BULLISH) Apple Inc.,156.31,157.77,155.32,157.68,21.74,
03/27/2023,AAPL,150.0,162.0,160.0,BULLISH,AAPL (BULLISH) Apple Inc.,157.38,158.19,155.34,155.74,20.6,
03/28/2023,AAPL,151.0,162.0,158.0,BULLISH,AAPL (BULLISH) Apple Inc.,155.44,155.95,153.48,155.12,19.97,
03/29/2023,AAPL,153.0,161.0,157.0,BULLISH,AAPL (BULLISH) Apple Inc.,156.81,158.47,156.79,158.19,19.12,
03/30/2023,AAPL,154.0,162.0,160.0,BULLISH,AAPL (BULLISH) Apple Inc.,158.94,159.86,158.68,159.76,19.02,
03/31/2023,AAPL,154.0,163.0,162.0,BULLISH,AAPL (BULLISH) Apple Inc.,159.84,162.35,159.31,162.26,18.7,
04/03/2023,AAPL,154.0,165.0,164.0,BULLISH,AAPL (BULLISH) Apple Inc.,161.64,163.62,161.59,163.51,18.55,
04/04/2023,AAPL,154.0,167.0,166.0,BULLISH,AAPL (BULLISH) Apple Inc.,163.93,164.16,162.46,162.97,19.0,
04/05/2023,AAPL,155.0,167.0,165.0,BULLISH,AAPL (BULLISH) Apple Inc.,162.1,162.4,159.21,161.13,19.08,
04/06/2023,AAPL,155.0,168.0,163.0,BULLISH,AAPL (BULLISH) Apple Inc.,159.83,162.31,159.4,162.02,18.4,
04/10/2023,AAPL,156.0,169.0,164.0,BULLISH,AAPL (BULLISH) Apple Inc.,158.83,159.43,157.51,159.43,18.97,
04/11/2023,AAPL,156.0,168.0,162.0,BULLISH,AAPL (BULLISH) Apple Inc.,159.75,159.76,157.94,158.22,19.1,
04/12/2023,AAPL,157.0,167.0,160.0,BULLISH,AAPL (BULLISH) Apple Inc.,158.63,159.46,157.22,157.53,19.09,
04/13/2023,AAPL,157.0,166.0,160.0,NEUTRAL,AAPL (NEUTRAL) Apple Inc.,159.04,163.14,158.83,162.91,17.8,
04/14/2023,AAPL,158.0,168.0,165.0,BULLISH,AAPL (BULLISH) Apple Inc.,161.95,163.65,161.19,162.56,17.07,
04/17/2023,AAPL,159.0,169.0,165.0,BULLISH,AAPL (BULLISH) Apple Inc.,162.44,162.74,161.4,162.58,16.95,
04/18/2023,AAPL,159.0,169.0,165.0,BULLISH,AAPL (BULLISH) Apple Inc.,163.44,164.73,162.99,163.8,16.83,
04/19/2023,AAPL,159.0,168.0,166.0,BULLISH,AAPL (BULLISH) Apple Inc.,163.14,165.46,162.89,164.94,16.46,
04/20/2023,AAPL,158.0,169.0,167.0,BULLISH,AAPL (BULLISH) Apple Inc.,163.43,165.18,162.91,163.98,17.17,
04/21/2023,AAPL,158.0,169.0,166.0,BULLISH,AAPL (BULLISH) Apple Inc.,162.4,163.78,161.85,162.37,16.77,
04/24/2023,AAPL,158.0,169.0,165.0,BULLISH,AAPL (BULLISH) Apple Inc.,162.35,162.94,161.26,162.68,16.89,
04/25/2023,AAPL,159.0,169.0,165.0,BULLISH,AAPL (BULLISH) Apple Inc.,162.54,163.64,161.1,161.14,18.76,
04/26/2023,AAPL,161.0,168.0,163.0,BULLISH,AAPL (BULLISH) Apple Inc.,160.45,162.63,160.19,161.13,18.84,
04/27/2023,AAPL,162.0,168.0,163.0,BULLISH,AAPL (BULLISH) Apple Inc.,162.54,165.86,162.54,165.71,17.03,
04/28/2023,AAPL,161.0,170.0,168.0,BULLISH,AAPL (BULLISH) Apple Inc.,165.79,167.13,165.19,166.96,15.78,
05/01/2023,AAPL,161.0,171.0,169.0,BULLISH,AAPL (BULLISH) Apple Inc.,166.57,167.72,165.94,166.87,16.08,
05/02/2023,AAPL,162.0,171.0,169.0,BULLISH,AAPL (BULLISH) Apple Inc.,167.36,167.62,164.85,165.84,17.78,
05/03/2023,AAPL,160.0,171.0,168.0,BULLISH,AAPL (BULLISH) Apple Inc.,166.78,168.18,164.48,164.76,18.34,
05/04/2023,AAPL,160.0,171.0,167.0,BULLISH,AAPL (BULLISH) Apple Inc.,162.25,164.36,161.68,163.13,20.09,
05/05/2023,AAPL,160.0,171.0,165.0,BULLISH,AAPL (BULLISH) Apple Inc.,168.24,171.5,168.02,170.79,17.19,
05/08/2023,AAPL,161.0,175.0,173.0,BULLISH,AAPL (BULLISH) Apple Inc.,169.71,171.06,169.35,170.72,16.98,
05/09/2023,AAPL,165.0,175.0,173.0,BULLISH,AAPL (BULLISH) Apple Inc.,170.27,170.76,168.85,169.02,17.71,
05/10/2023,AAPL,165.0,175.0,171.0,BULLISH,AAPL (BULLISH) Apple Inc.,170.25,171.24,169.14,170.78,16.94,
05/11/2023,AAPL,163.0,176.0,173.0,BULLISH,AAPL (BULLISH) Apple Inc.,171.06,171.79,169.41,170.96,16.93,
05/12/2023,AAPL,167.0,177.0,173.0,BULLISH,AAPL (BULLISH) Apple Inc.,171.07,171.51,168.49,170.04,17.03,
05/15/2023,AAPL,165.0,177.0,172.0,BULLISH,AAPL (BULLISH) Apple Inc.,170.62,170.67,168.95,169.54,17.12,
05/16/2023,AAPL,166.0,177.0,172.0,BULLISH,AAPL (BULLISH) Apple Inc.,169.47,170.6,169.28,169.54,17.99,
05/17/2023,AAPL,167.0,177.0,172.0,BULLISH,AAPL (BULLISH) Apple Inc.,169.19,170.39,167.92,170.16,16.87,
05/18/2023,AAPL,169.0,175.0,172.0,BULLISH,AAPL (BULLISH) Apple Inc.,170.46,172.67,170.05,172.48,16.05,
05/19/2023,AAPL,169.0,176.0,175.0,BULLISH,AAPL (BULLISH) Apple Inc.,173.8,173.8,172.37,172.59,16.81,
05/22/2023,AAPL,168.0,176.0,175.0,BULLISH,AAPL (BULLISH) Apple Inc.,171.43,172.15,170.9,171.64,17.21,
05/23/2023,AAPL,169.0,176.0,174.0,BULLISH,AAPL (BULLISH) Apple Inc.,170.59,170.84,168.77,169.04,18.53,
05/24/2023,AAPL,168.0,175.0,171.0,BULLISH,AAPL (BULLISH) Apple Inc.,168.58,169.89,168.02,169.32,20.03,
05/25/2023,AAPL,169.0,176.0,171.0,BULLISH,AAPL (BULLISH) Apple Inc.,169.88,171.35,169.17,170.45,19.14,
05/26/2023,AAPL,169.0,176.0,172.0,BULLISH,AAPL (BULLISH) Apple Inc.,170.78,173.19,170.57,172.86,17.95,
05/30/2023,AAPL,171.0,177.0,175.0,BULLISH,AAPL (BULLISH) Apple Inc.,174.36,176.36,173.98,174.7,17.46,
05/31/2023,AAPL,171.0,178.0,177.0,BULLISH,AAPL (BULLISH) Apple Inc.,174.73,176.72,174.17,174.65,17.94,
06/01/2023,AAPL,171.0,179.0,177.0,BULLISH,AAPL (BULLISH) Apple Inc.,175.09,177.48,174.33,177.45,15.65,
06/02/2023,AAPL,172.0,182.0,180.0,BULLISH,AAPL (BULLISH) Apple Inc.,178.37,179.11,176.63,178.29,14.6,
06/05/2023,AAPL,168.0,183.0,180.0,BULLISH,AAPL (BULLISH) Apple Inc.,179.95,182.24,175.43,176.94,14.73,
06/06/2023,AAPL,169.0,183.0,179.0,BULLISH,AAPL (BULLISH) Apple Inc.,177.33,177.48,174.83,176.58,13.96,
06/07/2023,AAPL,170.0,184.0,179.0,BULLISH,AAPL (BULLISH) Apple Inc.,175.82,178.55,174.72,175.21,13.94,
06/08/2023,AAPL,170.0,183.0,177.0,BULLISH,AAPL (BULLISH) Apple Inc.,175.29,178.19,174.86,177.92,13.65,
06/09/2023,AAPL,174.0,183.0,180.0,BULLISH,AAPL (BULLISH) Apple Inc.,178.84,179.56,177.98,178.3,13.83,
06/12/2023,AAPL,175.0,183.0,180.0,BULLISH,AAPL (BULLISH) Apple Inc.,178.61,181.19,178.31,181.09,15.01,
06/13/2023,AAPL,177.0,185.0,183.0,BULLISH,AAPL (BULLISH) Apple Inc.,180.12,181.45,179.76,180.62,14.61,
06/14/2023,AAPL,178.0,185.0,183.0,BULLISH,AAPL (BULLISH) Apple Inc.,180.68,181.68,179.35,181.25,13.88,
06/15/2023,AAPL,178.0,185.0,183.0,BULLISH,AAPL (BULLISH) Apple Inc.,181.26,183.78,181.08,183.28,14.5,
06/16/2023,AAPL,177.0,188.0,186.0,BULLISH,AAPL (BULLISH) Apple Inc.,183.99,184.25,181.57,182.21,13.54,
06/20/2023,AAPL,177.0,188.0,184.0,BULLISH,AAPL (BULLISH) Apple Inc.,181.7,183.37,181.7,182.29,13.88,
06/21/2023,AAPL,178.0,188.0,185.0,BULLISH,AAPL (BULLISH) Apple Inc.,182.19,182.69,179.91,181.26,13.2,
06/22/2023,AAPL,179.0,187.0,183.0,BULLISH,AAPL (BULLISH) Apple Inc.,181.04,184.31,180.97,184.26,12.91,
06/23/2023,AAPL,180.0,190.0,187.0,BULLISH,AAPL (BULLISH) Apple Inc.,182.83,184.81,182.29,183.94,13.44,
06/26/2023,AAPL,181.0,189.0,186.0,BULLISH,AAPL (BULLISH) Apple Inc.,184.09,185.29,182.51,182.55,14.25,
06/27/2023,AAPL,182.0,188.0,185.0,BULLISH,AAPL (BULLISH) Apple Inc.,183.16,185.63,182.95,185.3,13.74,
06/28/2023,AAPL,183.0,189.0,188.0,BULLISH,AAPL (BULLISH) Apple Inc.,185.17,187.11,184.85,186.47,13.43,
06/29/2023,AAPL,183.0,191.0,189.0,BULLISH,AAPL (BULLISH) Apple Inc.,186.31,187.28,186.17,186.81,13.54,
06/30/2023,AAPL,183.0,191.0,189.0,BULLISH,AAPL (BULLISH) Apple Inc.,188.82,191.63,188.45,191.12,13.59,
07/03/2023,AAPL,186.0,195.0,193.0,BULLISH,AAPL (BULLISH) Apple Inc.,190.94,191.03,188.95,189.64,13.57,
07/05/2023,AAPL,183.0,195.0,192.0,BULLISH,AAPL (BULLISH) Apple Inc.,188.76,190.15,187.82,188.52,14.18,
07/06/2023,AAPL,184.0,195.0,191.0,BULLISH,AAPL (BULLISH) Apple Inc.,187.05,189.2,186.42,189.0,15.44,
07/07/2023,AAPL,185.0,195.0,191.0,BULLISH,AAPL (BULLISH) Apple Inc.,188.6,189.84,187.45,187.88,14.83,
07/10/2023,AAPL,185.0,195.0,190.0,BULLISH,AAPL (BULLISH) Apple Inc.,186.48,187.2,184.3,185.84,15.07,
07/11/2023,AAPL,185.0,194.0,188.0,BULLISH,AAPL (BULLISH) Apple Inc.,186.38,186.52,183.86,185.32,14.84,
07/12/2023,AAPL,185.0,194.0,188.0,BULLISH,AAPL (BULLISH) Apple Inc.,186.9,188.89,185.7,186.99,13.54,
07/13/2023,AAPL,186.0,195.0,189.0,BULLISH,AAPL (BULLISH) Apple Inc.,187.7,188.38,186.99,187.74,13.61,
07/14/2023,AAPL,187.0,195.0,190.0,BULLISH,AAPL (BULLISH) Apple Inc.,187.44,188.37,186.85,187.89,13.34,
07/17/2023,AAPL,186.0,194.0,190.0,BULLISH,AAPL (BULLISH) Apple Inc.,189.08,191.47,189.0,191.14,13.48,
07/18/2023,AAPL,187.0,195.0,193.0,BULLISH,AAPL (BULLISH) Apple Inc.,190.51,191.48,189.6,190.89,13.3,
07/19/2023,AAPL,187.0,195.0,193.0,BULLISH,AAPL (BULLISH) Apple Inc.,190.27,195.32,189.82,192.24,13.76,
07/20/2023,AAPL,188.0,197.0,195.0,BULLISH,AAPL (BULLISH) Apple Inc.,192.23,193.59,189.68,190.3,13.99,
07/21/2023,AAPL,185.0,196.0,193.0,BULLISH,AAPL (BULLISH) Apple Inc.,191.25,192.11,188.42,189.12,13.6,
07/24/2023,AAPL,186.0,196.0,191.0,BULLISH,AAPL (BULLISH) Apple Inc.,190.57,192.05,189.43,189.92,13.91,
07/25/2023,AAPL,188.0,197.0,192.0,BULLISH,AAPL (BULLISH) Apple Inc.,190.49,191.59,190.09,190.78,13.86,
07/26/2023,AAPL,189.0,196.0,193.0,BULLISH,AAPL (BULLISH) Apple Inc.,190.83,192.77,190.48,191.65,13.19,
07/27/2023,AAPL,190.0,197.0,194.0,BULLISH,AAPL (BULLISH) Apple Inc.,193.14,194.31,189.72,190.38,14.41,
07/28/2023,AAPL,189.0,196.0,193.0,BULLISH,AAPL (BULLISH) Apple Inc.,191.81,193.74,191.29,192.96,13.33,
07/31/2023,AAPL,190.0,197.0,195.0,BULLISH,AAPL (BULLISH) Apple Inc.,193.18,193.61,192.39,193.57,13.63,
08/01/2023,AAPL,190.0,197.0,196.0,BULLISH,AAPL (BULLISH) Apple Inc.,193.36,193.84,192.41,192.74,13.93,
08/02/2023,AAPL,188.0,197.0,195.0,BULLISH,AAPL (BULLISH) Apple Inc.,192.18,192.32,189.03,189.75,16.09,
08/03/2023,AAPL,188.0,197.0,192.0,BULLISH,AAPL (BULLISH) Apple Inc.,188.76,189.55,187.89,188.36,15.92,
08/04/2023,AAPL,186.0,195.0,191.0,BULLISH,AAPL (BULLISH) Apple Inc.,182.8,184.63,179.25,179.32,17.1,
08/07/2023,AAPL,179.0,193.0,181.0,NEUTRAL,AAPL (NEUTRAL) Apple Inc.,179.46,180.44,174.75,176.23,15.77,
08/08/2023,AAPL,175.0,189.0,178.0,BEARISH,AAPL (BEARISH) Apple Inc.,177.05,177.62,174.97,177.16,15.99,
08/09/2023,AAPL,174.0,188.0,179.0,BEARISH,AAPL (BEARISH) Apple Inc.,178.22,178.27,174.41,175.58,15.96,
08/10/2023,AAPL,171.0,187.0,178.0,BEARISH,AAPL (BEARISH) Apple Inc.,176.85,178.1,174.99,175.36,15.85,
08/11/2023,AAPL,170.0,185.0,177.0,BEARISH,AAPL (BEARISH) Apple Inc.,174.95,176.24,174.19,175.42,14.84,
08/14/2023,AAPL,170.0,184.0,177.0,BEARISH,AAPL (BEARISH) Apple Inc.,175.6,177.29,174.94,177.07,14.82,
08/15/2023,AAPL,170.0,183.0,179.0,BEARISH,AAPL (BEARISH) Apple Inc.,176.49,177.08,174.69,175.08,16.46,
08/16/2023,AAPL,171.0,185.0,177.0,BEARISH,AAPL (BEARISH) Apple Inc.,174.77,176.16,174.14,174.21,16.78,
08/17/2023,AAPL,172.0,183.0,176.0,BEARISH,AAPL (BEARISH) Apple Inc.,174.78,175.14,171.16,171.68,17.89,
08/18/2023,AAPL,172.0,181.0,174.0,BEARISH,AAPL (BEARISH) Apple Inc.,170.0,172.76,169.67,172.16,17.3,
08/21/2023,AAPL,171.0,179.0,174.0,BEARISH,AAPL (BEARISH) Apple Inc.,172.73,173.78,171.42,173.49,17.13,
08/22/2023,AAPL,172.0,179.0,175.0,BEARISH,AAPL (BEARISH) Apple Inc.,174.7,175.31,173.9,174.86,16.97,
08/23/2023,AAPL,171.0,180.0,177.0,BEARISH,AAPL (BEARISH) Apple Inc.,176.14,179.13,175.95,178.7,15.98,
08/24/2023,AAPL,172.0,182.0,181.0,BEARISH,AAPL (BEARISH) Apple Inc.,178.26,178.68,173.66,174.03,17.2,
08/25/2023,AAPL,170.0,181.0,176.0,BEARISH,AAPL (BEARISH) Apple Inc.,175.01,176.76,173.47,176.23,15.68,
08/28/2023,AAPL,171.0,181.0,178.0,BEARISH,AAPL (BEARISH) Apple Inc.,177.69,178.18,176.17,177.79,15.08,
08/29/2023,AAPL,172.0,182.0,180.0,BEARISH,AAPL (BEARISH) Apple Inc.,177.3,182.43,177.1,181.66,14.45,
08/30/2023,AAPL,171.0,185.0,184.0,NEUTRAL,AAPL (NEUTRAL) Apple Inc.,182.47,185.34,182.27,185.15,13.88,
08/31/2023,AAPL,171.0,190.0,187.0,NEUTRAL,AAPL (NEUTRAL) Apple Inc.,185.33,186.6,184.98,185.36,13.57,
09/01/2023,AAPL,172.0,190.0,187.0,BULLISH,AAPL (BULLISH) Apple Inc.,186.96,187.39,185.77,186.93,13.09,
09/05/2023,AAPL,173.0,191.0,189.0,BULLISH,AAPL (BULLISH) Apple Inc.,185.77,187.44,185.11,187.17,14.01,
09/06/2023,AAPL,176.0,192.0,189.0,BULLISH,AAPL (BULLISH) Apple Inc.,185.89,186.33,179.05,180.47,14.45,
09/07/2023,AAPL,174.0,190.0,182.0,BEARISH,AAPL (BEARISH) Apple Inc.,172.84,175.83,171.22,175.19,14.4,
09/08/2023,AAPL,173.0,189.0,177.0,BEARISH,AAPL (BEARISH) Apple Inc.,175.97,177.83,175.42,175.8,13.84,
09/11/2023,AAPL,173.0,187.0,178.0,BEARISH,AAPL (BEARISH) Apple Inc.,177.67,177.89,174.97,176.97,13.8,
09/12/2023,AAPL,173.0,186.0,179.0,BEARISH,AAPL (BEARISH) Apple Inc.,177.09,177.73,172.49,173.95,14.23,
09/13/2023,AAPL,173.0,183.0,176.0,BEARISH,AAPL (BEARISH) Apple Inc.,174.15,174.93,171.66,171.89,13.48,
09/14/2023,AAPL,169.0,181.0,174.0,BEARISH,AAPL (BEARISH) Apple Inc.,171.68,173.75,171.26,173.39,12.82,
09/15/2023,AAPL,168.0,182.0,175.0,BEARISH,AAPL (BEARISH) Apple Inc.,174.12,174.14,171.5,172.67,13.79,
09/18/2023,AAPL,167.0,181.0,175.0,BEARISH,AAPL (BEARISH) Apple Inc.,174.12,176.99,173.82,175.6,14.0,
09/19/2023,AAPL,170.0,181.0,177.0,BEARISH,AAPL (BEARISH) Apple Inc.,175.15,177.23,174.77,176.68,14.11,
09/20/2023,AAPL,171.0,181.0,179.0,BEARISH,AAPL (BEARISH) Apple Inc.,176.87,177.3,173.06,173.15,15.14,
09/21/2023,AAPL,171.0,180.0,175.0,BEARISH,AAPL (BEARISH) Apple Inc.,172.22,173.95,171.54,171.61,17.54,
09/22/2023,AAPL,170.0,179.0,173.0,BEARISH,AAPL (BEARISH) Apple Inc.,172.34,174.72,171.73,172.46,17.2,
09/25/2023,AAPL,170.0,178.0,174.0,BEARISH,AAPL (BEARISH) Apple Inc.,171.88,174.61,171.83,173.73,16.9,
09/26/2023,AAPL,170.0,179.0,176.0,BEARISH,AAPL (BEARISH) Apple Inc.,172.49,172.86,169.37,169.67,18.94,
09/27/2023,AAPL,170.0,178.0,171.0,BEARISH,AAPL (BEARISH) Apple Inc.,170.32,170.73,166.79,168.16,18.22,
09/28/2023,AAPL,168.0,177.0,170.0,BEARISH,AAPL (BEARISH) Apple Inc.,167.08,169.73,165.38,168.41,17.34,
09/29/2023,AAPL,167.0,177.0,170.0,BEARISH,AAPL (BEARISH) Apple Inc.,169.72,170.76,168.07,168.93,17.52,
10/02/2023,AAPL,168.0,177.0,171.0,BEARISH,AAPL (BEARISH) Apple Inc.,168.94,171.97,168.65,171.43,17.61,
10/03/2023,AAPL,168.0,177.0,173.0,BEARISH,AAPL (BEARISH) Apple Inc.,169.96,171.31,168.54,170.1,19.78,
10/04/2023,AAPL,167.0,175.0,172.0,BEARISH,AAPL (BEARISH) Apple Inc.,168.81,171.89,168.69,171.34,18.58,
10/05/2023,AAPL,168.0,176.0,173.0,BEARISH,AAPL (BEARISH) Apple Inc.,171.47,173.11,170.38,172.58,18.49,
10/06/2023,AAPL,168.0,177.0,174.0,BEARISH,AAPL (BEARISH) Apple Inc.,171.48,175.61,170.87,175.12,17.45,
10/09/2023,AAPL,168.0,178.0,177.0,BEARISH,AAPL (BEARISH) Apple Inc.,174.45,176.66,173.45,176.6,17.7,
10/10/2023,AAPL,168.0,180.0,178.0,BEARISH,AAPL (BEARISH) Apple Inc.,175.72,177.32,175.58,176.01,17.03,
10/11/2023,AAPL,168.0,180.0,178.0,BEARISH,AAPL (BEARISH) Apple Inc.,175.82,177.45,175.23,177.4,16.09,
10/12/2023,AAPL,169.0,182.0,179.0,BEARISH,AAPL (BEARISH) Apple Inc.,177.67,179.91,176.65,178.3,16.69,
10/13/2023,AAPL,170.0,182.0,180.0,BEARISH,AAPL (BEARISH) Apple Inc.,179.0,179.5,175.76,176.46,19.32,
10/16/2023,AAPL,171.0,182.0,178.0,BEARISH,AAPL (BEARISH) Apple Inc.,174.39,176.69,174.15,176.34,17.21,
10/17/2023,AAPL,172.0,182.0,178.0,BEARISH,AAPL (BEARISH) Apple Inc.,174.29,176.04,172.47,174.79,17.88,
10/18/2023,AAPL,173.0,181.0,177.0,BEARISH,AAPL (BEARISH) Apple Inc.,173.24,175.21,172.77,173.49,19.22,
10/19/2023,AAPL,173.0,181.0,175.0,BEARISH,AAPL (BEARISH) Apple Inc.,173.69,175.47,172.85,173.12,21.4,
10/20/2023,AAPL,172.0,180.0,175.0,BEARISH,AAPL (BEARISH) Apple Inc.,172.97,173.08,170.34,170.57,21.71,
10/23/2023,AAPL,170.0,180.0,172.0,BEARISH,AAPL (BEARISH) Apple Inc.,168.63,171.69,167.66,170.69,20.37,
10/24/2023,AAPL,169.0,180.0,173.0,BEARISH,AAPL (BEARISH) Apple Inc.,170.74,171.35,169.16,171.13,18.97,
10/25/2023,AAPL,169.0,180.0,173.0,BEARISH,AAPL (BEARISH) Apple Inc.,169.59,170.75,168.37,168.82,20.19,
10/26/2023,AAPL,167.0,177.0,171.0,BEARISH,AAPL (BEARISH) Apple Inc.,168.1,169.09,163.46,164.66,20.68,
10/27/2023,AAPL,164.0,174.0,166.0,BEARISH,AAPL (BEARISH) Apple Inc.,164.68,166.71,164.6,165.98,21.27,
10/30/2023,AAPL,164.0,175.0,168.0,BEARISH,AAPL (BEARISH) Apple Inc.,166.76,168.89,166.62,168.02,19.75,
10/31/2023,AAPL,165.0,175.0,170.0,BEARISH,AAPL (BEARISH) Apple Inc.,167.09,168.62,165.66,168.49,18.14,
11/01/2023,AAPL,165.0,175.0,170.0,BEARISH,AAPL (BEARISH) Apple Inc.,168.72,171.9,167.85,171.65,16.87,
11/02/2023,AAPL,165.0,177.0,173.0,BEARISH,AAPL (BEARISH) Apple Inc.,173.18,175.41,173.12,175.2,15.66,
11/03/2023,AAPL,164.0,178.0,177.0,BEARISH,AAPL (BEARISH) Apple Inc.,171.91,174.46,171.04,174.29,14.91,
11/06/2023,AAPL,165.0,178.0,176.0,BEARISH,AAPL (BEARISH) Apple Inc.,174.03,177.04,173.86,176.84,14.89,
11/07/2023,AAPL,164.0,181.0,179.0,BEARISH,AAPL (BEARISH) Apple Inc.,176.79,180.01,176.58,179.39,14.81,
11/08/2023,AAPL,165.0,184.0,181.0,NEUTRAL,AAPL (NEUTRAL) Apple Inc.,179.92,181.0,179.17,180.45,14.45,
11/09/2023,AAPL,165.0,185.0,182.0,NEUTRAL,AAPL (NEUTRAL) Apple Inc.,180.52,181.66,179.38,179.98,15.29,
11/10/2023,AAPL,167.0,184.0,182.0,NEUTRAL,AAPL (NEUTRAL) Apple Inc.,181.75,184.32,181.32,184.15,14.17,
11/13/2023,AAPL,170.0,188.0,186.0,BULLISH,AAPL (BULLISH) Apple Inc.,183.58,183.79,181.99,182.57,14.76,
11/14/2023,AAPL,171.0,188.0,184.0,BULLISH,AAPL (BULLISH) Apple Inc.,185.44,185.84,184.06,185.18,14.16,
11/15/2023,AAPL,175.0,190.0,187.0,BULLISH,AAPL (BULLISH) Apple Inc.,185.59,187.22,185.52,185.75,14.18,
11/16/2023,AAPL,177.0,191.0,188.0,BULLISH,AAPL (BULLISH) Apple Inc.,187.29,188.66,186.38,187.43,14.32,
11/17/2023,AAPL,179.0,192.0,189.0,BULLISH,AAPL (BULLISH) Apple Inc.,187.96,188.09,186.3,187.41,13.8,
11/20/2023,AAPL,180.0,192.0,189.0,BULLISH,AAPL (BULLISH) Apple Inc.,187.6,189.6,187.59,189.14,13.41,
11/21/2023,AAPL,181.0,193.0,191.0,BULLISH,AAPL (BULLISH) Apple Inc.,189.1,189.21,187.45,188.34,13.35,
11/22/2023,AAPL,181.0,193.0,190.0,BULLISH,AAPL (BULLISH) Apple Inc.,189.18,190.61,188.53,189.01,12.85,
11/24/2023,AAPL,183.0,193.0,191.0,BULLISH,AAPL (BULLISH) Apple Inc.,188.57,188.6,186.97,187.68,12.46,
11/27/2023,AAPL,184.0,193.0,189.0,BULLISH,AAPL (BULLISH) Apple Inc.,187.63,188.37,186.62,187.5,12.69,
11/28/2023,AAPL,185.0,192.0,189.0,BULLISH,AAPL (BULLISH) Apple Inc.,187.49,188.78,187.12,188.11,12.69,
11/29/2023,AAPL,187.0,192.0,190.0,BULLISH,AAPL (BULLISH) Apple Inc.,188.6,189.78,186.69,187.09,12.98,
11/30/2023,AAPL,187.0,192.0,189.0,BULLISH,AAPL (BULLISH) Apple Inc.,187.55,188.03,185.92,187.66,12.92,
12/01/2023,AAPL,187.0,192.0,189.0,BULLISH,AAPL (BULLISH) Apple Inc.,188.04,189.25,186.95,188.94,12.63,
12/04/2023,AAPL,188.0,193.0,191.0,BULLISH,AAPL (BULLISH) Apple Inc.,187.69,187.76,185.19,187.15,13.08,
12/05/2023,AAPL,186.0,192.0,189.0,BULLISH,AAPL (BULLISH) Apple Inc.,187.92,192.06,187.89,191.09,12.85,
12/06/2023,AAPL,187.0,195.0,193.0,BULLISH,AAPL (BULLISH) Apple Inc.,192.11,192.41,189.8,190.0,12.97,
12/07/2023,AAPL,187.0,194.0,192.0,BULLISH,AAPL (BULLISH) Apple Inc.,191.3,192.65,191.26,191.93,13.06,
12/08/2023,AAPL,187.0,196.0,194.0,BULLISH,AAPL (BULLISH) Apple Inc.,191.86,193.63,191.34,193.35,12.35,
12/11/2023,AAPL,187.0,197.0,195.0,BULLISH,AAPL (BULLISH) Apple Inc.,190.78,191.16,189.11,190.85,12.63,
12/12/2023,AAPL,187.0,196.0,193.0,BULLISH,AAPL (BULLISH) Apple Inc.,190.75,192.37,189.41,192.36,12.07,
12/13/2023,AAPL,188.0,197.0,194.0,BULLISH,AAPL (BULLISH) Apple Inc.,192.74,195.62,192.5,195.58,12.19,
12/14/2023,AAPL,189.0,200.0,197.0,BULLISH,AAPL (BULLISH) Apple Inc.,195.63,197.22,193.8,195.72,12.48,
12/15/2023,AAPL,189.0,200.0,198.0,BULLISH,AAPL (BULLISH) Apple Inc.,195.15,196.01,194.63,195.19,12.28,
12/18/2023,AAPL,190.0,200.0,197.0,BULLISH,AAPL (BULLISH) Apple Inc.,193.73,194.26,192.05,193.53,12.56,
12/19/2023,AAPL,191.0,199.0,195.0,BULLISH,AAPL (BULLISH) Apple Inc.,193.8,194.58,193.53,194.57,12.53,
12/20/2023,AAPL,192.0,199.0,196.0,BULLISH,AAPL (BULLISH) Apple Inc.,194.53,195.3,192.48,192.48,13.67,
12/21/2023,AAPL,192.0,199.0,194.0,BULLISH,AAPL (BULLISH) Apple Inc.,193.74,194.71,191.17,192.34,13.65,
12/22/2023,AAPL,192.0,200.0,194.0,BULLISH,AAPL (BULLISH) Apple Inc.,192.83,193.06,190.65,191.27,13.03,
12/26/2023,AAPL,191.0,199.0,193.0,BULLISH,AAPL (BULLISH) Apple Inc.,191.28,191.55,190.51,190.72,12.99,
12/27/2023,AAPL,190.0,199.0,193.0,BULLISH,AAPL (BULLISH) Apple Inc.,190.17,191.17,188.79,190.82,12.43,
12/28/2023,AAPL,191.0,198.0,193.0,BULLISH,AAPL (BULLISH) Apple Inc.,191.8,192.32,190.84,191.25,12.47,
12/29/2023,AAPL,191.0,197.0,193.0,BULLISH,AAPL (BULLISH) Apple Inc.,191.56,192.06,189.42,190.21,12.45,
01/02/2024,AAPL,190.0,196.0,192.0,BULLISH,AAPL (BULLISH) Apple Inc.,184.9,186.17,181.68,183.4,13.2,
01/03/2024,AAPL,184.0,193.0,185.0,BEARISH,AAPL (BEARISH) Apple Inc.,182.0,183.64,181.22,182.03,14.04,
01/04/2024,AAPL,182.0,191.0,184.0,BEARISH,AAPL (BEARISH) Apple Inc.,179.96,180.88,178.7,179.72,14.13,
01/05/2024,AAPL,180.0,190.0,181.0,BEARISH,AAPL (BEARISH) Apple Inc.,179.8,180.56,178.0,179.0,13.35,
01/08/2024,AAPL,177.0,189.0,181.0,BEARISH,AAPL (BEARISH) Apple Inc.,179.9,183.36,179.31,183.32,13.08,
01/09/2024,AAPL,177.0,189.0,185.0,BEARISH,AAPL (BEARISH) Apple Inc.,181.7,182.92,180.53,182.91,12.76,
01/10/2024,AAPL,177.0,190.0,185.0,BEARISH,AAPL (BEARISH) Apple Inc.,182.13,184.15,181.7,183.95,12.69,
01/11/2024,AAPL,178.0,191.0,186.0,BEARISH,AAPL (BEARISH) Apple Inc.,184.29,184.8,181.41,183.35,12.44,
01/12/2024,AAPL,178.0,191.0,185.0,BEARISH,AAPL (BEARISH) Apple Inc.,183.82,184.49,182.96,183.68,12.7,
01/16/2024,AAPL,179.0,189.0,185.0,BEARISH,AAPL (BEARISH) Apple Inc.,179.97,182.04,178.75,181.42,13.84,
01/17/2024,AAPL,179.0,188.0,183.0,BEARISH,AAPL (BEARISH) Apple Inc.,179.09,180.73,178.13,180.48,14.79,
01/18/2024,AAPL,179.0,188.0,182.0,BEARISH,AAPL (BEARISH) Apple Inc.,183.85,186.86,183.59,186.36,14.13,
01/19/2024,AAPL,179.0,190.0,188.0,BEARISH,AAPL (BEARISH) Apple Inc.,187.05,189.64,186.55,189.25,13.3,
01/22/2024,AAPL,180.0,192.0,191.0,BEARISH,AAPL (BEARISH) Apple Inc.,189.98,192.98,189.94,191.55,13.19,
01/23/2024,AAPL,179.0,195.0,193.0,NEUTRAL,AAPL (NEUTRAL) Apple Inc.,192.67,193.39,191.5,192.83,12.55,
01/24/2024,AAPL,179.0,197.0,195.0,BULLISH,AAPL (BULLISH) Apple Inc.,193.07,194.01,192.0,192.16,13.14,
01/25/2024,AAPL,179.0,196.0,194.0,BULLISH,AAPL (BULLISH) Apple Inc.,192.87,193.91,190.78,191.83,13.45,
01/26/2024,AAPL,179.0,197.0,194.0,BULLISH,AAPL (BULLISH) Apple Inc.,191.93,192.41,189.63,190.1,13.26,
01/29/2024,AAPL,180.0,196.0,192.0,NEUTRAL,AAPL (NEUTRAL) Apple Inc.,189.7,189.88,187.3,189.42,13.6,
01/30/2024,AAPL,181.0,199.0,191.0,NEUTRAL,AAPL (NEUTRAL) Apple Inc.,188.64,189.49,185.21,185.78,13.31,
01/31/2024,AAPL,182.0,195.0,188.0,BEARISH,AAPL (BEARISH) Apple Inc.,184.79,184.85,182.13,182.18,14.35,
02/01/2024,AAPL,180.0,195.0,184.0,BEARISH,AAPL (BEARISH) Apple Inc.,181.77,184.7,181.61,184.61,13.88,
02/02/2024,AAPL,175.0,192.0,186.0,BEARISH,AAPL (BEARISH) Apple Inc.,177.69,185.07,177.09,183.61,13.85,
02/05/2024,AAPL,179.0,191.0,185.0,BEARISH,AAPL (BEARISH) Apple Inc.,185.88,186.97,183.6,185.42,13.67,
02/06/2024,AAPL,180.0,191.0,187.0,BEARISH,AAPL (BEARISH) Apple Inc.,184.61,187.03,184.52,187.02,13.06,
02/07/2024,AAPL,181.0,192.0,189.0,BEARISH,AAPL (BEARISH) Apple Inc.,188.34,188.75,186.34,187.13,12.83,
02/08/2024,AAPL,182.0,193.0,189.0,BEARISH,AAPL (BEARISH) Apple Inc.,187.11,187.26,185.09,186.05,12.79,
02/09/2024,AAPL,182.0,192.0,188.0,BEARISH,AAPL (BEARISH) Apple Inc.,186.62,187.94,185.97,186.81,12.93,
02/12/2024,AAPL,183.0,191.0,188.0,BEARISH,AAPL (BEARISH) Apple Inc.,186.39,186.64,184.78,185.13,13.93,
02/13/2024,AAPL,182.0,191.0,187.0,BEARISH,AAPL (BEARISH) Apple Inc.,183.77,184.2,181.53,183.04,15.85,
02/14/2024,AAPL,181.0,190.0,185.0,BEARISH,AAPL (BEARISH) Apple Inc.,183.32,183.53,180.47,182.16,14.38,
02/15/2024,AAPL,180.0,188.0,184.0,BEARISH,AAPL (BEARISH) Apple Inc.,181.57,182.5,179.39,181.88,14.01,
02/16/2024,AAPL,181.0,188.0,183.0,BEARISH,AAPL (BEARISH) Apple Inc.,181.44,182.86,179.71,180.34,14.24,
02/20/2024,AAPL,180.0,188.0,182.0,BEARISH,AAPL (BEARISH) Apple Inc.,179.83,180.46,178.06,179.6,15.42,
02/21/2024,AAPL,179.0,187.0,181.0,BEARISH,AAPL (BEARISH) Apple Inc.,179.98,180.92,178.71,180.35,15.34,
02/22/2024,AAPL,179.0,188.0,182.0,BEARISH,AAPL (BEARISH) Apple Inc.,181.5,182.97,180.49,182.38,14.54,
02/23/2024,AAPL,179.0,189.0,184.0,BEARISH,AAPL (BEARISH) Apple Inc.,183.01,183.04,180.26,180.55,13.75,
02/26/2024,AAPL,179.0,187.0,182.0,BEARISH,AAPL (BEARISH) Apple Inc.,180.27,180.79,178.7,179.21,13.74,
02/27/2024,AAPL,178.0,186.0,181.0,BEARISH,AAPL (BEARISH) Apple Inc.,179.15,181.94,177.62,180.66,13.43,
02/28/2024,AAPL,178.0,185.0,182.0,BEARISH,AAPL (BEARISH) Apple Inc.,180.54,181.15,178.19,179.46,13.84,
02/29/2024,AAPL,178.0,185.0,181.0,BEARISH,AAPL (BEARISH) Apple Inc.,179.32,180.6,177.59,178.8,13.4,
03/01/2024,AAPL,178.0,184.0,180.0,BEARISH,AAPL (BEARISH) Apple Inc.,177.61,178.58,175.47,177.72,13.11,
03/04/2024,AAPL,177.0,184.0,179.0,BEARISH,AAPL (BEARISH) Apple Inc.,174.25,174.99,171.92,173.21,13.49,
03/05/2024,AAPL,173.0,181.0,175.0,BEARISH,AAPL (BEARISH) Apple Inc.,168.92,170.18,167.79,168.29,14.46,
03/06/2024,AAPL,168.0,179.0,170.0,BEARISH,AAPL (BEARISH) Apple Inc.,169.22,169.39,166.86,167.3,14.5,
03/07/2024,AAPL,166.0,178.0,169.0,BEARISH,AAPL (BEARISH) Apple Inc.,167.33,168.89,166.67,167.18,14.44,
03/08/2024,AAPL,165.0,178.0,169.0,BEARISH,AAPL (BEARISH) Apple Inc.,167.18,171.83,167.12,168.89,14.74,
03/11/2024,AAPL,164.0,179.0,170.0,BEARISH,AAPL (BEARISH) Apple Inc.,171.08,172.5,170.19,170.89,15.22,
03/12/2024,AAPL,163.0,180.0,172.0,BEARISH,AAPL (BEARISH) Apple Inc.,171.28,172.15,169.17,171.36,13.84,
03/13/2024,AAPL,164.0,179.0,173.0,BEARISH,AAPL (BEARISH) Apple Inc.,170.91,171.32,168.92,169.28,13.75,
03/14/2024,AAPL,163.0,178.0,171.0,BEARISH,AAPL (BEARISH) Apple Inc.,171.05,172.43,170.19,171.13,14.4,
03/15/2024,AAPL,165.0,176.0,173.0,BEARISH,AAPL (BEARISH) Apple Inc.,169.32,170.76,168.45,170.76,14.41,
03/18/2024,AAPL,166.0,176.0,172.0,BEARISH,AAPL (BEARISH) Apple Inc.,173.68,175.79,171.65,171.85,14.33,
03/19/2024,AAPL,167.0,177.0,173.0,BEARISH,AAPL (BEARISH) Apple Inc.,172.46,174.71,171.16,174.18,13.82,
03/20/2024,AAPL,168.0,178.0,176.0,BEARISH,AAPL (BEARISH) Apple Inc.,173.83,176.74,173.2,176.74,13.04,
03/21/2024,AAPL,168.0,179.0,178.0,BEARISH,AAPL (BEARISH) Apple Inc.,175.14,175.58,169.0,169.52,12.92,
03/22/2024,AAPL,167.0,177.0,171.0,BEARISH,AAPL (BEARISH) Apple Inc.,169.91,171.18,168.23,170.42,13.06,
03/25/2024,AAPL,168.0,178.0,172.0,BEARISH,AAPL (BEARISH) Apple Inc.,168.73,170.09,167.62,169.01,13.19,
03/26/2024,AAPL,166.0,176.0,170.0,BEARISH,AAPL (BEARISH) Apple Inc.,168.17,169.57,167.75,167.88,13.24,
03/27/2024,AAPL,165.0,176.0,169.0,BEARISH,AAPL (BEARISH) Apple Inc.,168.57,171.73,168.28,171.44,12.78,
03/28/2024,AAPL,166.0,178.0,173.0,BEARISH,AAPL (BEARISH) Apple Inc.,169.9,170.37,168.67,169.63,13.01,
04/01/2024,AAPL,166.0,177.0,171.0,BEARISH,AAPL (BEARISH) Apple Inc.,169.34,169.4,167.65,168.2,13.65,
04/02/2024,AAPL,165.0,176.0,170.0,BEARISH,AAPL (BEARISH) Apple Inc.,167.26,167.51,166.42,167.02,14.61,
04/03/2024,AAPL,165.0,177.0,168.0,BEARISH,AAPL (BEARISH) Apple Inc.,166.97,168.84,166.76,167.82,14.33,
04/04/2024,AAPL,165.0,175.0,169.0,BEARISH,AAPL (BEARISH) Apple Inc.,168.45,170.07,167.0,167.0,16.35,
04/05/2024,AAPL,165.0,174.0,168.0,BEARISH,AAPL (BEARISH) Apple Inc.,167.76,168.55,167.13,167.75,16.03,
04/08/2024,AAPL,165.0,173.0,168.0,BEARISH,AAPL (BEARISH) Apple Inc.,167.21,167.38,166.43,166.63,15.19,
04/09/2024,AAPL,165.0,173.0,168.0,BEARISH,AAPL (BEARISH) Apple Inc.,166.88,168.25,166.53,167.84,14.98,
04/10/2024,AAPL,166.0,173.0,169.0,BEARISH,AAPL (BEARISH) Apple Inc.,166.98,167.27,165.31,165.97,15.8,
04/11/2024,AAPL,165.0,172.0,167.0,BEARISH,AAPL (BEARISH) Apple Inc.,166.52,173.57,166.35,173.15,14.91,
04/12/2024,AAPL,165.0,177.0,175.0,BEARISH,AAPL (BEARISH) Apple Inc.,172.38,176.44,172.33,174.65,17.31,
04/15/2024,AAPL,164.0,178.0,176.0,BEARISH,AAPL (BEARISH) Apple Inc.,173.47,174.73,170.64,170.83,19.23,
04/16/2024,AAPL,164.0,177.0,172.0,BEARISH,AAPL (BEARISH) Apple Inc.,169.9,171.89,166.46,167.55,18.4,
04/17/2024,AAPL,163.0,176.0,169.0,BEARISH,AAPL (BEARISH) Apple Inc.,167.78,168.81,166.19,166.19,18.21,
04/18/2024,AAPL,163.0,175.0,168.0,BEARISH,AAPL (BEARISH) Apple Inc.,166.22,166.82,164.75,165.24,18.0,
04/19/2024,AAPL,163.0,172.0,167.0,BEARISH,AAPL (BEARISH) Apple Inc.,164.42,164.61,162.31,163.22,18.71,
04/22/2024,AAPL,161.0,172.0,165.0,BEARISH,AAPL (BEARISH) Apple Inc.,163.74,165.46,162.99,164.05,16.94,
04/23/2024,AAPL,160.0,171.0,165.0,BEARISH,AAPL (BEARISH) Apple Inc.,163.57,165.25,163.14,165.1,15.69,
04/24/2024,AAPL,160.0,172.0,166.0,BEARISH,AAPL (BEARISH) Apple Inc.,164.74,167.47,164.42,167.2,15.97,
04/25/2024,AAPL,161.0,172.0,169.0,BEARISH,AAPL (BEARISH) Apple Inc.,167.7,168.77,166.34,168.06,15.37,
04/26/2024,AAPL,162.0,173.0,169.0,BEARISH,AAPL (BEARISH) Apple Inc.,168.05,169.49,167.36,167.47,15.03,
04/29/2024,AAPL,162.0,172.0,169.0,BEARISH,AAPL (BEARISH) Apple Inc.,171.5,174.13,171.23,171.63,14.67,
04/30/2024,AAPL,163.0,175.0,173.0,BEARISH,AAPL (BEARISH) Apple Inc.,171.46,173.1,168.17,168.49,15.65,
05/01/2024,AAPL,162.0,174.0,170.0,BEARISH,AAPL (BEARISH) Apple Inc.,167.75,170.85,167.29,167.47,15.39,
05/02/2024,AAPL,162.0,174.0,169.0,BEARISH,AAPL (BEARISH) Apple Inc.,170.65,171.55,169.05,171.16,14.68,
05/03/2024,AAPL,165.0,185.0,173.0,NEUTRAL,AAPL (NEUTRAL) Apple Inc.,184.64,184.98,180.69,181.4,13.49,
05/06/2024,AAPL,164.0,185.0,183.0,NEUTRAL,AAPL (NEUTRAL) Apple Inc.,180.38,182.21,178.47,179.75,13.49,
05/07/2024,AAPL,163.0,184.0,181.0,NEUTRAL,AAPL (NEUTRAL) Apple Inc.,181.47,182.91,179.36,180.43,13.23,
05/08/2024,AAPL,164.0,185.0,182.0,NEUTRAL,AAPL (NEUTRAL) Apple Inc.,180.88,181.1,179.49,180.77,13.0,
05/09/2024,AAPL,164.0,184.0,182.0,NEUTRAL,AAPL (NEUTRAL) Apple Inc.,180.59,182.67,180.15,182.58,12.69,
05/10/2024,AAPL,167.0,189.0,184.0,BULLISH,AAPL (BULLISH) Apple Inc.,183.15,183.34,180.41,181.32,12.55,
05/13/2024,AAPL,168.0,186.0,183.0,NEUTRAL,AAPL (NEUTRAL) Apple Inc.,183.69,185.33,182.88,184.52,13.6,
05/14/2024,AAPL,175.0,193.0,186.0,BULLISH,AAPL (BULLISH) Apple Inc.,185.74,186.52,184.53,185.66,13.42,
05/15/2024,AAPL,174.0,191.0,187.0,BULLISH,AAPL (BULLISH) Apple Inc.,186.14,188.85,185.6,187.93,12.45,
05/16/2024,AAPL,177.0,191.0,189.0,BULLISH,AAPL (BULLISH) Apple Inc.,188.67,189.3,187.87,188.05,12.42,
05/17/2024,AAPL,178.0,191.0,189.0,BULLISH,AAPL (BULLISH) Apple Inc.,187.72,189.01,187.39,188.08,11.99,
05/20/2024,AAPL,180.0,192.0,189.0,BULLISH,AAPL (BULLISH) Apple Inc.,187.54,190.11,187.23,189.24,12.15,
05/21/2024,AAPL,182.0,193.0,191.0,BULLISH,AAPL (BULLISH) Apple Inc.,189.29,190.91,189.12,190.53,11.86,
05/22/2024,AAPL,183.0,195.0,192.0,BULLISH,AAPL (BULLISH) Apple Inc.,190.45,191.0,188.47,189.1,12.29,
05/23/2024,AAPL,185.0,196.0,190.0,BULLISH,AAPL (BULLISH) Apple Inc.,189.18,189.2,184.87,185.12,12.77,
05/24/2024,AAPL,184.0,192.0,186.0,BULLISH,AAPL (BULLISH) Apple Inc.,187.04,188.78,186.26,188.19,11.93,
05/28/2024,AAPL,185.0,193.0,189.0,BULLISH,AAPL (BULLISH) Apple Inc.,189.7,191.18,187.31,188.2,12.92,
05/29/2024,AAPL,186.0,193.0,189.0,BULLISH,AAPL (BULLISH) Apple Inc.,187.82,190.43,187.72,188.49,14.28,
05/30/2024,AAPL,186.0,193.0,190.0,BULLISH,AAPL (BULLISH) Apple Inc.,188.96,190.37,188.83,189.48,14.47,
05/31/2024,AAPL,187.0,194.0,191.0,BULLISH,AAPL (BULLISH) Apple Inc.,189.63,190.75,188.12,190.43,12.92,
06/03/2024,AAPL,187.0,194.0,192.0,BULLISH,AAPL (BULLISH) Apple Inc.,191.08,193.15,190.7,192.2,13.11,
06/04/2024,AAPL,187.0,197.0,194.0,BULLISH,AAPL (BULLISH) Apple Inc.,192.8,193.48,191.21,192.51,13.16,
06/05/2024,AAPL,187.0,194.0,194.0,BULLISH,AAPL (BULLISH) Apple Inc.,193.55,195.04,193.03,194.02,12.63,
06/06/2024,AAPL,186.0,198.0,195.0,BULLISH,AAPL (BULLISH) Apple Inc.,193.84,194.64,192.34,192.64,12.58,
06/07/2024,AAPL,187.0,198.0,194.0,BULLISH,AAPL (BULLISH) Apple Inc.,192.81,195.08,192.31,195.03,12.22,
06/10/2024,AAPL,188.0,200.0,196.0,BULLISH,AAPL (BULLISH) Apple Inc.,195.04,195.44,190.34,191.3,12.74,
06/11/2024,AAPL,188.0,198.0,193.0,BULLISH,AAPL (BULLISH) Apple Inc.,191.82,205.2,191.8,205.19,12.85,
06/12/2024,AAPL,190.0,211.0,207.0,BULLISH,AAPL (BULLISH) Apple Inc.,205.41,218.12,204.95,211.06,12.04,
06/13/2024,AAPL,192.0,219.0,213.0,BULLISH,AAPL (BULLISH) Apple Inc.,212.71,214.7,209.6,212.22,11.94,
06/14/2024,AAPL,194.0,218.0,214.0,BULLISH,AAPL (BULLISH) Apple Inc.,211.83,213.14,209.3,210.48,12.66,
06/17/2024,AAPL,194.0,220.0,212.0,BULLISH,AAPL (BULLISH) Apple Inc.,211.36,216.88,210.71,214.62,12.75,
06/18/2024,AAPL,196.0,225.0,216.0,BULLISH,AAPL (BULLISH) Apple Inc.,215.54,216.57,210.99,212.27,12.3,
06/20/2024,AAPL,198.0,225.0,214.0,BULLISH,AAPL (BULLISH) Apple Inc.,211.91,212.22,206.88,207.7,13.28,
06/21/2024,AAPL,195.0,223.0,209.0,BULLISH,AAPL (BULLISH) Apple Inc.,208.4,209.89,205.15,205.53,13.2,
06/24/2024,AAPL,196.0,218.0,207.0,BULLISH,AAPL (BULLISH) Apple Inc.,205.76,210.69,204.64,206.17,13.33,
06/25/2024,AAPL,199.0,218.0,208.0,BULLISH,AAPL (BULLISH) Apple Inc.,207.18,209.38,206.64,207.1,12.84,
06/26/2024,AAPL,202.0,219.0,209.0,BULLISH,AAPL (BULLISH) Apple Inc.,209.5,212.83,208.65,211.24,12.55,
06/27/2024,AAPL,203.0,219.0,213.0,BULLISH,AAPL (BULLISH) Apple Inc.,212.66,213.7,210.34,212.08,12.24,
06/28/2024,AAPL,204.0,218.0,214.0,BULLISH,AAPL (BULLISH) Apple Inc.,213.73,214.03,208.31,208.63,12.44,
07/01/2024,AAPL,204.0,218.0,210.0,BULLISH,AAPL (BULLISH) Apple Inc.,210.09,215.46,209.92,214.7,12.22,
07/02/2024,AAPL,205.0,219.0,216.0,BULLISH,AAPL (BULLISH) Apple Inc.,214.11,218.3,213.07,218.19,12.03,
07/03/2024,AAPL,205.0,222.0,220.0,BULLISH,AAPL (BULLISH) Apple Inc.,217.92,219.46,216.96,219.46,12.09,
07/05/2024,AAPL,206.0,224.0,221.0,BULLISH,AAPL (BULLISH) Apple Inc.,219.56,224.31,219.56,224.2,12.48,
07/08/2024,AAPL,207.0,228.0,226.0,BULLISH,AAPL (BULLISH) Apple Inc.,224.95,225.7,221.14,225.67,12.37,
07/09/2024,AAPL,209.0,231.0,227.0,BULLISH,AAPL (BULLISH) Apple Inc.,225.78,227.23,224.23,226.52,12.51,
07/10/2024,AAPL,210.0,233.0,228.0,BULLISH,AAPL (BULLISH) Apple Inc.,227.13,230.88,227.09,230.78,12.85,
07/11/2024,AAPL,211.0,237.0,232.0,BULLISH,AAPL (BULLISH) Apple Inc.,229.21,230.2,223.64,225.42,12.92,
07/12/2024,AAPL,212.0,237.0,227.0,BULLISH,AAPL (BULLISH) Apple Inc.,226.76,230.44,226.52,228.36,12.46,
07/15/2024,AAPL,214.0,236.0,230.0,BULLISH,AAPL (BULLISH) Apple Inc.,234.25,234.99,230.89,232.19,13.12,
07/16/2024,AAPL,217.0,238.0,234.0,BULLISH,AAPL (BULLISH) Apple Inc.,232.78,234.04,230.14,232.6,13.19,
07/17/2024,AAPL,219.0,239.0,234.0,BULLISH,AAPL (BULLISH) Apple Inc.,227.28,229.27,224.5,226.72,14.48,
07/18/2024,AAPL,222.0,237.0,228.0,BULLISH,AAPL (BULLISH) Apple Inc.,228.11,228.26,220.17,222.06,15.93,
07/19/2024,AAPL,218.0,236.0,224.0,BULLISH,AAPL (BULLISH) Apple Inc.,222.7,224.66,221.17,222.19,16.52,
07/22/2024,AAPL,218.0,237.0,224.0,BULLISH,AAPL (BULLISH) Apple Inc.,224.87,225.63,220.98,221.85,14.91,
07/23/2024,AAPL,218.0,235.0,223.0,BULLISH,AAPL (BULLISH) Apple Inc.,222.25,224.8,220.58,222.89,14.72,
07/24/2024,AAPL,219.0,236.0,225.0,BULLISH,AAPL (BULLISH) Apple Inc.,221.88,222.68,215.08,216.48,18.04,
07/25/2024,AAPL,215.0,234.0,218.0,BULLISH,AAPL (BULLISH) Apple Inc.,216.86,218.76,212.59,215.44,18.46,
07/26/2024,AAPL,212.0,234.0,217.0,BULLISH,AAPL (BULLISH) Apple Inc.,216.63,217.42,213.97,215.9,16.39,
07/29/2024,AAPL,212.0,234.0,217.0,BULLISH,AAPL (BULLISH) Apple Inc.,214.91,217.23,213.71,216.18,16.6,
07/30/2024,AAPL,212.0,232.0,218.0,BULLISH,AAPL (BULLISH) Apple Inc.,217.12,218.25,214.08,216.73,17.69,
07/31/2024,AAPL,210.0,230.0,218.0,BULLISH,AAPL (BULLISH) Apple Inc.,219.35,221.71,218.55,219.98,16.36,
08/01/2024,AAPL,211.0,228.0,222.0,BULLISH,AAPL (BULLISH) Apple Inc.,222.25,222.36,214.97,216.3,18.59,
08/02/2024,AAPL,210.0,226.0,218.0,BULLISH,AAPL (BULLISH) Apple Inc.,217.08,223.47,215.65,217.78,23.39,
08/05/2024,AAPL,200.0,222.0,219.0,BEARISH,AAPL (BEARISH) Apple Inc.,197.21,211.48,194.15,207.29,38.57,
08/06/2024,AAPL,205.0,223.0,209.0,NEUTRAL,AAPL (NEUTRAL) Apple Inc.,203.36,208.01,199.17,205.27,27.71,
08/07/2024,AAPL,204.0,220.0,207.0,NEUTRAL,AAPL (NEUTRAL) Apple Inc.,204.95,211.62,204.44,207.84,27.85,
08/08/2024,AAPL,204.0,219.0,209.0,NEUTRAL,AAPL (NEUTRAL) Apple Inc.,211.1,212.18,206.86,211.3,23.79,
08/09/2024,AAPL,204.0,222.0,213.0,BULLISH,AAPL (BULLISH) Apple Inc.,210.1,214.73,209.97,214.2,20.37,
08/12/2024,AAPL,204.0,221.0,215.0,BULLISH,AAPL (BULLISH) Apple Inc.,214.28,217.69,213.81,215.73,20.71,
08/13/2024,AAPL,206.0,225.0,217.0,BULLISH,AAPL (BULLISH) Apple Inc.,217.19,220.05,217.19,219.43,18.12,
08/14/2024,AAPL,206.0,226.0,221.0,BULLISH,AAPL (BULLISH) Apple Inc.,218.74,221.18,217.88,219.88,16.19,
08/15/2024,AAPL,205.0,227.0,221.0,BULLISH,AAPL (BULLISH) Apple Inc.,222.74,223.48,220.91,222.86,15.23,
08/16/2024,AAPL,207.0,229.0,224.0,BULLISH,AAPL (BULLISH) Apple Inc.,222.06,224.95,221.79,224.17,14.8,
08/19/2024,AAPL,207.0,230.0,226.0,BULLISH,AAPL (BULLISH) Apple Inc.,223.85,224.12,221.19,224.02,14.65,
08/20/2024,AAPL,209.0,231.0,225.0,BULLISH,AAPL (BULLISH) Apple Inc.,223.9,225.29,223.58,224.63,15.88,
08/21/2024,AAPL,211.0,232.0,226.0,BULLISH,AAPL (BULLISH) Apple Inc.,224.64,226.09,223.18,224.52,16.27,
08/22/2024,AAPL,214.0,231.0,226.0,BULLISH,AAPL (BULLISH) Apple Inc.,225.9,226.45,222.04,222.67,17.55,
08/23/2024,AAPL,216.0,230.0,224.0,BULLISH,AAPL (BULLISH) Apple Inc.,223.79,226.33,222.47,224.96,15.86,
08/26/2024,AAPL,217.0,230.0,226.0,BULLISH,AAPL (BULLISH) Apple Inc.,224.88,225.39,222.03,225.3,16.15,
08/27/2024,AAPL,219.0,230.0,227.0,BULLISH,AAPL (BULLISH) Apple Inc.,224.13,226.95,223.02,226.14,15.43,
08/28/2024,AAPL,220.0,230.0,228.0,BULLISH,AAPL (BULLISH) Apple Inc.,226.03,227.95,223.81,224.61,17.11,
08/29/2024,AAPL,221.0,229.0,226.0,BULLISH,AAPL (BULLISH) Apple Inc.,228.19,230.99,226.98,227.88,15.65,
08/30/2024,AAPL,223.0,231.0,229.0,BULLISH,AAPL (BULLISH) Apple Inc.,228.28,228.49,225.59,227.1,15.0,
09/03/2024,AAPL,224.0,231.0,229.0,BULLISH,AAPL (BULLISH) Apple Inc.,226.65,227.1,219.34,220.92,20.72,
09/04/2024,AAPL,220.0,230.0,222.0,BULLISH,AAPL (BULLISH) Apple Inc.,219.82,219.94,215.68,219.02,21.32,
09/05/2024,AAPL,219.0,229.0,220.0,BULLISH,AAPL (BULLISH) Apple Inc.,219.79,223.61,219.68,220.54,19.9,
09/06/2024,AAPL,218.0,229.0,222.0,BULLISH,AAPL (BULLISH) Apple Inc.,222.09,223.37,217.95,218.99,22.38,
09/09/2024,AAPL,216.0,228.0,220.0,BULLISH,AAPL (BULLISH) Apple Inc.,218.99,219.43,214.91,219.08,19.45,
09/10/2024,AAPL,216.0,228.0,220.0,BULLISH,AAPL (BULLISH) Apple Inc.,217.1,219.64,214.93,218.28,19.08,
09/11/2024,AAPL,215.0,227.0,220.0,NEUTRAL,AAPL (NEUTRAL) Apple Inc.,219.62,221.24,216.08,220.81,17.69,
09/12/2024,AAPL,216.0,228.0,222.0,NEUTRAL,AAPL (NEUTRAL) Apple Inc.,220.65,221.7,218.0,220.92,17.07,
09/13/2024,AAPL,217.0,227.0,222.0,NEUTRAL,AAPL (NEUTRAL) Apple Inc.,221.73,222.18,220.07,220.65,16.56,
09/16/2024,AAPL,218.0,226.0,222.0,NEUTRAL,AAPL (NEUTRAL) Apple Inc.,214.74,215.42,212.15,214.53,17.14,
09/17/2024,AAPL,213.0,223.0,216.0,BEARISH,AAPL (BEARISH) Apple Inc.,213.96,215.1,212.72,214.99,17.61,
09/18/2024,AAPL,213.0,222.0,216.0,BEARISH,AAPL (BEARISH) Apple Inc.,215.75,220.86,215.74,218.86,18.23,
09/19/2024,AAPL,214.0,225.0,220.0,BEARISH,AAPL (BEARISH) Apple Inc.,223.12,227.91,222.77,226.97,16.33,
09/20/2024,AAPL,217.0,232.0,228.0,BULLISH,AAPL (BULLISH) Apple Inc.,228.06,231.16,225.73,226.31,16.15,
09/23/2024,AAPL,217.0,231.0,228.0,BULLISH,AAPL (BULLISH) Apple Inc.,225.45,227.55,223.94,224.59,15.89,
09/24/2024,AAPL,216.0,231.0,226.0,BULLISH,AAPL (BULLISH) Apple Inc.,226.75,227.45,223.86,225.48,15.39,
09/25/2024,AAPL,217.0,233.0,227.0,BULLISH,AAPL (BULLISH) Apple Inc.,223.06,225.4,222.16,224.49,15.41,
09/26/2024,AAPL,217.0,234.0,226.0,BULLISH,AAPL (BULLISH) Apple Inc.,225.41,226.6,223.54,225.63,15.37,
09/27/2024,AAPL,217.0,235.0,227.0,BULLISH,AAPL (BULLISH) Apple Inc.,226.56,227.62,225.41,225.9,16.96,
09/30/2024,AAPL,217.0,233.0,227.0,BULLISH,AAPL (BULLISH) Apple Inc.,228.13,231.07,227.74,231.07,16.73,
10/01/2024,AAPL,223.0,235.0,233.0,BULLISH,AAPL (BULLISH) Apple Inc.,227.62,227.74,221.88,224.33,19.26,
10/02/2024,AAPL,223.0,233.0,226.0,BULLISH,AAPL (BULLISH) Apple Inc.,224.02,225.48,221.17,224.9,18.9,
10/03/2024,AAPL,222.0,232.0,226.0,BULLISH,AAPL (BULLISH) Apple Inc.,223.27,224.93,221.47,223.8,20.49,
10/04/2024,AAPL,222.0,232.0,225.0,BULLISH,AAPL (BULLISH) Apple Inc.,226.01,226.11,222.27,224.92,19.21,
10/07/2024,AAPL,223.0,231.0,226.0,BULLISH,AAPL (BULLISH) Apple Inc.,222.64,223.82,219.49,219.85,22.64,
10/08/2024,AAPL,219.0,232.0,221.0,BULLISH,AAPL (BULLISH) Apple Inc.,222.44,224.11,221.4,223.9,21.42,
10/09/2024,AAPL,220.0,233.0,225.0,BULLISH,AAPL (BULLISH) Apple Inc.,223.36,227.84,222.96,227.64,20.86,
10/10/2024,AAPL,222.0,234.0,229.0,BULLISH,AAPL (BULLISH) Apple Inc.,225.89,227.6,225.29,227.14,20.93,
10/11/2024,AAPL,221.0,233.0,229.0,BULLISH,AAPL (BULLISH) Apple Inc.,227.4,227.51,225.45,225.66,20.46,
10/14/2024,AAPL,222.0,232.0,227.0,BULLISH,AAPL (BULLISH) Apple Inc.,226.8,229.81,226.7,229.38,19.7,
10/15/2024,AAPL,223.0,234.0,231.0,BULLISH,AAPL (BULLISH) Apple Inc.,231.67,235.52,230.44,231.91,20.64,
10/16/2024,AAPL,224.0,236.0,233.0,BULLISH,AAPL (BULLISH) Apple Inc.,229.68,230.19,227.93,229.86,19.58,
10/17/2024,AAPL,222.0,236.0,231.0,BULLISH,AAPL (BULLISH) Apple Inc.,231.49,231.91,228.61,230.22,19.11,
10/18/2024,AAPL,224.0,237.0,232.0,BULLISH,AAPL (BULLISH) Apple Inc.,234.22,234.22,232.07,233.05,18.03,
10/21/2024,AAPL,226.0,238.0,235.0,BULLISH,AAPL (BULLISH) Apple Inc.,232.51,234.89,232.51,234.52,18.37,
10/22/2024,AAPL,227.0,239.0,236.0,BULLISH,AAPL (BULLISH) Apple Inc.,231.95,234.26,230.67,233.9,18.2,
10/23/2024,AAPL,229.0,240.0,235.0,BULLISH,AAPL (BULLISH) Apple Inc.,232.14,233.19,225.87,228.85,19.24,
10/24/2024,AAPL,227.0,239.0,230.0,BULLISH,AAPL (BULLISH) Apple Inc.,228.07,228.91,226.52,228.66,19.08,
10/25/2024,AAPL,228.0,238.0,230.0,BULLISH,AAPL (BULLISH) Apple Inc.,227.83,231.29,227.67,229.49,20.33,
10/28/2024,AAPL,228.0,237.0,231.0,BULLISH,AAPL (BULLISH) Apple Inc.,231.38,232.78,230.62,231.46,19.8,
10/29/2024,,,,,,,231.17,232.39,230.39,231.73,19.34,YES
10/30/2024,AAPL,229.0,238.0,233.0,BULLISH,AAPL (BULLISH) Apple Inc.,230.68,231.53,227.65,228.19,20.35,
10/31/2024,AAPL,227.0,237.0,230.0,BULLISH,AAPL (BULLISH) Apple Inc.,227.44,227.92,223.5,224.04,23.16,
11/01/2024,AAPL,222.0,232.0,225.0,NEUTRAL,AAPL (NEUTRAL) Apple Inc.,219.14,223.48,218.44,221.06,21.88,
11/04/2024,AAPL,221.0,230.0,222.0,NEUTRAL,AAPL (NEUTRAL) Apple Inc.,219.16,220.94,217.89,220.17,21.98,
11/05/2024,AAPL,219.0,228.0,222.0,BEARISH,AAPL (BEARISH) Apple Inc.,219.96,222.09,219.31,221.6,20.49,
11/06/2024,AAPL,219.0,233.0,223.0,NEUTRAL,AAPL (NEUTRAL) Apple Inc.,220.76,224.19,219.36,220.87,16.27,
11/07/2024,AAPL,218.0,230.0,222.0,BEARISH,AAPL (BEARISH) Apple Inc.,222.77,225.99,222.71,225.59,15.2,
11/08/2024,AAPL,221.0,234.0,227.0,BULLISH,AAPL (BULLISH) Apple Inc.,225.53,227.01,224.78,225.32,14.94,
11/11/2024,AAPL,218.0,233.0,226.0,BULLISH,AAPL (BULLISH) Apple Inc.,223.38,224.07,219.9,222.61,14.97,
11/12/2024,AAPL,218.0,230.0,224.0,NEUTRAL,AAPL (NEUTRAL) Apple Inc.,222.93,223.96,221.75,222.61,14.71,
11/13/2024,AAPL,219.0,229.0,224.0,NEUTRAL,AAPL (NEUTRAL) Apple Inc.,222.4,225.02,221.16,223.5,14.02,
11/14/2024,AAPL,220.0,229.0,225.0,BULLISH,AAPL (BULLISH) Apple Inc.,223.4,227.22,223.38,226.58,14.31,
11/15/2024,AAPL,222.0,231.0,228.0,BULLISH,AAPL (BULLISH) Apple Inc.,224.77,225.29,222.65,223.38,16.14,
11/18/2024,AAPL,221.0,230.0,225.0,BULLISH,AAPL (BULLISH) Apple Inc.,223.63,228.08,223.55,226.38,15.58,
11/19/2024,AAPL,221.0,231.0,228.0,BULLISH,AAPL (BULLISH) Apple Inc.,225.34,228.5,225.03,226.64,16.35,
11/20/2024,AAPL,222.0,231.0,228.0,BULLISH,AAPL (BULLISH) Apple Inc.,226.42,228.27,224.26,227.35,17.16,
11/21/2024,AAPL,221.0,232.0,229.0,BULLISH,AAPL (BULLISH) Apple Inc.,227.23,228.5,224.08,226.87,16.87,
11/22/2024,AAPL,222.0,231.0,228.0,BULLISH,AAPL (BULLISH) Apple Inc.,226.42,229.06,226.42,228.21,15.24,
11/25/2024,AAPL,224.0,233.0,229.0,BULLISH,AAPL (BULLISH) Apple Inc.,229.79,231.57,228.08,231.19,14.6,
11/26/2024,AAPL,225.0,234.0,232.0,BULLISH,AAPL (BULLISH) Apple Inc.,231.65,233.87,231.65,233.37,14.1,
11/27/2024,AAPL,227.0,237.0,235.0,BULLISH,AAPL (BULLISH) Apple Inc.,232.78,233.99,232.13,233.24,14.1,
11/29/2024,AAPL,225.0,238.0,234.0,BULLISH,AAPL (BULLISH) Apple Inc.,233.12,236.1,232.28,235.62,13.51,
12/02/2024,AAPL,228.0,240.0,237.0,BULLISH,AAPL (BULLISH) Apple Inc.,235.56,239.06,235.45,237.86,13.34,
12/03/2024,AAPL,231.0,242.0,239.0,BULLISH,AAPL (BULLISH) Apple Inc.,238.08,241.01,237.18,240.9,13.3,
12/04/2024,AAPL,232.0,244.0,242.0,BULLISH,AAPL (BULLISH) Apple Inc.,241.12,242.35,239.51,241.26,13.45,
12/05/2024,AAPL,233.0,246.0,243.0,BULLISH,AAPL (BULLISH) Apple Inc.,242.23,242.78,240.39,241.29,13.54,
12/06/2024,AAPL,234.0,246.0,243.0,BULLISH,AAPL (BULLISH) Apple Inc.,241.16,242.87,240.34,241.09,12.77,
12/09/2024,AAPL,234.0,247.0,242.0,BULLISH,AAPL (BULLISH) Apple Inc.,240.09,245.46,240.01,244.97,14.19,
12/10/2024,AAPL,235.0,250.0,246.0,BULLISH,AAPL (BULLISH) Apple Inc.,245.11,246.42,243.57,245.98,14.18,
12/11/2024,AAPL,236.0,251.0,247.0,BULLISH,AAPL (BULLISH) Apple Inc.,246.17,248.99,244.49,244.71,13.58,
12/12/2024,AAPL,237.0,251.0,246.0,BULLISH,AAPL (BULLISH) Apple Inc.,245.11,246.95,243.91,246.17,13.92,
12/13/2024,AAPL,240.0,251.0,247.0,BULLISH,AAPL (BULLISH) Apple Inc.,246.03,247.49,244.47,246.34,13.81,
12/16/2024,AAPL,242.0,250.0,248.0,BULLISH,AAPL (BULLISH) Apple Inc.,246.2,249.57,245.87,249.23,14.69,
12/17/2024,AAPL,242.0,253.0,251.0,BULLISH,AAPL (BULLISH) Apple Inc.,248.28,252.0,247.98,251.65,15.87,
12/18/2024,AAPL,242.0,255.0,253.0,BULLISH,AAPL (BULLISH) Apple Inc.,250.34,252.45,245.96,246.26,27.62,
12/19/2024,AAPL,243.0,254.0,248.0,BULLISH,AAPL (BULLISH) Apple Inc.,245.72,250.18,245.31,247.99,24.09,
12/20/2024,AAPL,243.0,255.0,249.0,BULLISH,AAPL (BULLISH) Apple Inc.,246.25,253.16,243.92,252.66,18.36,
12/23/2024,AAPL,244.0,257.0,254.0,BULLISH,AAPL (BULLISH) Apple Inc.,252.93,253.81,251.62,253.43,16.78,
12/24/2024,AAPL,245.0,258.0,255.0,BULLISH,AAPL (BULLISH) Apple Inc.,253.65,256.35,253.45,256.34,14.27,
12/26/2024,AAPL,248.0,260.0,258.0,BULLISH,AAPL (BULLISH) Apple Inc.,256.33,258.23,255.77,257.15,14.73,
12/27/2024,AAPL,244.0,261.0,259.0,BULLISH,AAPL (BULLISH) Apple Inc.,255.97,256.84,251.24,253.75,15.95,
12/30/2024,AAPL,246.0,261.0,255.0,BULLISH,AAPL (BULLISH) Apple Inc.,250.41,251.67,248.94,250.38,17.4,
12/31/2024,AAPL,246.0,260.0,252.0,BULLISH,AAPL (BULLISH) Apple Inc.,250.62,251.46,247.63,248.62,17.35,
01/02/2025,AAPL,246.0,261.0,250.0,BULLISH,AAPL (BULLISH) Apple Inc.,247.14,247.31,240.08,242.09,17.93,
01/03/2025,AAPL,242.0,259.0,243.0,BULLISH,AAPL (BULLISH) Apple Inc.,241.61,242.42,240.15,241.61,16.13,
01/06/2025,AAPL,240.0,258.0,243.0,BULLISH,AAPL (BULLISH) Apple Inc.,242.55,245.55,241.45,243.23,16.04,
01/07/2025,AAPL,240.0,265.0,245.0,BULLISH,AAPL (BULLISH) Apple Inc.,241.23,243.78,239.61,240.46,17.82,
01/08/2025,AAPL,238.0,264.0,242.0,BULLISH,AAPL (BULLISH) Apple Inc.,240.18,241.95,238.32,240.95,17.7,
01/10/2025,AAPL,237.0,259.0,242.0,BULLISH,AAPL (BULLISH) Apple Inc.,238.28,238.43,231.32,235.14,19.54,
01/13/2025,AAPL,231.0,246.0,236.0,BEARISH,AAPL (BEARISH) Apple Inc.,231.85,232.98,228.06,232.71,19.19,
01/14/2025,AAPL,230.0,245.0,234.0,BEARISH,AAPL (BEARISH) Apple Inc.,233.06,234.42,230.8,231.6,18.71,
01/15/2025,AAPL,228.0,243.0,233.0,BEARISH,AAPL (BEARISH) Apple Inc.,232.95,237.24,232.74,236.16,16.12,
01/16/2025,AAPL,229.0,247.0,237.0,BEARISH,AAPL (BEARISH) Apple Inc.,235.64,236.3,226.39,226.62,16.6,
01/17/2025,AAPL,225.0,243.0,228.0,BEARISH,AAPL (BEARISH) Apple Inc.,230.45,230.62,226.83,228.32,15.97,
01/21/2025,AAPL,224.0,241.0,229.0,BEARISH,AAPL (BEARISH) Apple Inc.,222.39,222.8,217.8,221.04,15.06,
01/22/2025,AAPL,219.0,239.0,222.0,BEARISH,AAPL (BEARISH) Apple Inc.,218.21,222.51,218.21,222.22,15.1,
01/23/2025,AAPL,218.0,238.0,223.0,BEARISH,AAPL (BEARISH) Apple Inc.,223.12,225.39,220.7,222.05,15.02,
01/24/2025,AAPL,218.0,237.0,223.0,BEARISH,AAPL (BEARISH) Apple Inc.,223.16,224.0,219.81,221.17,14.85,
01/27/2025,AAPL,216.0,236.0,222.0,BEARISH,AAPL (BEARISH) Apple Inc.,222.41,230.48,222.37,228.2,17.9,
01/28/2025,AAPL,217.0,236.0,229.0,BEARISH,AAPL (BEARISH) Apple Inc.,229.19,238.46,229.15,236.54,16.41,
01/29/2025,AAPL,216.0,241.0,238.0,NEUTRAL,AAPL (NEUTRAL) Apple Inc.,232.43,238.13,232.32,237.64,16.56,
01/30/2025,AAPL,221.0,242.0,239.0,NEUTRAL,AAPL (NEUTRAL) Apple Inc.,236.95,239.06,235.5,235.88,15.84,
01/31/2025,AAPL,229.0,248.0,237.0,BULLISH,AAPL (BULLISH) Apple Inc.,245.41,245.41,231.76,234.3,16.43,
02/03/2025,AAPL,216.0,241.0,236.0,BEARISH,AAPL (BEARISH) Apple Inc.,228.33,230.16,224.07,226.37,18.62,
02/04/2025,AAPL,217.0,239.0,228.0,BEARISH,AAPL (BEARISH) Apple Inc.,225.61,231.45,225.02,231.12,17.21,
02/05/2025,AAPL,219.0,238.0,232.0,BEARISH,AAPL (BEARISH) Apple Inc.,226.88,230.99,226.63,230.8,15.77,
02/06/2025,AAPL,220.0,240.0,232.0,BEARISH,AAPL (BEARISH) Apple Inc.,229.62,232.12,228.77,231.54,15.5,
02/07/2025,AAPL,223.0,240.0,233.0,BEARISH,AAPL (BEARISH) Apple Inc.,230.92,232.31,225.62,225.99,16.54,
02/10/2025,AAPL,222.0,239.0,227.0,BEARISH,AAPL (BEARISH) Apple Inc.,228.17,229.18,225.81,226.26,15.81,
02/11/2025,AAPL,222.0,239.0,227.0,BEARISH,AAPL (BEARISH) Apple Inc.,226.8,233.79,226.74,231.2,16.02,
02/12/2025,AAPL,223.0,238.0,232.0,BEARISH,AAPL (BEARISH) Apple Inc.,229.79,235.51,229.27,235.42,15.89,
02/13/2025,AAPL,224.0,240.0,236.0,BEARISH,AAPL (BEARISH) Apple Inc.,235.46,240.86,234.13,240.05,15.1,
02/14/2025,AAPL,227.0,244.0,241.0,BULLISH,AAPL (BULLISH) Apple Inc.,239.78,244.05,239.52,243.1,14.77,
02/18/2025,AAPL,228.0,247.0,244.0,BULLISH,AAPL (BULLISH) Apple Inc.,242.66,243.68,240.36,242.98,15.35,
02/19/2025,AAPL,228.0,248.0,244.0,BULLISH,AAPL (BULLISH) Apple Inc.,243.16,244.51,241.67,243.37,15.27,
02/20/2025,AAPL,227.0,250.0,244.0,BULLISH,AAPL (BULLISH) Apple Inc.,243.44,245.27,242.8,244.33,15.66,
02/21/2025,AAPL,228.0,254.0,245.0,BULLISH,AAPL (BULLISH) Apple Inc.,244.45,247.17,243.72,244.05,18.21,
02/24/2025,AAPL,228.0,252.0,245.0,BULLISH,AAPL (BULLISH) Apple Inc.,243.43,247.34,242.93,245.59,18.98,
02/25/2025,AAPL,229.0,251.0,247.0,BULLISH,AAPL (BULLISH) Apple Inc.,246.48,248.47,243.41,245.53,19.43,
02/26/2025,AAPL,234.0,252.0,247.0,BULLISH,AAPL (BULLISH) Apple Inc.,242.84,243.48,237.67,238.89,19.1,
02/27/2025,AAPL,234.0,250.0,240.0,BULLISH,AAPL (BULLISH) Apple Inc.,237.95,240.98,235.61,235.85,21.13,
02/28/2025,AAPL,229.0,247.0,237.0,NEUTRAL,AAPL (NEUTRAL) Apple Inc.,235.5,240.61,228.79,240.36,19.63,
03/03/2025,AAPL,235.0,252.0,241.0,BULLISH,AAPL (BULLISH) Apple Inc.,240.31,242.54,234.67,236.57,22.78,
03/04/2025,AAPL,233.0,247.0,238.0,NEUTRAL,AAPL (NEUTRAL) Apple Inc.,236.26,238.6,233.25,234.49,23.51,
03/05/2025,AAPL,231.0,247.0,235.0,NEUTRAL,AAPL (NEUTRAL) Apple Inc.,233.98,235.1,227.83,234.3,21.93,
03/06/2025,AAPL,229.0,245.0,235.0,BEARISH,AAPL (BEARISH) Apple Inc.,233.01,236.41,231.73,233.89,24.87,
03/07/2025,AAPL,229.0,246.0,235.0,BEARISH,AAPL (BEARISH) Apple Inc.,233.67,239.89,233.32,237.61,23.37,
03/10/2025,AAPL,229.0,245.0,239.0,BEARISH,AAPL (BEARISH) Apple Inc.,234.1,234.72,222.85,226.09,27.86,
03/11/2025,AAPL,222.0,239.0,227.0,BEARISH,AAPL (BEARISH) Apple Inc.,222.44,224.46,216.12,219.49,26.92,
03/12/2025,AAPL,217.0,236.0,220.0,BEARISH,AAPL (BEARISH) Apple Inc.,218.79,220.39,213.6,215.65,24.23,
03/13/2025,AAPL,213.0,233.0,216.0,BEARISH,AAPL (BEARISH) Apple Inc.,214.63,215.51,207.15,208.4,24.66,
03/14/2025,AAPL,205.0,230.0,209.0,BEARISH,AAPL (BEARISH) Apple Inc.,209.96,212.64,208.3,212.18,21.77,
03/17/2025,AAPL,204.0,230.0,213.0,BEARISH,AAPL (BEARISH) Apple Inc.,212.01,213.9,208.69,212.69,20.51,
03/18/2025,AAPL,201.0,225.0,214.0,BEARISH,AAPL (BEARISH) Apple Inc.,212.85,213.83,210.2,211.39,21.7,
03/19/2025,AAPL,199.0,225.0,212.0,BEARISH,AAPL (BEARISH) Apple Inc.,212.91,217.42,212.44,213.92,19.9,
03/20/2025,AAPL,200.0,226.0,215.0,BEARISH,AAPL (BEARISH) Apple Inc.,212.68,216.16,210.92,212.79,19.8,
03/21/2025,AAPL,203.0,224.0,214.0,BEARISH,AAPL (BEARISH) Apple Inc.,210.27,217.5,209.99,216.94,19.28,
03/24/2025,AAPL,206.0,224.0,218.0,BEARISH,AAPL (BEARISH) Apple Inc.,219.65,220.13,217.24,219.38,17.48,
03/25/2025,AAPL,207.0,225.0,220.0,BEARISH,AAPL (BEARISH) Apple Inc.,219.42,222.73,218.73,222.38,17.15,
03/26/2025,AAPL,207.0,227.0,223.0,BEARISH,AAPL (BEARISH) Apple Inc.,222.14,223.64,219.12,220.18,18.33,
03/27/2025,AAPL,208.0,226.0,221.0,BEARISH,AAPL (BEARISH) Apple Inc.,220.04,223.61,219.21,222.48,18.69,
03/28/2025,AAPL,209.0,227.0,223.0,BEARISH,AAPL (BEARISH) Apple Inc.,220.31,222.44,216.35,216.57,21.65,
03/31/2025,AAPL,207.0,225.0,217.0,BEARISH,AAPL (BEARISH) Apple Inc.,215.68,224.24,214.91,220.77,22.28,
04/01/2025,AAPL,210.0,227.0,222.0,BEARISH,AAPL (BEARISH) Apple Inc.,218.47,222.31,217.56,221.83,21.77,
04/02/2025,AAPL,212.0,227.0,223.0,BEARISH,AAPL (BEARISH) Apple Inc.,219.97,223.81,219.67,222.52,21.51,
04/03/2025,AAPL,212.0,226.0,223.0,BEARISH,AAPL (BEARISH) Apple Inc.,204.28,206.22,200.02,201.95,30.02,
04/04/2025,AAPL,199.0,222.0,203.0,BEARISH,AAPL (BEARISH) Apple Inc.,192.7,198.66,186.19,187.23,45.31,
04/07/2025,AAPL,184.0,217.0,188.0,BEARISH,AAPL (BEARISH) Apple Inc.,176.12,192.96,173.55,180.35,46.98,
04/08/2025,AAPL,179.0,210.0,181.0,BEARISH,AAPL (BEARISH) Apple Inc.,185.56,189.18,168.18,171.37,52.33,
04/09/2025,AAPL,184.0,217.0,172.0,BEARISH,AAPL (BEARISH) Apple Inc.,170.9,199.38,170.84,197.63,33.62,
04/10/2025,AAPL,167.0,213.0,198.0,BEARISH,AAPL (BEARISH) Apple Inc.,187.91,193.59,181.88,189.26,40.72,
04/11/2025,AAPL,163.0,210.0,190.0,BEARISH,AAPL (BEARISH) Apple Inc.,184.96,198.32,184.92,196.94,37.56,
04/14/2025,AAPL,166.0,213.0,198.0,BEARISH,AAPL (BEARISH) Apple Inc.,210.15,211.64,199.93,201.28,30.89,
04/15/2025,AAPL,169.0,211.0,202.0,BEARISH,AAPL (BEARISH) Apple Inc.,200.63,202.27,198.58,200.9,30.12,
04/16/2025,AAPL,171.0,210.0,202.0,BEARISH,AAPL (BEARISH) Apple Inc.,197.15,199.47,191.19,193.08,32.64,
04/17/2025,AAPL,172.0,208.0,194.0,BEARISH,AAPL (BEARISH) Apple Inc.,195.99,197.61,193.23,195.78,29.65,
04/21/2025,AAPL,171.0,207.0,196.0,BEARISH,AAPL (BEARISH) Apple Inc.,192.09,192.62,188.65,191.98,33.82,
04/22/2025,AAPL,172.0,207.0,193.0,BEARISH,AAPL (BEARISH) Apple Inc.,194.92,200.36,194.77,198.52,30.57,
04/23/2025,AAPL,181.0,208.0,199.0,BEARISH,AAPL (BEARISH) Apple Inc.,204.74,206.73,201.56,203.35,28.45,
04/24/2025,AAPL,185.0,207.0,204.0,BEARISH,AAPL (BEARISH) Apple Inc.,203.64,207.55,201.7,207.1,26.47,
04/25/2025,AAPL,188.0,211.0,208.0,BEARISH,AAPL (BEARISH) Apple Inc.,205.11,208.47,204.94,208.0,24.84,
04/28/2025,AAPL,189.0,212.0,209.0,BEARISH,AAPL (BEARISH) Apple Inc.,208.72,210.21,206.19,208.86,25.15,
04/29/2025,AAPL,188.0,214.0,210.0,BEARISH,AAPL (BEARISH) Apple Inc.,207.41,210.94,207.1,209.92,24.17,
04/30/2025,AAPL,187.0,215.0,211.0,BEARISH,AAPL (BEARISH) Apple Inc.,208.02,212.27,205.41,211.2,24.7,
05/01/2025,AAPL,190.0,221.0,212.0,BEARISH,AAPL (BEARISH) Apple Inc.,207.8,213.25,207.62,212.02,24.6,
05/02/2025,AAPL,192.0,220.0,213.0,BEARISH,AAPL (BEARISH) Apple Inc.,204.83,205.72,200.92,204.09,22.68,
05/05/2025,AAPL,192.0,215.0,205.0,BEARISH,AAPL (BEARISH) Apple Inc.,201.86,202.85,197.0,197.67,23.64,
05/06/2025,AAPL,193.0,213.0,198.0,BEARISH,AAPL (BEARISH) Apple Inc.,197.0,199.42,195.82,197.3,24.76,
05/07/2025,AAPL,195.0,212.0,198.0,BEARISH,AAPL (BEARISH) Apple Inc.,197.95,198.22,192.07,195.05,23.55,
05/08/2025,AAPL,192.0,212.0,196.0,BEARISH,AAPL (BEARISH) Apple Inc.,196.51,198.83,193.49,196.28,22.48,
05/09/2025,AAPL,190.0,212.0,192.0,BEARISH,AAPL (BEARISH) Apple Inc.,197.78,199.31,196.33,197.32,21.9,
05/12/2025,AAPL,188.0,215.0,198.0,BEARISH,AAPL (BEARISH) Apple Inc.,209.96,210.25,205.76,209.78,18.39,
05/13/2025,AAPL,189.0,216.0,210.0,BEARISH,AAPL (BEARISH) Apple Inc.,209.42,212.37,207.99,211.91,18.22,
05/14/2025,AAPL,189.0,217.0,212.0,BEARISH,AAPL (BEARISH) Apple Inc.,211.41,212.91,209.57,211.31,18.62,
05/15/2025,AAPL,189.0,216.0,212.0,BEARISH,AAPL (BEARISH) Apple Inc.,209.94,211.94,208.53,210.43,17.83,
05/16/2025,AAPL,188.0,217.0,211.0,BEARISH,AAPL (BEARISH) Apple Inc.,211.34,211.55,208.76,210.24,17.24,
05/19/2025,AAPL,189.0,216.0,211.0,BEARISH,AAPL (BEARISH) Apple Inc.,206.91,208.47,203.28,207.78,18.14,
05/20/2025,AAPL,191.0,215.0,208.0,BEARISH,AAPL (BEARISH) Apple Inc.,206.67,207.47,204.04,205.87,18.09,
05/21/2025,AAPL,193.0,214.0,206.0,BEARISH,AAPL (BEARISH) Apple Inc.,204.18,206.04,199.74,201.12,20.87,
05/22/2025,AAPL,195.0,213.0,202.0,BEARISH,AAPL (BEARISH) Apple Inc.,199.74,201.77,198.74,200.39,20.28,
05/23/2025,AAPL,196.0,213.0,201.0,BEARISH,AAPL (BEARISH) Apple Inc.,192.74,196.75,192.53,194.33,22.29,
05/27/2025,AAPL,191.0,208.0,195.0,BEARISH,AAPL (BEARISH) Apple Inc.,197.35,199.77,196.48,199.25,18.96,
05/28/2025,AAPL,193.0,211.0,200.0,BEARISH,AAPL (BEARISH) Apple Inc.,199.63,201.75,198.94,199.46,19.31,
05/29/2025,AAPL,193.0,211.0,200.0,BEARISH,AAPL (BEARISH) Apple Inc.,202.6,202.83,197.56,198.99,19.18,
05/30/2025,AAPL,192.0,211.0,199.0,BEARISH,AAPL (BEARISH) Apple Inc.,198.41,200.99,195.83,199.88,18.57,
06/02/2025,AAPL,192.0,209.0,200.0,BEARISH,AAPL (BEARISH) Apple Inc.,199.32,201.16,199.16,200.73,18.36,
06/03/2025,AAPL,193.0,207.0,201.0,BEARISH,AAPL (BEARISH) Apple Inc.,200.38,202.79,199.99,202.29,17.69,
06/04/2025,AAPL,194.0,206.0,203.0,BEARISH,AAPL (BEARISH) Apple Inc.,201.93,205.25,201.13,201.84,17.61,
06/05/2025,AAPL,194.0,206.0,202.0,BEARISH,AAPL (BEARISH) Apple Inc.,202.52,203.77,199.19,199.67,18.48,
06/06/2025,AAPL,195.0,205.0,200.0,BEARISH,AAPL (BEARISH) Apple Inc.,202.02,204.71,201.08,202.94,16.77,
06/09/2025,AAPL,196.0,205.0,203.0,BEARISH,AAPL (BEARISH) Apple Inc.,203.41,205.01,199.06,200.48,17.16,
06/10/2025,AAPL,197.0,204.0,201.0,BEARISH,AAPL (BEARISH) Apple Inc.,199.64,203.37,199.61,201.7,16.95,
06/11/2025,AAPL,198.0,205.0,202.0,BEARISH,AAPL (BEARISH) Apple Inc.,202.52,203.52,197.46,197.82,17.26,
06/12/2025,AAPL,196.0,203.0,198.0,BEARISH,AAPL (BEARISH) Apple Inc.,198.12,198.72,196.41,198.24,18.02,
06/13/2025,AAPL,196.0,203.0,199.0,BEARISH,AAPL (BEARISH) Apple Inc.,198.77,199.41,194.76,195.51,20.82,
06/16/2025,AAPL,194.0,202.0,196.0,BEARISH,AAPL (BEARISH) Apple Inc.,196.35,197.73,195.61,197.47,19.11,
06/17/2025,AAPL,194.0,203.0,198.0,BEARISH,AAPL (BEARISH) Apple Inc.,196.25,197.44,194.27,194.7,21.6,
06/18/2025,AAPL,192.0,202.0,195.0,BEARISH,AAPL (BEARISH) Apple Inc.,195.0,196.62,194.13,195.63,20.14,
06/20/2025,AAPL,192.0,203.0,196.0,BEARISH,AAPL (BEARISH) Apple Inc.,197.29,200.73,195.91,200.03,20.62,
06/23/2025,AAPL,193.0,203.0,201.0,BEARISH,AAPL (BEARISH) Apple Inc.,200.66,201.33,198.0,200.53,19.83,
06/24/2025,AAPL,193.0,204.0,201.0,BEARISH,AAPL (BEARISH) Apple Inc.,201.62,202.46,199.24,199.34,17.48,
06/25/2025,AAPL,193.0,203.0,200.0,BEARISH,AAPL (BEARISH) Apple Inc.,200.48,202.69,199.66,200.59,16.76,
06/26/2025,AAPL,193.0,204.0,201.0,BEARISH,AAPL (BEARISH) Apple Inc.,200.46,201.67,198.5,200.03,16.59,
06/27/2025,AAPL,194.0,205.0,201.0,BEARISH,AAPL (BEARISH) Apple Inc.,200.92,202.24,199.04,200.11,16.32,
06/30/2025,AAPL,194.0,204.0,201.0,BEARISH,AAPL (BEARISH) Apple Inc.,201.04,206.39,198.3,204.18,16.73,
07/01/2025,AAPL,195.0,208.0,205.0,BEARISH,AAPL (BEARISH) Apple Inc.,205.68,209.18,205.15,206.82,16.83,
07/02/2025,AAPL,196.0,210.0,207.0,BEARISH,AAPL (BEARISH) Apple Inc.,207.91,212.31,207.14,211.42,16.64,
07/03/2025,AAPL,200.0,215.0,212.0,BULLISH,AAPL (BULLISH) Apple Inc.,211.13,213.62,210.79,212.52,16.38,
07/07/2025,AAPL,202.0,215.0,213.0,BULLISH,AAPL (BULLISH) Apple Inc.,211.66,215.19,207.8,208.94,17.79,
07/08/2025,AAPL,198.0,213.0,209.0,NEUTRAL,AAPL (NEUTRAL) Apple Inc.,209.09,210.41,207.45,209.0,16.81,
07/09/2025,AAPL,201.0,213.0,210.0,NEUTRAL,AAPL (NEUTRAL) Apple Inc.,208.52,210.31,206.22,210.12,15.94,
07/10/2025,AAPL,203.0,213.0,211.0,NEUTRAL,AAPL (NEUTRAL) Apple Inc.,209.5,212.45,209.02,211.39,15.78,
07/11/2025,AAPL,204.0,213.0,212.0,NEUTRAL,AAPL (NEUTRAL) Apple Inc.,209.56,211.11,208.85,210.14,16.4,
07/14/2025,AAPL,205.0,214.0,211.0,NEUTRAL,AAPL (NEUTRAL) Apple Inc.,208.92,209.9,206.54,207.62,17.2,
07/15/2025,AAPL,204.0,212.0,208.0,BEARISH,AAPL (BEARISH) Apple Inc.,208.21,210.87,207.92,208.1,17.38,
07/16/2025,AAPL,205.0,213.0,209.0,BEARISH,AAPL (BEARISH) Apple Inc.,209.29,211.38,207.64,209.15,17.16,
07/17/2025,AAPL,206.0,213.0,210.0,NEUTRAL,AAPL (NEUTRAL) Apple Inc.,209.56,210.78,208.58,209.01,16.52,
07/18/2025,AAPL,207.0,212.0,210.0,NEUTRAL,AAPL (NEUTRAL) Apple Inc.,209.86,210.77,208.69,210.16,16.41,
07/21/2025,AAPL,208.0,214.0,211.0,NEUTRAL,AAPL (NEUTRAL) Apple Inc.,211.08,214.74,210.61,211.46,16.65,
07/22/2025,AAPL,208.0,214.0,212.0,BULLISH,AAPL (BULLISH) Apple Inc.,212.11,213.92,211.21,213.37,16.5,
07/23/2025,AAPL,208.0,216.0,214.0,BULLISH,AAPL (BULLISH) Apple Inc.,213.97,214.12,211.39,213.12,15.37,
07/24/2025,AAPL,209.0,216.0,214.0,BULLISH,AAPL (BULLISH) Apple Inc.,212.87,214.65,212.5,212.73,15.39,
07/25/2025,AAPL,209.0,216.0,214.0,BULLISH,AAPL (BULLISH) Apple Inc.,213.67,214.2,212.37,212.85,14.93,
07/28/2025,AAPL,210.0,217.0,214.0,BULLISH,AAPL (BULLISH) Apple Inc.,213.0,213.82,212.04,213.02,15.03,
07/29/2025,AAPL,208.0,219.0,214.0,BULLISH,AAPL (BULLISH) Apple Inc.,213.15,213.78,209.81,210.25,15.98,
07/30/2025,AAPL,208.0,217.0,211.0,NEUTRAL,AAPL (NEUTRAL) Apple Inc.,210.88,211.37,206.72,208.04,15.48,
07/31/2025,AAPL,207.0,214.0,209.0,NEUTRAL,AAPL (NEUTRAL) Apple Inc.,207.49,208.83,206.16,206.57,16.72,
08/01/2025,AAPL,206.0,214.0,208.0,NEUTRAL,AAPL (NEUTRAL) Apple Inc.,209.86,212.55,200.53,201.41,20.38,
08/04/2025,AAPL,200.0,211.0,202.0,BEARISH,AAPL (BEARISH) Apple Inc.,203.53,206.88,200.71,202.37,17.52,
08/05/2025,AAPL,199.0,209.0,203.0,BEARISH,AAPL (BEARISH) Apple Inc.,202.42,204.35,201.19,201.94,17.85,
08/06/2025,AAPL,197.0,208.0,203.0,BEARISH,AAPL (BEARISH) Apple Inc.,204.64,214.34,204.6,212.22,16.77,
08/07/2025,AAPL,202.0,220.0,213.0,BULLISH,AAPL (BULLISH) Apple Inc.,217.83,219.79,215.54,218.97,16.57,
08/08/2025,AAPL,208.0,223.0,220.0,BULLISH,AAPL (BULLISH) Apple Inc.,219.77,229.89,218.2,228.25,15.15,
08/11/2025,AAPL,210.0,232.0,229.0,BULLISH,AAPL (BULLISH) Apple Inc.,227.08,228.72,223.93,226.34,16.25,
08/12/2025,AAPL,212.0,233.0,227.0,BULLISH,AAPL (BULLISH) Apple Inc.,227.17,229.95,226.23,228.8,14.73,
08/13/2025,AAPL,215.0,235.0,230.0,BULLISH,AAPL (BULLISH) Apple Inc.,230.22,234.14,229.58,232.47,14.49,
08/14/2025,AAPL,216.0,240.0,233.0,BULLISH,AAPL (BULLISH) Apple Inc.,233.2,234.25,230.0,231.92,14.83,
08/15/2025,AAPL,216.0,240.0,233.0,BULLISH,AAPL (BULLISH) Apple Inc.,233.14,233.42,228.5,230.74,15.09,
08/18/2025,,,,,,,230.85,232.26,229.26,230.04,14.99,YES
08/19/2025,AAPL,218.0,242.0,231.0,BULLISH,AAPL (BULLISH) Apple Inc.,230.43,232.01,228.51,229.71,15.57,
08/20/2025,AAPL,223.0,240.0,231.0,BULLISH,AAPL (BULLISH) Apple Inc.,229.13,229.62,224.94,225.18,15.69,
08/21/2025,AAPL,223.0,236.0,226.0,BULLISH,AAPL (BULLISH) Apple Inc.,225.44,225.69,222.96,224.07,16.6,
08/22/2025,AAPL,222.0,236.0,225.0,BULLISH,AAPL (BULLISH) Apple Inc.,225.34,228.25,224.58,226.92,14.22,
08/25/2025,,,,,,,225.65,228.46,225.4,226.32,14.79,YES
08/26/2025,AAPL,224.0,234.0,227.0,BULLISH,AAPL (BULLISH) Apple Inc.,226.04,228.65,223.86,228.47,14.62,
08/27/2025,AAPL,223.0,235.0,229.0,BULLISH,AAPL (BULLISH) Apple Inc.,227.77,230.05,227.42,229.64,14.85,
08/28/2025,AAPL,225.0,234.0,230.0,BULLISH,AAPL (BULLISH) Apple Inc.,229.97,232.55,228.5,231.7,14.43,
08/29/2025,AAPL,225.0,234.0,233.0,BULLISH,AAPL (BULLISH) Apple Inc.,231.65,232.52,230.52,231.29,15.36,
09/02/2025,AAPL,224.0,234.0,232.0,BULLISH,AAPL (BULLISH) Apple Inc.,228.41,230.0,226.13,228.87,17.17,
09/03/2025,AAPL,222.0,234.0,230.0,BULLISH,AAPL (BULLISH) Apple Inc.,236.34,237.97,233.5,237.59,16.35,
09/04/2025,AAPL,225.0,241.0,238.0,BULLISH,AAPL (BULLISH) Apple Inc.,237.57,239.02,235.87,238.9,15.3,
09/05/2025,AAPL,229.0,242.0,240.0,BULLISH,AAPL (BULLISH) Apple Inc.,239.12,240.43,237.61,238.81,15.18,
09/08/2025,AAPL,229.0,243.0,240.0,BULLISH,AAPL (BULLISH) Apple Inc.,238.42,239.27,235.47,237.0,15.11,
09/09/2025,AAPL,228.0,243.0,238.0,BULLISH,AAPL (BULLISH) Apple Inc.,236.13,237.9,232.5,233.49,15.04,
09/10/2025,AAPL,227.0,243.0,234.0,BULLISH,AAPL (BULLISH) Apple Inc.,231.34,231.56,225.12,225.96,15.35,
09/11/2025,AAPL,224.0,241.0,227.0,BULLISH,AAPL (BULLISH) Apple Inc.,226.05,229.6,225.82,229.18,14.71,
09/12/2025,AAPL,224.0,242.0,230.0,BULLISH,AAPL (BULLISH) Apple Inc.,228.38,233.65,228.18,233.21,14.76,
09/15/2025,AAPL,226.0,245.0,234.0,BULLISH,AAPL (BULLISH) Apple Inc.,236.13,237.31,234.17,235.83,15.69,
09/16/2025,AAPL,228.0,245.0,237.0,BULLISH,AAPL (BULLISH) Apple Inc.,236.31,240.33,235.45,237.27,16.36,
09/17/2025,AAPL,229.0,244.0,238.0,BULLISH,AAPL (BULLISH) Apple Inc.,238.09,239.22,236.86,238.11,15.72,
09/18/2025,AAPL,230.0,243.0,239.0,BULLISH,AAPL (BULLISH) Apple Inc.,239.09,240.31,235.78,237.0,15.7,
09/19/2025,AAPL,231.0,243.0,238.0,BULLISH,AAPL (BULLISH) Apple Inc.,240.34,245.39,239.33,244.6,15.45,
09/22/2025,AAPL,233.0,248.0,246.0,BULLISH,AAPL (BULLISH) Apple Inc.,247.39,255.7,247.21,255.14,16.1,
09/23/2025,AAPL,237.0,259.0,256.0,BULLISH,AAPL (BULLISH) Apple Inc.,254.94,256.39,252.65,253.49,16.64,
09/24/2025,AAPL,236.0,260.0,254.0,BULLISH,AAPL (BULLISH) Apple Inc.,254.28,254.8,250.12,251.38,16.18,
09/25/2025,AAPL,240.0,261.0,252.0,BULLISH,AAPL (BULLISH) Apple Inc.,252.28,256.22,250.78,255.92,16.74,
09/26/2025,AAPL,241.0,265.0,257.0,BULLISH,AAPL (BULLISH) Apple Inc.,253.16,256.65,252.85,254.52,15.29,
09/29/2025,AAPL,240.0,263.0,255.0,BULLISH,AAPL (BULLISH) Apple Inc.,253.62,254.06,252.08,253.49,16.12,
09/30/2025,AAPL,242.0,265.0,254.0,BULLISH,AAPL (BULLISH) Apple Inc.,253.92,254.98,252.18,253.69,16.28,
10/01/2025,AAPL,242.0,264.0,255.0,BULLISH,AAPL (BULLISH) Apple Inc.,254.1,257.84,253.99,254.51,16.29,
10/02/2025,AAPL,245.0,262.0,255.0,BULLISH,AAPL (BULLISH) Apple Inc.,255.64,257.23,253.21,256.18,16.63,
10/03/2025,AAPL,250.0,260.0,257.0,BULLISH,AAPL (BULLISH) Apple Inc.,253.73,258.29,253.02,257.07,16.65,
10/06/2025,AAPL,251.0,260.0,258.0,BULLISH,AAPL (BULLISH) Apple Inc.,257.04,258.12,254.11,255.75,16.37,
10/07/2025,AAPL,252.0,260.0,257.0,BULLISH,AAPL (BULLISH) Apple Inc.,255.86,256.45,254.49,255.54,17.24,
10/08/2025,AAPL,252.0,259.0,256.0,BULLISH,AAPL (BULLISH) Apple Inc.,255.58,257.57,255.17,257.11,16.3,
10/09/2025,AAPL,253.0,260.0,258.0,BULLISH,AAPL (BULLISH) Apple Inc.,256.86,257.05,252.21,253.11,16.43,
10/10/2025,AAPL,252.0,260.0,254.0,BULLISH,AAPL (BULLISH) Apple Inc.,254.0,255.44,243.1,244.37,21.66,
10/13/2025,AAPL,243.0,260.0,245.0,BULLISH,AAPL (BULLISH) Apple Inc.,248.46,248.77,244.66,246.75,19.03,
10/14/2025,AAPL,243.0,260.0,248.0,BULLISH,AAPL (BULLISH) Apple Inc.,245.69,247.93,243.8,246.86,20.81,
10/15/2025,AAPL,243.0,259.0,248.0,BULLISH,AAPL (BULLISH) Apple Inc.,248.57,250.89,246.56,248.42,20.64,
10/16/2025,AAPL,245.0,263.0,249.0,BULLISH,AAPL (BULLISH) Apple Inc.,247.34,248.12,244.23,246.54,25.31,
10/17/2025,AAPL,242.0,260.0,247.0,BULLISH,AAPL (BULLISH) Apple Inc.,247.11,252.45,246.36,251.36,20.78,
10/20/2025,AAPL,244.0,260.0,252.0,BULLISH,AAPL (BULLISH) Apple Inc.,254.95,263.41,254.69,261.27,18.23,
10/21/2025,AAPL,249.0,265.0,262.0,BULLISH,AAPL (BULLISH) Apple Inc.,260.92,264.31,260.87,261.8,17.87,
10/22/2025,AAPL,250.0,267.0,263.0,BULLISH,AAPL (BULLISH) Apple Inc.,261.68,261.88,254.49,257.5,18.6,
10/23/2025,AAPL,251.0,267.0,258.0,BULLISH,AAPL (BULLISH) Apple Inc.,258.98,259.66,257.06,258.62,17.3,
10/24/2025,AAPL,252.0,268.0,260.0,BULLISH,AAPL (BULLISH) Apple Inc.,260.23,263.16,258.23,261.85,16.37,
10/27/2025,AAPL,252.0,270.0,263.0,BULLISH,AAPL (BULLISH) Apple Inc.,263.91,268.13,263.68,267.82,15.79,
10/28/2025,AAPL,254.0,273.0,269.0,BULLISH,AAPL (BULLISH) Apple Inc.,268.0,268.9,267.16,268.01,16.42,
10/29/2025,AAPL,255.0,276.0,269.0,BULLISH,AAPL (BULLISH) Apple Inc.,268.29,270.41,266.13,268.71,16.92,
10/30/2025,AAPL,254.0,275.0,270.0,BULLISH,AAPL (BULLISH) Apple Inc.,270.99,273.13,267.49,270.4,16.91,
10/31/2025,AAPL,261.0,279.0,271.0,BULLISH,AAPL (BULLISH) Apple Inc.,275.97,276.3,268.17,269.37,17.44,
11/03/2025,AAPL,263.0,278.0,270.0,BULLISH,AAPL (BULLISH) Apple Inc.,269.42,269.85,265.27,268.06,17.17,
11/04/2025,AAPL,260.0,275.0,269.0,BULLISH,AAPL (BULLISH) Apple Inc.,267.34,270.49,266.64,269.05,19.0,
11/05/2025,AAPL,262.0,277.0,270.0,BULLISH,AAPL (BULLISH) Apple Inc.,267.62,270.7,265.95,269.15,18.01,
11/06/2025,AAPL,263.0,275.0,270.0,BULLISH,AAPL (BULLISH) Apple Inc.,266.9,272.39,266.9,268.78,19.5,
11/07/2025,AAPL,265.0,273.0,270.0,BULLISH,AAPL (BULLISH) Apple Inc.,268.81,271.29,265.79,267.48,19.08,
11/10/2025,AAPL,266.0,273.0,268.0,BULLISH,AAPL (BULLISH) Apple Inc.,268.23,272.99,266.73,268.7,17.6,
11/11/2025,AAPL,267.0,273.0,269.0,BULLISH,AAPL (BULLISH) Apple Inc.,269.08,275.16,269.07,274.5,17.28,
11/12/2025,AAPL,268.0,278.0,275.0,BULLISH,AAPL (BULLISH) Apple Inc.,274.25,274.98,270.96,272.73,17.51,
11/13/2025,AAPL,269.0,276.0,273.0,BULLISH,AAPL (BULLISH) Apple Inc.,273.37,275.95,271.35,272.21,20.0,
11/14/2025,AAPL,265.0,275.0,273.0,BULLISH,AAPL (BULLISH) Apple Inc.,270.31,275.21,268.87,271.67,19.83,
11/17/2025,AAPL,266.0,276.0,272.0,BULLISH,AAPL (BULLISH) Apple Inc.,268.09,269.76,265.01,266.73,22.38,
11/18/2025,AAPL,264.0,276.0,267.0,BULLISH,AAPL (BULLISH) Apple Inc.,269.26,269.98,264.6,266.71,24.69,
11/19/2025,AAPL,264.0,275.0,267.0,BULLISH,AAPL (BULLISH) Apple Inc.,264.81,271.47,264.78,267.83,23.66,
11/20/2025,AAPL,265.0,277.0,269.0,BULLISH,AAPL (BULLISH) Apple Inc.,270.09,274.68,265.2,265.53,26.42,
11/21/2025,AAPL,262.0,278.0,266.0,BULLISH,AAPL (BULLISH) Apple Inc.,265.23,272.59,264.95,270.75,23.43,
11/24/2025,AAPL,265.0,279.0,271.0,BULLISH,AAPL (BULLISH) Apple Inc.,270.16,276.25,270.16,275.17,20.52,
11/25/2025,AAPL,267.0,279.0,276.0,BULLISH,AAPL (BULLISH) Apple Inc.,274.52,279.62,274.5,276.22,18.56,
11/26/2025,AAPL,268.0,281.0,277.0,BULLISH,AAPL (BULLISH) Apple Inc.,276.21,278.77,275.88,276.8,17.19,
11/28/2025,AAPL,269.0,281.0,278.0,BULLISH,AAPL (BULLISH) Apple Inc.,276.51,278.24,275.24,278.09,16.35,
12/01/2025,AAPL,270.0,283.0,279.0,BULLISH,AAPL (BULLISH) Apple Inc.,277.26,282.65,275.39,282.33,17.24,
12/02/2025,AAPL,275.0,286.0,283.0,BULLISH,AAPL (BULLISH) Apple Inc.,282.23,286.62,281.86,285.41,16.59,
12/03/2025,AAPL,276.0,290.0,286.0,BULLISH,AAPL (BULLISH) Apple Inc.,285.42,287.84,282.53,283.38,16.08,
12/04/2025,AAPL,277.0,291.0,284.0,BULLISH,AAPL (BULLISH) Apple Inc.,283.33,283.96,277.83,279.94,15.78,
12/05/2025,AAPL,275.0,290.0,281.0,BULLISH,AAPL (BULLISH) Apple Inc.,279.78,280.38,277.3,278.02,15.41,
12/08/2025,AAPL,273.0,288.0,279.0,BULLISH,AAPL (BULLISH) Apple Inc.,277.37,278.91,275.4,277.14,16.66,
12/09/2025,AAPL,273.0,287.0,278.0,BULLISH,AAPL (BULLISH) Apple Inc.,277.4,279.27,276.17,276.43,16.93,
12/10/2025,AAPL,274.0,288.0,277.0,BULLISH,AAPL (BULLISH) Apple Inc.,277.0,278.99,275.69,278.02,15.77,
12/11/2025,AAPL,274.0,288.0,279.0,BULLISH,AAPL (BULLISH) Apple Inc.,278.34,278.83,273.07,277.28,14.85,
12/12/2025,AAPL,273.0,287.0,278.0,BULLISH,AAPL (BULLISH) Apple Inc.,277.15,278.46,276.07,277.52,15.74,
12/15/2025,AAPL,273.0,287.0,278.0,BULLISH,AAPL (BULLISH) Apple Inc.,279.39,279.39,272.1,273.37,16.5,
12/16/2025,AAPL,272.0,286.0,274.0,BULLISH,AAPL (BULLISH) Apple Inc.,272.08,274.75,271.05,273.86,16.48,
12/17/2025,AAPL,272.0,283.0,275.0,BULLISH,AAPL (BULLISH) Apple Inc.,274.26,275.41,270.9,271.1,17.62,
12/18/2025,AAPL,270.0,282.0,272.0,BULLISH,AAPL (BULLISH) Apple Inc.,272.87,272.89,266.23,271.45,16.87,
12/19/2025,AAPL,270.0,283.0,272.0,BULLISH,AAPL (BULLISH) Apple Inc.,271.41,273.85,269.17,272.93,14.91,
12/22/2025,AAPL,270.0,282.0,274.0,BULLISH,AAPL (BULLISH) Apple Inc.,272.12,273.14,269.78,270.23,14.08,
12/23/2025,AAPL,267.0,281.0,271.0,BULLISH,AAPL (BULLISH) Apple Inc.,270.1,271.76,268.83,271.62,14.0,
12/24/2025,AAPL,268.0,280.0,272.0,BULLISH,AAPL (BULLISH) Apple Inc.,271.6,274.68,271.46,273.07,13.47,
12/26/2025,AAPL,268.0,279.0,274.0,BULLISH,AAPL (BULLISH) Apple Inc.,273.42,274.62,272.12,272.66,13.6,
12/29/2025,AAPL,269.0,277.0,273.0,BULLISH,AAPL (BULLISH) Apple Inc.,271.95,273.62,271.61,273.02,14.2,
12/30/2025,AAPL,270.0,278.0,274.0,BULLISH,AAPL (BULLISH) Apple Inc.,272.07,273.34,271.54,272.34,14.33,
12/31/2025,AAPL,270.0,277.0,273.0,BULLISH,AAPL (BULLISH) Apple Inc.,272.32,272.94,271.01,271.12,14.95,
01/02/2026,AAPL,270.0,276.0,272.0,BULLISH,AAPL (BULLISH) Apple Inc.,271.52,277.09,268.27,270.27,14.51,
01/05/2026,AAPL,270.0,276.0,271.0,BULLISH,AAPL (BULLISH) Apple Inc.,269.91,270.77,265.42,266.53,14.9,
01/06/2026,AAPL,265.0,277.0,267.0,BULLISH,AAPL (BULLISH) Apple Inc.,266.28,266.82,261.41,261.65,14.75,
01/07/2026,AAPL,260.0,273.0,262.0,NEUTRAL,AAPL (NEUTRAL) Apple Inc.,262.49,262.96,259.1,259.62,15.38,
01/08/2026,AAPL,257.0,269.0,260.0,BEARISH,AAPL (BEARISH) Apple Inc.,256.32,258.59,255.01,258.34,15.45,
01/09/2026,AAPL,254.0,268.0,259.0,BEARISH,AAPL (BEARISH) Apple Inc.,258.38,259.5,255.52,258.67,14.49,
01/12/2026,AAPL,252.0,268.0,259.0,BEARISH,AAPL (BEARISH) Apple Inc.,258.46,260.59,256.1,259.54,15.12,
01/13/2026,AAPL,252.0,269.0,260.0,BEARISH,AAPL (BEARISH) Apple Inc.,258.02,261.1,257.69,260.34,15.98,
01/14/2026,AAPL,253.0,268.0,261.0,BEARISH,AAPL (BEARISH) Apple Inc.,258.79,261.11,256.01,259.25,16.75,
01/15/2026,AAPL,251.0,267.0,260.0,BEARISH,AAPL (BEARISH) Apple Inc.,259.94,260.33,256.35,257.51,15.84,
01/16/2026,AAPL,252.0,266.0,258.0,BEARISH,AAPL (BEARISH) Apple Inc.,257.2,258.2,254.24,254.84,15.86,
01/20/2026,AAPL,250.0,261.0,256.0,BEARISH,AAPL (BEARISH) Apple Inc.,252.04,254.1,242.76,246.03,20.09,
01/21/2026,AAPL,245.0,257.0,247.0,BEARISH,AAPL (BEARISH) Apple Inc.,248.02,250.88,244.51,246.98,16.9,
01/22/2026,AAPL,244.0,256.0,248.0,BEARISH,AAPL (BEARISH) Apple Inc.,248.52,250.32,247.48,247.68,15.64,
01/23/2026,AAPL,242.0,256.0,248.0,BEARISH,AAPL (BEARISH) Apple Inc.,246.65,248.73,244.02,247.37,16.09,
01/26/2026,AAPL,240.0,258.0,248.0,BEARISH,AAPL (BEARISH) Apple Inc.,250.8,255.86,249.12,254.72,16.15,
01/27/2026,AAPL,243.0,260.0,255.0,BEARISH,AAPL (BEARISH) Apple Inc.,258.47,261.24,257.51,257.57,16.35,
01/28/2026,AAPL,242.0,263.0,258.0,BEARISH,AAPL (BEARISH) Apple Inc.,256.95,258.16,253.82,255.74,16.35,
01/29/2026,AAPL,241.0,261.0,256.0,BEARISH,AAPL (BEARISH) Apple Inc.,257.3,258.95,253.72,257.58,16.88,
01/30/2026,AAPL,242.0,262.0,258.0,BEARISH,AAPL (BEARISH) Apple Inc.,254.48,261.19,251.5,258.78,17.44,
02/02/2026,AAPL,244.0,262.0,259.0,BEARISH,AAPL (BEARISH) Apple Inc.,259.32,269.76,258.51,269.28,16.34,
02/03/2026,AAPL,246.0,274.0,270.0,BULLISH,AAPL (BULLISH) Apple Inc.,268.47,271.14,266.88,268.75,18.0,
02/04/2026,AAPL,258.0,274.0,269.0,BULLISH,AAPL (BULLISH) Apple Inc.,271.55,278.19,271.55,275.74,18.64,
02/05/2026,AAPL,261.0,281.0,276.0,BULLISH,AAPL (BULLISH) Apple Inc.,277.37,278.74,272.49,275.16,21.77,
02/06/2026,AAPL,262.0,282.0,276.0,BULLISH,AAPL (BULLISH) Apple Inc.,276.37,280.15,276.18,277.37,20.37,
02/09/2026,AAPL,264.0,285.0,278.0,BULLISH,AAPL (BULLISH) Apple Inc.,277.41,277.7,271.22,274.13,17.36,
02/10/2026,AAPL,265.0,285.0,275.0,BULLISH,AAPL (BULLISH) Apple Inc.,274.4,274.88,272.45,273.19,17.79,
02/11/2026,AAPL,265.0,285.0,274.0,BULLISH,AAPL (BULLISH) Apple Inc.,274.21,279.68,273.96,275.01,17.65,
02/12/2026,AAPL,267.0,284.0,276.0,BULLISH,AAPL (BULLISH) Apple Inc.,275.1,275.23,259.72,261.26,20.82,
02/13/2026,AAPL,260.0,272.0,262.0,NEUTRAL,AAPL (NEUTRAL) Apple Inc.,261.54,261.76,254.99,255.32,20.6,
02/17/2026,AAPL,252.0,271.0,256.0,BEARISH,AAPL (BEARISH) Apple Inc.,257.59,265.82,255.08,263.41,20.29,
02/18/2026,AAPL,254.0,271.0,264.0,NEUTRAL,AAPL (NEUTRAL) Apple Inc.,263.13,266.34,261.98,263.88,19.62,
02/19/2026,AAPL,253.0,270.0,264.0,NEUTRAL,AAPL (NEUTRAL) Apple Inc.,262.13,264.01,259.59,260.12,20.23,
02/20/2026,AAPL,250.0,268.0,261.0,BEARISH,AAPL (BEARISH) Apple Inc.,258.51,264.28,257.7,264.11,19.09,
02/23/2026,AAPL,252.0,267.0,265.0,BEARISH,AAPL (BEARISH) Apple Inc.,263.02,268.95,262.91,265.71,21.01,
02/24/2026,AAPL,253.0,274.0,266.0,NEUTRAL,AAPL (NEUTRAL) Apple Inc.,267.38,274.4,267.23,271.66,19.55,
02/25/2026,AAPL,256.0,277.0,272.0,BULLISH,AAPL (BULLISH) Apple Inc.,271.3,274.45,270.57,273.74,17.93,
02/26/2026,AAPL,262.0,277.0,274.0,BULLISH,AAPL (BULLISH) Apple Inc.,274.46,275.62,270.32,272.46,18.63,
02/27/2026,AAPL,261.0,278.0,273.0,BULLISH,AAPL (BULLISH) Apple Inc.,272.32,272.32,262.42,263.71,19.86,
03/02/2026,AAPL,255.0,276.0,264.0,BULLISH,AAPL (BULLISH) Apple Inc.,261.94,266.06,259.74,264.25,21.44,
03/03/2026,,,,,,,263.01,265.09,259.67,263.28,23.57,YES
03/04/2026,,,,,,,264.18,265.68,260.95,262.05,21.15,YES
03/05/2026,AAPL,255.0,271.0,263.0,BEARISH,AAPL (BEARISH) Apple Inc.,260.33,261.09,256.79,259.83,23.75,
03/06/2026,AAPL,255.0,269.0,260.0,BEARISH,AAPL (BEARISH) Apple Inc.,258.17,258.31,253.92,257.0,29.49,
03/09/2026,AAPL,247.0,266.0,257.0,BEARISH,AAPL (BEARISH) Apple Inc.,255.23,260.68,253.23,259.42,25.5,
03/10/2026,AAPL,251.0,266.0,260.0,BEARISH,AAPL (BEARISH) Apple Inc.,257.19,262.01,256.49,260.37,24.93,
03/11/2026,AAPL,252.0,267.0,261.0,BEARISH,AAPL (BEARISH) Apple Inc.,260.62,261.66,259.09,260.35,24.23,
03/12/2026,,,,,,,258.2,258.49,253.73,255.3,27.29,YES
03/13/2026,AAPL,252.0,264.0,256.0,BEARISH,AAPL (BEARISH) Apple Inc.,255.02,255.87,249.08,249.67,27.19,
03/16/2026,AAPL,247.0,262.0,250.0,BEARISH,AAPL (BEARISH) Apple Inc.,251.66,253.44,249.43,252.37,23.51,
03/17/2026,AAPL,246.0,260.0,253.0,BEARISH,AAPL (BEARISH) Apple Inc.,252.51,254.68,251.73,253.78,22.37,
03/18/2026,AAPL,247.0,261.0,254.0,BEARISH,AAPL (BEARISH) Apple Inc.,252.18,254.49,248.56,249.49,25.09,
03/19/2026,AAPL,244.0,260.0,250.0,BEARISH,AAPL (BEARISH) Apple Inc.,248.96,251.38,246.86,248.52,24.06,
03/20/2026,AAPL,243.0,258.0,249.0,BEARISH,AAPL (BEARISH) Apple Inc.,247.54,248.76,245.56,247.55,26.78,
03/23/2026,AAPL,242.0,257.0,248.0,BEARISH,AAPL (BEARISH) Apple Inc.,253.52,254.15,249.83,251.04,26.15,
03/24/2026,AAPL,243.0,258.0,251.0,BEARISH,AAPL (BEARISH) Apple Inc.,249.9,254.38,249.11,251.19,26.95,
03/25/2026,AAPL,245.0,257.0,252.0,BEARISH,AAPL (BEARISH) Apple Inc.,253.65,254.55,251.15,252.17,25.33,
03/26/2026,AAPL,245.0,255.0,253.0,BEARISH,AAPL (BEARISH) Apple Inc.,251.67,256.54,250.32,252.44,27.44,
03/27/2026,AAPL,245.0,255.0,253.0,BEARISH,AAPL (BEARISH) Apple Inc.,253.45,255.03,247.63,248.36,31.05,
03/30/2026,AAPL,245.0,254.0,249.0,BEARISH,AAPL (BEARISH) Apple Inc.,249.62,250.42,245.07,246.19,30.61,
03/31/2026,AAPL,243.0,253.0,247.0,BEARISH,AAPL (BEARISH) Apple Inc.,247.47,255.02,246.66,253.34,25.25,
04/01/2026,AAPL,244.0,256.0,254.0,BEARISH,AAPL (BEARISH) Apple Inc.,253.63,255.72,252.88,255.17,24.54,
04/02/2026,AAPL,244.0,256.0,256.0,BEARISH,AAPL (BEARISH) Apple Inc.,253.75,255.67,250.2,255.46,23.87,
04/06/2026,AAPL,245.0,258.0,256.0,BEARISH,AAPL (BEARISH) Apple Inc.,256.05,261.69,256.0,258.4,24.17,
04/07/2026,AAPL,245.0,261.0,259.0,BEARISH,AAPL (BEARISH) Apple Inc.,255.7,255.74,245.26,253.05,25.78,
04/08/2026,AAPL,245.0,263.0,254.0,BEARISH,AAPL (BEARISH) Apple Inc.,257.99,259.29,256.07,258.44,21.04,
04/09/2026,AAPL,246.0,262.0,259.0,BEARISH,AAPL (BEARISH) Apple Inc.,258.54,260.65,255.61,260.03,19.49,
04/10/2026,AAPL,246.0,264.0,260.0,NEUTRAL,AAPL (NEUTRAL) Apple Inc.,259.52,261.72,258.56,260.02,19.23,
04/13/2026,AAPL,245.0,264.0,260.0,NEUTRAL,AAPL (NEUTRAL) Apple Inc.,259.27,259.72,256.2,258.74,19.12,
04/14/2026,AAPL,250.0,264.0,259.0,BULLISH,AAPL (BULLISH) Apple Inc.,258.79,261.46,256.73,258.37,18.36,
04/15/2026,AAPL,251.0,263.0,259.0,NEUTRAL,AAPL (NEUTRAL) Apple Inc.,257.7,266.09,257.35,265.96,18.17,
04/16/2026,AAPL,253.0,271.0,266.0,BULLISH,AAPL (BULLISH) Apple Inc.,266.32,266.68,260.8,262.93,17.94,
04/17/2026,AAPL,253.0,269.0,263.0,BULLISH,AAPL (BULLISH) Apple Inc.,266.48,271.81,266.24,269.75,17.48,
04/20/2026,AAPL,256.0,274.0,270.0,BULLISH,AAPL (BULLISH) Apple Inc.,269.85,273.79,269.81,272.56,18.87,
04/21/2026,AAPL,261.0,275.0,273.0,BULLISH,AAPL (BULLISH) Apple Inc.,271.02,272.31,264.93,265.7,19.5,
04/22/2026,AAPL,261.0,274.0,266.0,BULLISH,AAPL (BULLISH) Apple Inc.,267.34,273.25,266.39,272.68,18.92,
04/23/2026,AAPL,263.0,277.0,273.0,BULLISH,AAPL (BULLISH) Apple Inc.,274.56,275.28,271.17,272.94,19.31,
04/24/2026,AAPL,263.0,279.0,273.0,BULLISH,AAPL (BULLISH) Apple Inc.,272.27,272.57,269.17,270.58,18.71,
04/27/2026,AAPL,262.0,279.0,271.0,BULLISH,AAPL (BULLISH) Apple Inc.,265.62,267.88,264.6,267.13,18.02,
04/28/2026,AAPL,262.0,277.0,268.0,BULLISH,AAPL (BULLISH) Apple Inc.,271.85,272.74,268.18,270.23,17.83,
04/29/2026,AAPL,263.0,278.0,271.0,BULLISH,AAPL (BULLISH) Apple Inc.,267.07,270.56,266.56,269.69,18.81,
04/30/2026,AAPL,263.0,277.0,270.0,BULLISH,AAPL (BULLISH) Apple Inc.,270.02,275.51,267.66,270.87,16.89,
05/01/2026,AAPL,267.0,284.0,271.0,BULLISH,AAPL (BULLISH) Apple Inc.,278.36,286.71,277.87,279.64,16.99,
05/04/2026,AAPL,267.0,284.0,280.0,BULLISH,AAPL (BULLISH) Apple Inc.,279.16,280.13,274.37,276.34,18.29,
05/05/2026,AAPL,270.0,282.0,277.0,BULLISH,AAPL (BULLISH) Apple Inc.,276.44,284.06,276.01,283.67,17.38,
05/06/2026,AAPL,273.0,287.0,284.0,BULLISH,AAPL (BULLISH) Apple Inc.,281.42,287.52,280.57,287.0,17.39,
05/07/2026,AAPL,276.0,290.0,288.0,BULLISH,AAPL (BULLISH) Apple Inc.,288.75,291.61,285.27,286.93,17.08,
05/08/2026,AAPL,278.0,293.0,287.0,BULLISH,AAPL (BULLISH) Apple Inc.,289.49,294.23,289.48,292.8,17.19,
05/11/2026,AAPL,280.0,296.0,293.0,BULLISH,AAPL (BULLISH) Apple Inc.,291.73,293.63,289.98,292.43,18.38,
05/12/2026,AAPL,280.0,300.0,293.0,BULLISH,AAPL (BULLISH) Apple Inc.,292.31,295.02,292.31,294.55,17.99,
05/13/2026,AAPL,284.0,301.0,295.0,BULLISH,AAPL (BULLISH) Apple Inc.,293.25,300.66,293.25,298.61,17.87,
05/14/2026,AAPL,287.0,305.0,299.0,BULLISH,AAPL (BULLISH) Apple Inc.,299.56,300.19,295.13,297.95,17.26,
05/15/2026,AAPL,290.0,305.0,298.0,BULLISH,AAPL (BULLISH) Apple Inc.,297.64,302.94,296.26,299.97,18.43,
05/18/2026,AAPL,291.0,305.0,300.0,BULLISH,AAPL (BULLISH) Apple Inc.,299.98,300.4,294.66,297.58,17.82,
05/19/2026,AAPL,291.0,304.0,298.0,BULLISH,AAPL (BULLISH) Apple Inc.,296.71,300.25,296.09,298.71,18.06,
05/20/2026,AAPL,290.0,305.0,299.0,BULLISH,AAPL (BULLISH) Apple Inc.,297.92,302.54,297.82,301.99,17.44,
05/21/2026,AAPL,293.0,306.0,302.0,BULLISH,AAPL (BULLISH) Apple Inc.,300.8,305.28,300.14,304.73,16.76,
05/22/2026,AAPL,293.0,307.0,305.0,BULLISH,AAPL (BULLISH) Apple Inc.,305.86,311.13,305.58,308.55,16.7,
05/26/2026,AAPL,299.0,311.0,309.0,BULLISH,AAPL (BULLISH) Apple Inc.,309.29,311.55,307.4,308.06,17.01,
05/27/2026,AAPL,300.0,315.0,308.0,BULLISH,AAPL (BULLISH) Apple Inc.,308.06,312.99,308.03,310.58,16.29,
05/28/2026,AAPL,301.0,315.0,311.0,BULLISH,AAPL (BULLISH) Apple Inc.,310.41,312.53,309.3,312.24,15.74,
05/29/2026,AAPL,303.0,316.0,313.0,BULLISH,AAPL (BULLISH) Apple Inc.,311.51,314.73,309.26,311.79,15.32,
06/01/2026,AAPL,304.0,318.0,312.0,BULLISH,AAPL (BULLISH) Apple Inc.,309.36,310.67,304.76,306.05,16.05,
06/02/2026,AAPL,300.0,317.0,306.0,BULLISH,AAPL (BULLISH) Apple Inc.,307.2,315.18,306.43,314.93,15.77,
06/03/2026,AAPL,301.0,319.0,315.0,BULLISH,AAPL (BULLISH) Apple Inc.,313.91,316.67,308.58,309.99,16.06,
06/04/2026,AAPL,301.0,317.0,310.0,BULLISH,AAPL (BULLISH) Apple Inc.,312.96,313.27,309.38,310.96,15.4,
06/05/2026,AAPL,303.0,317.0,311.0,BULLISH,AAPL (BULLISH) Apple Inc.,312.59,314.9,306.89,307.08,21.51,
06/08/2026,AAPL,301.0,317.0,307.0,BULLISH,AAPL (BULLISH) Apple Inc.,308.47,317.13,300.91,301.28,18.92,
06/09/2026,AAPL,298.0,316.0,302.0,BULLISH,AAPL (BULLISH) Apple Inc.,300.02,300.49,287.53,290.3,19.87,
06/10/2026,AAPL,285.0,316.0,291.0,BULLISH,AAPL (BULLISH) Apple Inc.,290.49,294.5,287.13,291.33,22.22,
06/11/2026,AAPL,283.0,316.0,292.0,BULLISH,AAPL (BULLISH) Apple Inc.,293.47,296.74,289.34,295.38,19.44,
06/12/2026,AAPL,285.0,320.0,296.0,BULLISH,AAPL (BULLISH) Apple Inc.,295.77,296.88,289.37,290.88,17.68,
06/15/2026,AAPL,281.0,314.0,291.0,BULLISH,AAPL (BULLISH) Apple Inc.,293.87,297.52,291.45,296.16,16.2,
06/16/2026,AAPL,284.0,315.0,296.0,BULLISH,AAPL (BULLISH) Apple Inc.,295.0,300.22,293.72,298.98,16.41,
06/17/2026,AAPL,283.0,313.0,299.0,BULLISH,AAPL (BULLISH) Apple Inc.,300.59,301.81,294.11,295.69,18.44,
06/18/2026,AAPL,285.0,309.0,296.0,BULLISH,AAPL (BULLISH) Apple Inc.,297.85,300.31,295.37,297.75,16.4,
06/22/2026,AAPL,287.0,305.0,298.0,BULLISH,AAPL (BULLISH) Apple Inc.,297.05,302.16,296.5,296.75,17.28,
06/23/2026,AAPL,287.0,303.0,297.0,BULLISH,AAPL (BULLISH) Apple Inc.,297.28,301.38,293.93,294.05,19.49,
06/24/2026,AAPL,288.0,301.0,294.0,BULLISH,AAPL (BULLISH) Apple Inc.,295.11,299.44,292.69,292.83,18.63,
06/25/2026,AAPL,288.0,301.0,293.0,BULLISH,AAPL (BULLISH) Apple Inc.,287.15,288.55,273.51,274.91,18.89,
06/26/2026,AAPL,270.0,293.0,275.0,BEARISH,AAPL (BEARISH) Apple Inc.,274.76,285.7,273.97,283.54,18.41,
06/29/2026,AAPL,275.0,294.0,284.0,BEARISH,AAPL (BEARISH) Apple Inc.,286.48,288.12,279.61,281.5,17.65,
06/30/2026,AAPL,269.0,292.0,282.0,BEARISH,AAPL (BEARISH) Apple Inc.,280.93,289.69,280.46,289.11,16.45,
07/01/2026,AAPL,272.0,293.0,289.0,BEARISH,AAPL (BEARISH) Apple Inc.,293.19,296.33,288.95,294.13,16.59,
07/02/2026,AAPL,275.0,299.0,294.0,BULLISH,AAPL (BULLISH) Apple Inc.,293.87,309.15,293.43,308.36,16.15,
07/06/2026,AAPL,284.0,312.0,309.0,BULLISH,AAPL (BULLISH) Apple Inc.,307.1,313.93,306.74,312.39,15.57,
07/07/2026,AAPL,285.0,315.0,313.0,BULLISH,AAPL (BULLISH) Apple Inc.,315.02,315.21,309.88,310.39,16.13,
07/08/2026,AAPL,286.0,315.0,311.0,BULLISH,AAPL (BULLISH) Apple Inc.,311.64,314.55,306.79,313.12,16.9,
07/09/2026,AAPL,297.0,326.0,313.0,BULLISH,AAPL (BULLISH) Apple Inc.,310.24,316.26,307.89,315.95,15.84,
07/10/2026,AAPL,299.0,330.0,316.0,BULLISH,AAPL (BULLISH) Apple Inc.,314.45,316.64,311.9,315.05,15.03,
07/13/2026,AAPL,301.0,330.0,315.0,BULLISH,AAPL (BULLISH) Apple Inc.,316.75,323.17,315.51,317.04,17.16,
07/14/2026,AAPL,302.0,329.0,317.0,BULLISH,AAPL (BULLISH) Apple Inc.,313.49,315.92,311.64,314.59,16.5,
07/15/2026,AAPL,299.0,325.0,315.0,BULLISH,AAPL (BULLISH) Apple Inc.,317.35,328.45,317.05,327.22,15.67,
07/16/2026,AAPL,308.0,330.0,328.0,BULLISH,AAPL (BULLISH) Apple Inc.,327.73,334.39,326.51,332.97,16.73,
07/17/2026,AAPL,315.0,336.0,333.0,BULLISH,AAPL (BULLISH) Apple Inc.,331.69,334.7,328.72,333.45,18.77,
07/20/2026,AAPL,319.0,338.0,334.0,BULLISH,AAPL (BULLISH) Apple Inc.,333.22,333.42,323.4,326.31,18.65,
07/21/2026,AAPL,316.0,338.0,327.0,BULLISH,AAPL (BULLISH) Apple Inc.,322.85,329.32,321.94,327.46,17.05,
07/22/2026,AAPL,314.0,339.0,328.0,BULLISH,AAPL (BULLISH) Apple Inc.,327.59,328.72,323.06,325.61,16.64,
07/23/2026,AAPL,311.0,334.0,326.0,BULLISH,AAPL (BULLISH) Apple Inc.,321.45,323.02,319.07,321.38,18.7,
07/24/2026,AAPL,311.0,333.0,322.0,BULLISH,AAPL (BULLISH) Apple Inc.,321.51,334.08,321.34,332.73,18.58,
07/27/2026,AAPL,315.0,340.0,333.0,BULLISH,AAPL (BULLISH) Apple Inc.,334.25,339.28,333.73,336.62,18.67,
07/28/2026,AAPL,318.0,341.0,337.0,BULLISH,AAPL (BULLISH) Apple Inc.,339.74,342.59,335.31,339.79,18.21,
07/29/2026,AAPL,321.0,345.0,340.0,BULLISH,AAPL (BULLISH) Apple Inc.,339.44,344.27,337.06,337.9,20.66,
07/30/2026,AAPL,321.0,345.0,338.0,BULLISH,AAPL (BULLISH) Apple Inc.,332.81,334.46,329.31,333.14,17.09,
07/31/2026,AAPL,315.0,340.0,333.0,BULLISH,AAPL (BULLISH) Apple Inc.,304.55,310.42,299.74,308.64,15.99,
08/03/2026,AAPL,302.0,330.0,309.0,BULLISH,AAPL (BULLISH) Apple Inc.,309.31,311.53,302.3,303.16,15.86,
08/04/2026,AAPL,300.0,326.0,303.0,BULLISH,AAPL (BULLISH) Apple Inc.,302.47,310.15,301.06,309.11,16.5,
08/05/2026,AAPL,300.0,325.0,309.0,BULLISH,AAPL (BULLISH) Apple Inc.,309.09,311.44,305.41,310.73,15.81,
08/06/2026,AAPL,301.0,324.0,311.0,BULLISH,AAPL (BULLISH) Apple Inc.,314.07,316.02,308.96,312.14,15.15,
08/07/2026,AAPL,301.0,322.0,312.0,BULLISH,AAPL (BULLISH) Apple Inc.,311.18,314.54,310.47,313.06,14.9,
08/10/2026,AAPL,300.0,333.0,313.0,BULLISH,AAPL (BULLISH) Apple Inc.,306.83,308.26,304.61,308.26,15.46,
08/11/2026,AAPL,291.0,332.0,308.0,NEUTRAL,AAPL (NEUTRAL) Apple Inc.,307.75,309.97,305.67,306.48,15.56,
