Date,TICKER,BUY TRADE,SELL TRADE,PREV. CLOSE,TREND,INDEX,GC_Open,GC_High,GC_Low,GC_Close,GVZ_Close,NEEDS_MANUAL_UPDATE
01/03/2017,GOLD,1121.0,1159.0,1151.0,BEARISH,GOLD  Gold Spot Price,1155.2,1160.8,1146.5,1160.4,16.26,
01/04/2017,GOLD,1121.0,1169.0,1162.0,BEARISH,GOLD  Gold Spot Price,1156.3,1165.0,1156.3,1163.8,15.16,
01/05/2017,GOLD,1121.0,1175.0,1165.0,BEARISH,GOLD  Gold Spot Price,1172.0,1183.3,1171.5,1179.7,14.98,
01/06/2017,GOLD,1120.0,1184.0,1181.0,BEARISH,GOLD  Gold Spot Price,1176.5,1176.5,1171.9,1171.9,14.55,
01/09/2017,GOLD,1123.0,1187.0,1173.0,BEARISH,GOLD  Gold Spot Price,1173.9,1183.6,1173.0,1183.5,14.38,
01/10/2017,GOLD,1131.0,1192.0,1184.0,BEARISH,GOLD  Gold Spot Price,1184.3,1188.9,1182.3,1184.2,14.32,
01/11/2017,GOLD,1135.0,1196.0,1185.0,BEARISH,GOLD  Gold Spot Price,1187.5,1197.0,1176.5,1195.6,14.96,
01/12/2017,GOLD,1143.0,1215.0,1196.0,BEARISH,GOLD  Gold Spot Price,1192.7,1204.3,1192.3,1198.9,14.6,
01/13/2017,GOLD,1145.0,1210.0,1199.0,BEARISH,GOLD  Gold Spot Price,1195.7,1196.0,1187.7,1195.3,14.63,
01/17/2017,GOLD,1150.0,1216.0,1196.0,BEARISH,GOLD  Gold Spot Price,1205.5,1214.6,1200.8,1212.0,15.67,
01/18/2017,GOLD,1159.0,1221.0,1212.0,BEARISH,GOLD  Gold Spot Price,1213.6,1214.7,1203.1,1211.3,15.25,
01/19/2017,GOLD,1161.0,1220.0,1212.0,BEARISH,GOLD  Gold Spot Price,1200.5,1204.0,1195.8,1200.9,15.11,
01/20/2017,GOLD,1161.0,1219.0,1201.0,BEARISH,GOLD  Gold Spot Price,1202.8,1212.1,1202.8,1204.3,14.38,
01/23/2017,GOLD,1170.0,1219.0,1204.0,BEARISH,GOLD  Gold Spot Price,1212.0,1215.0,1210.0,1215.0,15.15,
01/24/2017,GOLD,1174.0,1221.0,1215.0,BEARISH,GOLD  Gold Spot Price,1219.0,1219.0,1207.7,1210.3,14.65,
01/25/2017,GOLD,1177.0,1219.0,1210.0,BEARISH,GOLD  Gold Spot Price,1202.0,1202.8,1194.9,1197.3,14.47,
01/26/2017,GOLD,1177.0,1215.0,1197.0,BEARISH,GOLD  Gold Spot Price,1199.7,1199.7,1185.6,1189.5,14.74,
01/27/2017,GOLD,1179.0,1220.0,1189.0,BEARISH,GOLD  Gold Spot Price,1187.9,1188.3,1187.9,1188.1,14.34,
01/30/2017,GOLD,1180.0,1214.0,1188.0,BEARISH,GOLD  Gold Spot Price,1191.7,1198.5,1187.1,1193.2,15.19,
01/31/2017,GOLD,1180.0,1220.0,1196.0,BEARISH,GOLD  Gold Spot Price,1194.9,1214.7,1193.5,1208.6,15.27,
02/01/2017,GOLD,1180.0,1222.0,1211.0,BEARISH,GOLD  Gold Spot Price,1211.9,1211.9,1197.9,1205.6,14.8,
02/02/2017,GOLD,1184.0,1226.0,1208.0,BEARISH,GOLD  Gold Spot Price,1209.7,1224.2,1208.9,1216.7,15.04,
02/03/2017,GOLD,1183.0,1228.0,1219.0,BEARISH,GOLD  Gold Spot Price,1214.9,1220.6,1206.2,1218.5,15.04,
02/06/2017,GOLD,1182.0,1228.0,1220.0,BEARISH,GOLD  Gold Spot Price,1221.9,1235.4,1218.5,1230.0,15.74,
02/07/2017,GOLD,1183.0,1236.0,1232.0,BEARISH,GOLD  Gold Spot Price,1234.2,1236.2,1228.5,1234.2,15.26,
02/08/2017,GOLD,1185.0,1245.0,1236.0,BEARISH,GOLD  Gold Spot Price,1232.1,1243.9,1231.0,1237.6,15.2,
02/09/2017,GOLD,1185.0,1251.0,1239.0,NEUTRAL,GOLD  Gold Spot Price,1239.4,1243.5,1226.9,1235.1,14.88,
02/10/2017,GOLD,1195.0,1251.0,1236.0,NEUTRAL,GOLD  Gold Spot Price,1227.6,1234.4,1221.5,1234.4,14.88,
02/13/2017,GOLD,1201.0,1250.0,1235.0,NEUTRAL,GOLD  Gold Spot Price,1230.5,1231.1,1219.0,1224.4,14.61,
02/14/2017,GOLD,1206.0,1249.0,1225.0,NEUTRAL,GOLD  Gold Spot Price,1225.9,1233.5,1222.1,1223.9,14.21,
02/15/2017,GOLD,1210.0,1245.0,1225.0,NEUTRAL,GOLD  Gold Spot Price,1225.5,1231.7,1217.3,1231.7,13.71,
02/16/2017,GOLD,1215.0,1246.0,1233.0,NEUTRAL,GOLD  Gold Spot Price,1234.5,1240.7,1233.2,1240.0,13.75,
02/17/2017,GOLD,1215.0,1249.0,1241.0,NEUTRAL,GOLD  Gold Spot Price,1240.7,1241.2,1234.8,1237.6,13.27,
02/21/2017,GOLD,1217.0,1246.0,1239.0,NEUTRAL,GOLD  Gold Spot Price,1237.3,1237.5,1228.1,1237.5,13.72,
02/22/2017,GOLD,1217.0,1247.0,1238.0,NEUTRAL,GOLD  Gold Spot Price,1236.1,1238.6,1231.8,1232.0,13.26,
02/23/2017,GOLD,1217.0,1248.0,1233.0,NEUTRAL,GOLD  Gold Spot Price,1236.1,1250.3,1236.1,1250.2,13.68,
02/24/2017,GOLD,1221.0,1256.0,1251.0,NEUTRAL,GOLD  Gold Spot Price,1250.0,1258.8,1250.0,1256.9,13.54,
02/27/2017,GOLD,1220.0,1260.0,1258.0,NEUTRAL,GOLD  Gold Spot Price,1254.7,1263.1,1250.4,1257.4,14.44,
02/28/2017,GOLD,1220.0,1260.0,1258.0,NEUTRAL,GOLD  Gold Spot Price,1253.6,1257.3,1247.2,1252.6,14.3,
03/01/2017,GOLD,1222.0,1265.0,1253.0,NEUTRAL,GOLD  Gold Spot Price,1247.8,1248.9,1236.9,1248.9,14.41,
03/02/2017,GOLD,1224.0,1265.0,1253.0,NEUTRAL,GOLD  Gold Spot Price,1247.2,1247.6,1230.7,1231.9,13.89,
03/03/2017,GOLD,1220.0,1249.0,1232.0,NEUTRAL,GOLD  Gold Spot Price,1231.7,1235.2,1222.9,1225.5,13.66,
03/06/2017,GOLD,1221.0,1245.0,1226.0,NEUTRAL,GOLD  Gold Spot Price,1235.2,1235.2,1224.5,1224.5,13.24,
03/07/2017,GOLD,1217.0,1245.0,1225.0,BEARISH,GOLD  Gold Spot Price,1224.3,1225.4,1213.7,1215.1,13.22,
03/08/2017,GOLD,1208.0,1241.0,1216.0,BEARISH,GOLD  Gold Spot Price,1212.2,1212.2,1206.7,1208.5,13.58,
03/09/2017,GOLD,1200.0,1237.0,1209.0,BEARISH,GOLD  Gold Spot Price,1204.5,1205.6,1202.3,1202.4,13.62,
03/10/2017,GOLD,1183.0,1231.0,1203.0,BEARISH,GOLD  Gold Spot Price,1196.2,1203.3,1196.2,1200.7,13.03,
03/13/2017,GOLD,1187.0,1224.0,1201.0,BEARISH,GOLD  Gold Spot Price,1206.2,1210.0,1202.3,1202.4,11.27,
03/14/2017,GOLD,1186.0,1222.0,1203.0,BEARISH,GOLD  Gold Spot Price,1203.1,1205.9,1196.8,1201.9,11.57,
03/15/2017,GOLD,1189.0,1221.0,1202.0,BEARISH,GOLD  Gold Spot Price,1198.2,1221.2,1197.7,1200.1,11.23,
03/16/2017,GOLD,1189.0,1229.0,1200.0,BEARISH,GOLD  Gold Spot Price,1222.2,1231.4,1222.2,1226.5,11.12,
03/17/2017,GOLD,1190.0,1231.0,1227.0,BEARISH,GOLD  Gold Spot Price,1227.1,1230.9,1227.1,1229.8,10.8,
03/20/2017,GOLD,1192.0,1235.0,1230.0,BEARISH,GOLD  Gold Spot Price,1229.3,1234.4,1229.3,1233.6,11.35,
03/21/2017,GOLD,1190.0,1239.0,1234.0,BEARISH,GOLD  Gold Spot Price,1226.4,1246.1,1226.4,1246.1,12.13,
03/22/2017,GOLD,1190.0,1251.0,1246.0,BEARISH,GOLD  Gold Spot Price,1247.9,1249.5,1247.7,1249.3,12.28,
03/23/2017,GOLD,1189.0,1258.0,1249.0,BEARISH,GOLD  Gold Spot Price,1246.4,1247.5,1244.8,1246.9,12.58,
03/24/2017,GOLD,1190.0,1259.0,1247.0,BEARISH,GOLD  Gold Spot Price,1248.0,1248.3,1247.6,1248.2,12.06,
03/27/2017,GOLD,1202.0,1265.0,1248.0,BEARISH,GOLD  Gold Spot Price,1255.8,1257.7,1253.8,1255.4,12.51,
03/28/2017,GOLD,1214.0,1265.0,1255.0,BEARISH,GOLD  Gold Spot Price,1255.9,1255.9,1255.3,1255.3,12.35,
03/29/2017,GOLD,1220.0,1266.0,1258.0,BEARISH,GOLD  Gold Spot Price,1252.2,1253.4,1252.1,1253.4,11.65,
03/30/2017,GOLD,1222.0,1267.0,1256.0,BEARISH,GOLD  Gold Spot Price,1253.1,1253.6,1241.1,1245.0,12.09,
03/31/2017,GOLD,1226.0,1264.0,1248.0,BEARISH,GOLD  Gold Spot Price,1242.1,1248.8,1238.7,1247.3,12.41,
04/03/2017,GOLD,1226.0,1260.0,1251.0,NEUTRAL,GOLD  Gold Spot Price,1247.5,1252.4,1243.6,1250.8,12.61,
04/04/2017,GOLD,1226.0,1263.0,1254.0,NEUTRAL,GOLD  Gold Spot Price,1253.1,1260.3,1253.0,1255.0,12.41,
04/05/2017,GOLD,1239.0,1263.0,1258.0,NEUTRAL,GOLD  Gold Spot Price,1255.4,1255.4,1243.0,1245.4,13.23,
04/06/2017,GOLD,1239.0,1262.0,1248.0,NEUTRAL,GOLD  Gold Spot Price,1256.1,1257.5,1249.0,1250.3,12.85,
04/07/2017,GOLD,1240.0,1269.0,1253.0,NEUTRAL,GOLD  Gold Spot Price,1249.5,1269.1,1249.5,1254.3,13.45,
04/10/2017,GOLD,1240.0,1263.0,1257.0,NEUTRAL,GOLD  Gold Spot Price,1252.7,1255.2,1246.8,1251.1,13.75,
04/11/2017,GOLD,1241.0,1263.0,1253.0,NEUTRAL,GOLD  Gold Spot Price,1254.5,1273.5,1254.5,1271.2,15.2,
04/12/2017,GOLD,1241.0,1277.0,1274.0,NEUTRAL,GOLD  Gold Spot Price,1275.0,1285.1,1272.0,1275.3,16.08,
04/13/2017,GOLD,1242.0,1289.0,1278.0,NEUTRAL,GOLD  Gold Spot Price,1285.3,1287.6,1282.0,1285.9,16.2,
04/17/2017,GOLD,1250.0,1295.0,1288.0,BULLISH,GOLD  Gold Spot Price,1291.8,1294.8,1284.3,1289.4,16.2,
04/18/2017,GOLD,1253.0,1298.0,1291.0,BULLISH,GOLD  Gold Spot Price,1283.9,1291.7,1278.6,1291.7,15.67,
04/19/2017,GOLD,1256.0,1306.0,1294.0,BULLISH,GOLD  Gold Spot Price,1288.0,1288.0,1274.0,1281.4,14.5,
04/20/2017,GOLD,1245.0,1306.0,1283.0,BULLISH,GOLD  Gold Spot Price,1279.7,1281.9,1276.2,1281.9,14.54,
04/21/2017,GOLD,1252.0,1306.0,1283.0,BULLISH,GOLD  Gold Spot Price,1279.8,1287.4,1279.2,1287.4,15.31,
04/24/2017,GOLD,1258.0,1306.0,1289.0,BULLISH,GOLD  Gold Spot Price,1275.0,1276.4,1265.0,1275.8,12.29,
04/25/2017,GOLD,1263.0,1298.0,1277.0,BULLISH,GOLD  Gold Spot Price,1275.6,1276.9,1262.1,1265.6,12.45,
04/26/2017,GOLD,1261.0,1298.0,1267.0,BULLISH,GOLD  Gold Spot Price,1266.0,1266.0,1262.1,1262.1,12.02,
04/27/2017,GOLD,1260.0,1300.0,1264.0,BULLISH,GOLD  Gold Spot Price,1266.7,1267.2,1262.2,1263.7,11.53,
04/28/2017,GOLD,1259.0,1300.0,1265.0,BULLISH,GOLD  Gold Spot Price,1265.9,1267.2,1264.7,1266.1,11.6,
05/01/2017,GOLD,1255.0,1300.0,1268.0,BULLISH,GOLD  Gold Spot Price,1268.7,1269.3,1253.3,1253.3,12.35,
05/02/2017,GOLD,1250.0,1295.0,1255.0,BULLISH,GOLD  Gold Spot Price,1256.2,1256.2,1251.2,1255.1,12.38,
05/03/2017,GOLD,1244.0,1293.0,1257.0,BULLISH,GOLD  Gold Spot Price,1255.1,1255.8,1238.7,1246.4,12.54,
05/04/2017,GOLD,1235.0,1290.0,1248.0,BULLISH,GOLD  Gold Spot Price,1239.8,1239.8,1224.2,1226.5,12.41,
05/05/2017,GOLD,1220.0,1260.0,1228.0,NEUTRAL,GOLD  Gold Spot Price,1227.0,1233.7,1224.8,1224.8,12.01,
05/08/2017,GOLD,1220.0,1253.0,1226.0,NEUTRAL,GOLD  Gold Spot Price,1224.0,1234.0,1224.0,1225.3,11.95,
05/09/2017,GOLD,1215.0,1255.0,1227.0,BEARISH,GOLD  Gold Spot Price,1226.1,1226.2,1214.0,1214.3,12.1,
05/10/2017,GOLD,1206.0,1243.0,1216.0,BEARISH,GOLD  Gold Spot Price,1219.8,1220.2,1217.3,1217.3,11.2,
05/11/2017,GOLD,1202.0,1239.0,1218.0,BEARISH,GOLD  Gold Spot Price,1218.5,1222.7,1218.3,1222.7,11.24,
05/12/2017,GOLD,1200.0,1239.0,1224.0,BEARISH,GOLD  Gold Spot Price,1228.0,1229.5,1226.1,1226.2,11.13,
05/15/2017,GOLD,1204.0,1246.0,1227.0,BEARISH,GOLD  Gold Spot Price,1227.5,1232.7,1227.5,1228.6,11.28,
05/16/2017,GOLD,1209.0,1245.0,1230.0,BEARISH,GOLD  Gold Spot Price,1230.4,1237.3,1230.4,1235.0,11.19,
05/17/2017,GOLD,1213.0,1249.0,1236.0,BEARISH,GOLD  Gold Spot Price,1241.0,1259.2,1240.7,1257.5,13.03,
05/18/2017,GOLD,1206.0,1262.0,1258.0,NEUTRAL,GOLD  Gold Spot Price,1254.8,1260.0,1245.8,1251.7,12.95,
05/19/2017,GOLD,1205.0,1262.0,1252.0,NEUTRAL,GOLD  Gold Spot Price,1252.7,1252.7,1252.7,1252.7,12.04,
05/22/2017,GOLD,1206.0,1266.0,1253.0,NEUTRAL,GOLD  Gold Spot Price,1251.7,1260.7,1251.7,1260.7,12.32,
05/23/2017,GOLD,1210.0,1270.0,1261.0,NEUTRAL,GOLD  Gold Spot Price,1261.5,1261.6,1250.6,1254.8,11.89,
05/24/2017,GOLD,1215.0,1272.0,1255.0,NEUTRAL,GOLD  Gold Spot Price,1251.9,1257.8,1249.7,1252.4,11.75,
05/25/2017,GOLD,1220.0,1272.0,1253.0,NEUTRAL,GOLD  Gold Spot Price,1257.1,1258.3,1255.8,1255.8,11.2,
05/26/2017,,,,,,,1267.6,1267.6,1267.6,1267.6,11.59,YES
05/30/2017,GOLD,1235.0,1272.0,1268.0,NEUTRAL,GOLD  Gold Spot Price,1267.4,1270.0,1258.4,1262.1,11.62,
05/31/2017,GOLD,1244.0,1270.0,1266.0,NEUTRAL,GOLD  Gold Spot Price,1262.4,1273.2,1258.5,1272.0,11.82,
06/01/2017,GOLD,1245.0,1275.0,1275.0,NEUTRAL,GOLD  Gold Spot Price,1268.0,1269.2,1260.8,1267.0,11.81,
06/02/2017,GOLD,1247.0,1275.0,1270.0,NEUTRAL,GOLD  Gold Spot Price,1265.2,1279.0,1259.0,1276.8,12.09,
06/05/2017,GOLD,1256.0,1284.0,1280.0,NEUTRAL,GOLD  Gold Spot Price,1279.2,1282.0,1277.0,1279.3,12.44,
06/06/2017,GOLD,1255.0,1284.0,1282.0,NEUTRAL,GOLD  Gold Spot Price,1279.4,1295.2,1279.4,1294.4,13.23,
06/07/2017,GOLD,1261.0,1298.0,1297.0,BULLISH,GOLD  Gold Spot Price,1291.6,1293.1,1284.3,1290.1,13.16,
06/08/2017,GOLD,1264.0,1302.0,1293.0,BULLISH,GOLD  Gold Spot Price,1285.4,1287.6,1268.1,1276.3,12.62,
06/09/2017,GOLD,1258.0,1302.0,1279.0,BULLISH,GOLD  Gold Spot Price,1277.9,1277.9,1264.6,1268.5,12.5,
06/12/2017,GOLD,1260.0,1300.0,1271.0,BULLISH,GOLD  Gold Spot Price,1266.4,1269.3,1263.2,1266.1,12.41,
06/13/2017,GOLD,1252.0,1298.0,1268.0,BULLISH,GOLD  Gold Spot Price,1264.1,1266.9,1259.7,1265.8,12.16,
06/14/2017,GOLD,1252.0,1300.0,1268.0,BULLISH,GOLD  Gold Spot Price,1269.4,1278.0,1256.8,1272.8,11.5,
06/15/2017,GOLD,1252.0,1299.0,1275.0,BULLISH,GOLD  Gold Spot Price,1263.2,1264.2,1250.3,1252.2,11.03,
06/16/2017,GOLD,1249.0,1298.0,1254.0,BULLISH,GOLD  Gold Spot Price,1252.8,1255.3,1251.3,1254.0,10.16,
06/19/2017,GOLD,1245.0,1295.0,1256.0,BULLISH,GOLD  Gold Spot Price,1252.1,1252.2,1241.9,1244.2,10.69,
06/20/2017,GOLD,1244.0,1292.0,1256.0,BULLISH,GOLD  Gold Spot Price,1242.2,1245.5,1240.5,1241.0,11.14,
06/21/2017,GOLD,1239.0,1289.0,1243.0,BULLISH,GOLD  Gold Spot Price,1244.1,1245.0,1240.0,1243.4,11.25,
06/22/2017,GOLD,1240.0,1284.0,1245.0,BULLISH,GOLD  Gold Spot Price,1251.0,1252.7,1246.3,1247.6,11.24,
06/23/2017,GOLD,1235.0,1280.0,1249.0,BULLISH,GOLD  Gold Spot Price,1250.0,1273.6,1249.8,1256.2,10.86,
06/26/2017,GOLD,1235.0,1279.0,1256.0,BULLISH,GOLD  Gold Spot Price,1260.2,1260.2,1241.6,1246.3,11.05,
06/27/2017,GOLD,1235.0,1275.0,1246.0,BULLISH,GOLD  Gold Spot Price,1251.6,1251.8,1245.9,1246.4,11.96,
06/28/2017,GOLD,1239.0,1268.0,1246.0,BULLISH,GOLD  Gold Spot Price,1248.5,1248.5,1248.0,1248.0,11.38,
06/29/2017,GOLD,1239.0,1267.0,1249.0,BULLISH,GOLD  Gold Spot Price,1248.2,1250.7,1238.1,1244.2,11.21,
06/30/2017,GOLD,1238.0,1266.0,1245.0,BULLISH,GOLD  Gold Spot Price,1243.7,1243.7,1239.1,1240.7,11.0,
07/03/2017,GOLD,1233.0,1266.0,1242.0,BULLISH,GOLD  Gold Spot Price,1236.0,1236.0,1217.9,1217.9,11.93,
07/05/2017,GOLD,1216.0,1265.0,1219.0,BULLISH,GOLD  Gold Spot Price,1222.5,1225.0,1217.1,1220.4,11.88,
07/06/2017,GOLD,1216.0,1265.0,1221.0,BULLISH,GOLD  Gold Spot Price,1225.1,1225.1,1222.2,1222.2,11.72,
07/07/2017,,,,,,,1219.1,1220.4,1208.6,1208.6,12.54,YES
07/10/2017,GOLD,1204.0,1249.0,1209.0,NEUTRAL,GOLD  Gold Spot Price,1211.4,1212.1,1209.6,1212.1,12.22,
07/11/2017,,,,,,,1208.7,1214.9,1208.7,1213.6,12.3,YES
07/12/2017,GOLD,1200.0,1255.0,1214.0,NEUTRAL,GOLD  Gold Spot Price,1218.3,1219.4,1217.9,1218.1,11.56,
07/13/2017,GOLD,1203.0,1256.0,1219.0,NEUTRAL,GOLD  Gold Spot Price,1221.4,1221.4,1216.3,1216.3,11.29,
07/14/2017,GOLD,1201.0,1245.0,1217.0,NEUTRAL,GOLD  Gold Spot Price,1214.9,1227.5,1214.8,1226.6,11.11,
07/17/2017,GOLD,1207.0,1244.0,1227.0,NEUTRAL,GOLD  Gold Spot Price,1229.9,1233.4,1229.9,1232.8,11.08,
07/18/2017,GOLD,1205.0,1244.0,1233.0,NEUTRAL,GOLD  Gold Spot Price,1236.2,1241.2,1236.2,1241.1,11.14,
07/19/2017,GOLD,1220.0,1245.0,1241.0,NEUTRAL,GOLD  Gold Spot Price,1240.4,1241.2,1240.1,1241.2,11.08,
07/20/2017,GOLD,1222.0,1248.0,1242.0,NEUTRAL,GOLD  Gold Spot Price,1236.6,1244.8,1236.6,1244.8,10.85,
07/21/2017,GOLD,1225.0,1253.0,1245.0,NEUTRAL,GOLD  Gold Spot Price,1250.7,1254.3,1250.5,1254.3,11.22,
07/24/2017,GOLD,1230.0,1260.0,1254.0,NEUTRAL,GOLD  Gold Spot Price,1256.0,1256.0,1253.9,1253.9,11.8,
07/25/2017,GOLD,1212.0,1264.0,1254.0,NEUTRAL,GOLD  Gold Spot Price,1252.7,1253.6,1249.2,1251.7,12.07,
07/26/2017,GOLD,1214.0,1265.0,1252.0,NEUTRAL,GOLD  Gold Spot Price,1244.8,1249.0,1244.8,1249.0,11.63,
07/27/2017,GOLD,1225.0,1265.0,1249.0,NEUTRAL,GOLD  Gold Spot Price,1259.6,1259.6,1259.6,1259.6,11.24,
07/28/2017,GOLD,1231.0,1264.0,1260.0,NEUTRAL,GOLD  Gold Spot Price,1258.4,1270.0,1256.9,1268.4,11.44,
07/31/2017,GOLD,1235.0,1279.0,1275.0,BULLISH,GOLD  Gold Spot Price,1268.9,1270.8,1265.8,1266.6,11.61,
08/01/2017,GOLD,1235.0,1280.0,1273.0,BULLISH,GOLD  Gold Spot Price,1268.4,1273.3,1262.0,1272.6,11.28,
08/02/2017,GOLD,1239.0,1284.0,1279.0,BULLISH,GOLD  Gold Spot Price,1268.5,1272.1,1262.9,1271.8,11.24,
08/03/2017,GOLD,1241.0,1287.0,1278.0,BULLISH,GOLD  Gold Spot Price,1265.9,1269.8,1256.6,1267.8,11.31,
08/04/2017,,,,,,,1269.0,1269.6,1253.9,1258.3,10.87,YES
08/07/2017,GOLD,1245.0,1289.0,1264.0,BULLISH,GOLD  Gold Spot Price,1258.7,1259.1,1255.3,1258.2,10.73,
08/08/2017,GOLD,1248.0,1288.0,1264.0,BULLISH,GOLD  Gold Spot Price,1256.9,1264.1,1251.4,1256.4,11.1,
08/09/2017,GOLD,1248.0,1288.0,1262.0,BULLISH,GOLD  Gold Spot Price,1260.2,1277.8,1260.2,1273.0,12.31,
08/10/2017,GOLD,1255.0,1286.0,1279.0,BULLISH,GOLD  Gold Spot Price,1276.6,1287.4,1274.9,1283.7,13.43,
08/11/2017,GOLD,1258.0,1292.0,1290.0,BULLISH,GOLD  Gold Spot Price,1286.3,1291.1,1282.0,1287.7,13.45,
08/14/2017,GOLD,1260.0,1297.0,1294.0,BULLISH,GOLD  Gold Spot Price,1288.4,1288.4,1278.8,1284.2,12.11,
08/15/2017,GOLD,1255.0,1298.0,1290.0,BULLISH,GOLD  Gold Spot Price,1280.5,1280.5,1267.4,1273.7,12.2,
08/16/2017,GOLD,1255.0,1301.0,1279.0,BULLISH,GOLD  Gold Spot Price,1271.3,1282.6,1269.4,1276.9,12.58,
08/17/2017,GOLD,1266.0,1302.0,1282.0,BULLISH,GOLD  Gold Spot Price,1283.8,1288.5,1283.2,1286.4,13.34,
08/18/2017,GOLD,1260.0,1304.0,1292.0,BULLISH,GOLD  Gold Spot Price,1288.6,1300.7,1284.3,1285.7,12.12,
08/21/2017,GOLD,1265.0,1305.0,1291.0,BULLISH,GOLD  Gold Spot Price,1285.2,1290.8,1284.7,1290.8,13.01,
08/22/2017,GOLD,1265.0,1305.0,1296.0,BULLISH,GOLD  Gold Spot Price,1287.2,1288.4,1283.2,1285.1,12.49,
08/23/2017,GOLD,1270.0,1302.0,1291.0,BULLISH,GOLD  Gold Spot Price,1289.4,1289.4,1286.9,1288.9,12.68,
08/24/2017,GOLD,1272.0,1304.0,1294.0,BULLISH,GOLD  Gold Spot Price,1288.7,1288.7,1284.0,1286.5,12.76,
08/25/2017,GOLD,1276.0,1302.0,1292.0,BULLISH,GOLD  Gold Spot Price,1285.4,1292.7,1280.3,1292.5,12.63,
08/28/2017,GOLD,1280.0,1305.0,1297.0,BULLISH,GOLD  Gold Spot Price,1293.5,1311.3,1293.5,1309.7,14.2,
08/29/2017,GOLD,1281.0,1329.0,1315.0,BULLISH,GOLD  Gold Spot Price,1318.8,1323.8,1313.1,1313.1,13.5,
08/30/2017,GOLD,1283.0,1321.0,1318.0,BULLISH,GOLD  Gold Spot Price,1308.2,1312.5,1304.9,1308.1,12.78,
08/31/2017,GOLD,1281.0,1323.0,1314.0,BULLISH,GOLD  Gold Spot Price,1306.6,1322.3,1301.7,1316.2,13.26,
09/01/2017,GOLD,1288.0,1329.0,1322.0,BULLISH,GOLD  Gold Spot Price,1320.2,1327.7,1316.9,1324.5,12.73,
09/05/2017,GOLD,1290.0,1337.0,1330.0,BULLISH,GOLD  Gold Spot Price,1335.2,1339.2,1328.6,1339.2,14.3,
09/06/2017,GOLD,1304.0,1347.0,1344.0,BULLISH,GOLD  Gold Spot Price,1340.0,1340.3,1332.6,1333.9,14.17,
09/07/2017,GOLD,1305.0,1353.0,1339.0,BULLISH,GOLD  Gold Spot Price,1336.4,1349.0,1336.4,1345.1,14.49,
09/08/2017,GOLD,1305.0,1359.0,1350.0,BULLISH,GOLD  Gold Spot Price,1351.0,1355.8,1345.6,1346.0,13.77,
09/11/2017,GOLD,1306.0,1360.0,1351.0,BULLISH,GOLD  Gold Spot Price,1331.0,1331.0,1327.3,1331.0,13.28,
09/12/2017,GOLD,1307.0,1360.0,1335.0,BULLISH,GOLD  Gold Spot Price,1327.0,1328.0,1325.2,1328.0,11.56,
09/13/2017,GOLD,1309.0,1359.0,1332.0,BULLISH,GOLD  Gold Spot Price,1323.4,1323.4,1323.4,1323.4,11.98,
09/14/2017,GOLD,1315.0,1357.0,1328.0,BULLISH,GOLD  Gold Spot Price,1319.6,1329.3,1319.6,1324.7,12.19,
09/15/2017,GOLD,1320.0,1355.0,1329.0,BULLISH,GOLD  Gold Spot Price,1320.6,1321.2,1319.8,1320.4,12.06,
09/18/2017,GOLD,1310.0,1354.0,1325.0,BULLISH,GOLD  Gold Spot Price,1309.8,1310.4,1306.0,1306.3,12.69,
09/19/2017,GOLD,1306.0,1357.0,1310.0,BULLISH,GOLD  Gold Spot Price,1307.9,1310.3,1305.1,1306.2,12.27,
09/20/2017,GOLD,1303.0,1356.0,1310.0,BULLISH,GOLD  Gold Spot Price,1312.0,1312.0,1298.7,1312.0,12.32,
09/21/2017,GOLD,1284.0,1328.0,1316.0,NEUTRAL,GOLD  Gold Spot Price,1299.1,1304.1,1290.3,1290.6,12.19,
09/22/2017,GOLD,1290.0,1320.0,1294.0,NEUTRAL,GOLD  Gold Spot Price,1295.0,1295.7,1293.3,1293.3,12.37,
09/25/2017,GOLD,1284.0,1316.0,1297.0,NEUTRAL,GOLD  Gold Spot Price,1293.1,1309.2,1291.0,1306.8,13.77,
09/26/2017,GOLD,1285.0,1320.0,1311.0,NEUTRAL,GOLD  Gold Spot Price,1304.5,1305.6,1297.0,1297.0,13.32,
09/27/2017,GOLD,1283.0,1310.0,1301.0,NEUTRAL,GOLD  Gold Spot Price,1283.4,1283.4,1283.4,1283.4,12.99,
09/28/2017,GOLD,1281.0,1325.0,1287.0,NEUTRAL,GOLD  Gold Spot Price,1283.1,1288.0,1277.0,1285.5,11.75,
09/29/2017,GOLD,1280.0,1321.0,1288.0,NEUTRAL,GOLD  Gold Spot Price,1284.2,1289.4,1281.5,1281.5,11.77,
10/02/2017,GOLD,1267.0,1305.0,1284.0,BEARISH,GOLD  Gold Spot Price,1275.0,1276.1,1270.4,1272.7,11.72,
10/03/2017,GOLD,1261.0,1303.0,1275.0,BEARISH,GOLD  Gold Spot Price,1269.7,1273.3,1268.6,1271.5,11.38,
10/04/2017,GOLD,1261.0,1301.0,1274.0,BEARISH,GOLD  Gold Spot Price,1273.8,1280.8,1270.0,1273.7,11.41,
10/05/2017,GOLD,1262.0,1299.0,1276.0,BEARISH,GOLD  Gold Spot Price,1277.8,1277.8,1267.6,1269.9,11.4,
10/06/2017,GOLD,1259.0,1297.0,1273.0,BEARISH,GOLD  Gold Spot Price,1267.6,1272.0,1260.5,1271.6,11.53,
10/09/2017,GOLD,1262.0,1298.0,1274.0,BEARISH,GOLD  Gold Spot Price,1280.6,1284.0,1279.0,1281.8,11.96,
10/10/2017,GOLD,1262.0,1296.0,1274.0,BEARISH,GOLD  Gold Spot Price,1282.6,1293.0,1281.7,1290.6,12.22,
10/11/2017,GOLD,1262.0,1296.0,1289.0,NEUTRAL,GOLD  Gold Spot Price,1287.3,1292.0,1284.9,1285.8,12.13,
10/12/2017,GOLD,1265.0,1298.0,1288.0,NEUTRAL,GOLD  Gold Spot Price,1291.5,1294.5,1289.3,1293.3,11.82,
10/13/2017,GOLD,1265.0,1299.0,1296.0,BEARISH,GOLD  Gold Spot Price,1293.3,1301.7,1291.7,1301.5,11.76,
10/16/2017,GOLD,1263.0,1307.0,1304.0,BEARISH,GOLD  Gold Spot Price,1302.0,1303.8,1291.9,1299.9,12.13,
10/17/2017,GOLD,1264.0,1309.0,1303.0,BEARISH,GOLD  Gold Spot Price,1295.1,1295.1,1283.0,1283.0,11.64,
10/18/2017,GOLD,1265.0,1309.0,1286.0,BEARISH,GOLD  Gold Spot Price,1279.9,1279.9,1279.9,1279.9,11.88,
10/19/2017,GOLD,1264.0,1310.0,1283.0,BEARISH,GOLD  Gold Spot Price,1286.4,1286.9,1285.1,1286.9,11.94,
10/20/2017,GOLD,1265.0,1310.0,1290.0,BEARISH,GOLD  Gold Spot Price,1279.6,1279.6,1277.4,1277.4,11.49,
10/23/2017,GOLD,1265.0,1305.0,1280.0,BEARISH,GOLD  Gold Spot Price,1274.7,1280.8,1271.5,1277.7,11.69,
10/24/2017,GOLD,1270.0,1305.0,1280.0,BEARISH,GOLD  Gold Spot Price,1275.5,1275.5,1273.7,1275.0,11.73,
10/25/2017,GOLD,1266.0,1291.0,1278.0,BEARISH,GOLD  Gold Spot Price,1269.9,1275.4,1269.9,1275.4,12.02,
10/26/2017,GOLD,1266.0,1291.0,1279.0,BEARISH,GOLD  Gold Spot Price,1273.5,1273.5,1264.7,1266.3,11.62,
10/27/2017,GOLD,1262.0,1289.0,1269.0,BEARISH,GOLD  Gold Spot Price,1268.4,1268.5,1267.1,1268.5,11.48,
10/30/2017,GOLD,1266.0,1292.0,1271.0,BEARISH,GOLD  Gold Spot Price,1270.0,1274.1,1267.9,1274.1,11.74,
10/31/2017,GOLD,1266.0,1291.0,1277.0,BEARISH,GOLD  Gold Spot Price,1273.1,1274.6,1266.1,1267.0,11.81,
11/01/2017,GOLD,1265.0,1290.0,1270.0,BEARISH,GOLD  Gold Spot Price,1272.2,1274.8,1270.3,1274.1,11.8,
11/02/2017,GOLD,1265.0,1289.0,1277.0,BEARISH,GOLD  Gold Spot Price,1274.9,1274.9,1274.9,1274.9,10.95,
11/03/2017,GOLD,1265.0,1290.0,1278.0,BEARISH,GOLD  Gold Spot Price,1265.3,1267.9,1265.3,1266.5,10.65,
11/06/2017,GOLD,1260.0,1284.0,1269.0,BEARISH,GOLD  Gold Spot Price,1269.0,1280.5,1269.0,1279.4,10.94,
11/07/2017,GOLD,1260.0,1284.0,1281.0,BEARISH,GOLD  Gold Spot Price,1276.8,1276.8,1270.4,1273.7,10.98,
11/08/2017,GOLD,1260.0,1284.0,1275.0,BEARISH,GOLD  Gold Spot Price,1275.9,1284.9,1274.7,1281.6,11.32,
11/09/2017,GOLD,1260.0,1290.0,1283.0,BEARISH,GOLD  Gold Spot Price,1279.7,1286.9,1279.7,1285.6,11.73,
11/10/2017,GOLD,1265.0,1290.0,1287.0,BEARISH,GOLD  Gold Spot Price,1283.5,1283.5,1272.4,1272.4,11.68,
11/13/2017,GOLD,1265.0,1289.0,1274.0,BEARISH,GOLD  Gold Spot Price,1277.3,1277.3,1277.0,1277.3,11.53,
11/14/2017,GOLD,1266.0,1288.0,1278.0,BEARISH,GOLD  Gold Spot Price,1276.9,1281.5,1276.9,1281.5,11.61,
11/15/2017,GOLD,1267.0,1291.0,1282.0,BEARISH,GOLD  Gold Spot Price,1281.4,1284.7,1275.9,1276.5,11.75,
11/16/2017,GOLD,1265.0,1290.0,1277.0,BEARISH,GOLD  Gold Spot Price,1277.5,1277.5,1277.4,1277.4,11.02,
11/17/2017,GOLD,1265.0,1290.0,1278.0,BEARISH,GOLD  Gold Spot Price,1288.3,1295.8,1288.3,1295.8,10.62,
11/20/2017,GOLD,1269.0,1297.0,1296.0,BEARISH,GOLD  Gold Spot Price,1274.6,1275.9,1274.6,1274.6,11.18,
11/21/2017,GOLD,1266.0,1294.0,1275.0,BEARISH,GOLD  Gold Spot Price,1281.1,1281.1,1281.1,1281.1,10.84,
11/22/2017,GOLD,1265.0,1290.0,1281.0,BEARISH,GOLD  Gold Spot Price,1284.7,1291.6,1282.9,1291.6,10.75,
11/24/2017,GOLD,1265.0,1297.0,1292.0,BEARISH,GOLD  Gold Spot Price,1286.7,1286.7,1286.7,1286.7,10.58,
11/27/2017,GOLD,1267.0,1299.0,1287.0,BEARISH,GOLD  Gold Spot Price,1293.8,1293.8,1293.8,1293.8,10.72,
11/28/2017,GOLD,1269.0,1299.0,1294.0,BEARISH,GOLD  Gold Spot Price,1294.7,1294.7,1294.7,1294.7,10.64,
11/29/2017,GOLD,1270.0,1305.0,1299.0,BEARISH,GOLD  Gold Spot Price,1293.4,1296.2,1281.1,1282.1,11.02,
11/30/2017,GOLD,1270.0,1300.0,1286.0,BEARISH,GOLD  Gold Spot Price,1283.1,1284.5,1269.7,1273.2,11.79,
12/01/2017,GOLD,1270.0,1300.0,1276.0,BEARISH,GOLD  Gold Spot Price,1274.1,1288.6,1271.0,1278.8,11.39,
12/04/2017,GOLD,1265.0,1300.0,1282.0,BEARISH,GOLD  Gold Spot Price,1272.5,1276.1,1270.3,1274.3,11.38,
12/05/2017,GOLD,1268.0,1299.0,1277.0,BEARISH,GOLD  Gold Spot Price,1275.4,1275.8,1260.0,1261.6,12.28,
12/06/2017,GOLD,1261.0,1285.0,1264.0,BEARISH,GOLD  Gold Spot Price,1264.9,1267.8,1261.6,1262.8,11.67,
12/07/2017,GOLD,1249.0,1282.0,1266.0,BEARISH,GOLD  Gold Spot Price,1262.3,1262.4,1243.9,1249.8,12.99,
12/08/2017,,,,,,,1246.3,1249.3,1241.5,1245.2,11.7,YES
12/11/2017,GOLD,1241.0,1273.0,1248.0,BEARISH,GOLD  Gold Spot Price,1248.4,1249.2,1239.9,1243.7,11.46,
12/12/2017,GOLD,1237.0,1267.0,1246.0,BEARISH,GOLD  Gold Spot Price,1241.3,1244.4,1236.5,1238.5,12.14,
12/13/2017,GOLD,1231.0,1261.0,1241.0,BEARISH,GOLD  Gold Spot Price,1241.9,1254.5,1239.8,1245.4,10.87,
12/14/2017,GOLD,1230.0,1270.0,1248.0,BEARISH,GOLD  Gold Spot Price,1252.9,1257.7,1250.3,1253.8,10.4,
12/15/2017,GOLD,1230.0,1271.0,1257.0,BEARISH,GOLD  Gold Spot Price,1253.1,1260.3,1253.1,1254.3,9.43,
12/18/2017,GOLD,1239.0,1268.0,1257.0,BEARISH,GOLD  Gold Spot Price,1256.2,1262.4,1255.7,1262.2,9.93,
12/19/2017,GOLD,1237.0,1271.0,1265.0,BEARISH,GOLD  Gold Spot Price,1261.1,1264.3,1259.5,1260.7,10.32,
12/20/2017,GOLD,1238.0,1274.0,1264.0,BEARISH,GOLD  Gold Spot Price,1261.3,1266.6,1261.3,1266.1,9.79,
12/21/2017,GOLD,1238.0,1273.0,1269.0,BEARISH,GOLD  Gold Spot Price,1266.4,1267.4,1264.3,1267.3,9.64,
12/22/2017,GOLD,1237.0,1276.0,1270.0,BEARISH,GOLD  Gold Spot Price,1266.3,1276.3,1266.3,1275.4,10.01,
12/26/2017,GOLD,1240.0,1285.0,1278.0,BEARISH,GOLD  Gold Spot Price,1282.4,1284.1,1281.8,1284.1,11.17,
12/27/2017,GOLD,1241.0,1289.0,1287.0,BEARISH,GOLD  Gold Spot Price,1284.0,1287.0,1284.0,1287.0,10.73,
12/28/2017,GOLD,1249.0,1295.0,1291.0,BEARISH,GOLD  Gold Spot Price,1288.2,1294.1,1288.2,1294.1,10.43,
12/29/2017,GOLD,1249.0,1303.0,1297.0,BEARISH,GOLD  Gold Spot Price,1294.2,1306.3,1294.0,1306.3,10.96,
01/02/2018,GOLD,1255.0,1315.0,1309.0,BULLISH,GOLD  Gold Spot Price,1302.3,1317.6,1302.3,1313.7,11.96,
01/03/2018,GOLD,1253.0,1322.0,1316.0,BULLISH,GOLD  Gold Spot Price,1320.0,1320.1,1312.1,1316.2,11.56,
01/04/2018,GOLD,1259.0,1329.0,1318.0,BULLISH,GOLD  Gold Spot Price,1319.4,1322.0,1319.4,1319.4,11.8,
01/05/2018,GOLD,1265.0,1332.0,1321.0,BULLISH,GOLD  Gold Spot Price,1320.3,1320.3,1320.3,1320.3,11.26,
01/08/2018,GOLD,1274.0,1334.0,1322.0,BULLISH,GOLD  Gold Spot Price,1319.9,1319.9,1314.6,1318.6,11.19,
01/09/2018,GOLD,1280.0,1335.0,1320.0,BULLISH,GOLD  Gold Spot Price,1309.6,1311.7,1309.6,1311.7,10.79,
01/10/2018,GOLD,1284.0,1334.0,1313.0,BULLISH,GOLD  Gold Spot Price,1320.3,1320.7,1315.3,1317.4,10.79,
01/11/2018,GOLD,1290.0,1332.0,1319.0,BULLISH,GOLD  Gold Spot Price,1317.1,1320.6,1316.3,1320.6,10.96,
01/12/2018,GOLD,1291.0,1332.0,1322.0,BULLISH,GOLD  Gold Spot Price,1327.8,1338.2,1327.8,1333.4,11.62,
01/16/2018,GOLD,1298.0,1339.0,1334.0,BULLISH,GOLD  Gold Spot Price,1331.1,1335.4,1331.0,1335.4,12.09,
01/17/2018,GOLD,1300.0,1340.0,1337.0,BULLISH,GOLD  Gold Spot Price,1334.4,1338.0,1326.8,1338.0,11.77,
01/18/2018,GOLD,1305.0,1343.0,1339.0,BULLISH,GOLD  Gold Spot Price,1328.9,1328.9,1326.0,1326.0,12.26,
01/19/2018,GOLD,1306.0,1344.0,1327.0,BULLISH,GOLD  Gold Spot Price,1330.1,1333.0,1330.1,1331.9,11.43,
01/22/2018,GOLD,1308.0,1345.0,1333.0,BULLISH,GOLD  Gold Spot Price,1328.4,1330.9,1328.4,1330.9,11.66,
01/23/2018,GOLD,1310.0,1346.0,1331.0,BULLISH,GOLD  Gold Spot Price,1335.8,1335.9,1335.7,1335.7,11.72,
01/24/2018,GOLD,1320.0,1354.0,1336.0,BULLISH,GOLD  Gold Spot Price,1355.9,1357.2,1355.9,1355.9,13.38,
01/25/2018,GOLD,1330.0,1362.0,1356.0,BULLISH,GOLD  Gold Spot Price,1356.3,1362.4,1346.7,1362.4,13.04,
01/26/2018,GOLD,1335.0,1365.0,1362.0,BULLISH,GOLD  Gold Spot Price,1351.6,1352.0,1350.9,1351.6,12.98,
01/30/2018,GOLD,1318.0,1366.0,1340.0,BULLISH,GOLD  Gold Spot Price,1338.7,1347.8,1332.8,1335.4,13.86,
01/31/2018,GOLD,1320.0,1365.0,1340.0,BULLISH,GOLD  Gold Spot Price,1337.5,1346.9,1331.8,1339.0,12.97,
02/01/2018,GOLD,1322.0,1365.0,1343.0,BULLISH,GOLD  Gold Spot Price,1343.8,1350.6,1336.8,1344.3,12.32,
02/02/2018,GOLD,1325.0,1365.0,1347.0,BULLISH,GOLD  Gold Spot Price,1348.5,1352.1,1327.7,1333.7,13.11,
02/05/2018,,,,,,,1331.1,1340.2,1329.0,1333.0,14.35,YES
02/06/2018,,,,,,,1338.2,1343.7,1319.5,1326.1,13.8,YES
02/07/2018,GOLD,1321.0,1362.0,1329.0,BULLISH,GOLD  Gold Spot Price,1325.4,1331.1,1310.5,1311.6,13.62,
02/08/2018,GOLD,1305.0,1360.0,1314.0,BULLISH,GOLD  Gold Spot Price,1317.1,1321.1,1307.0,1316.9,14.85,
02/09/2018,GOLD,1305.0,1356.0,1319.0,BULLISH,GOLD  Gold Spot Price,1320.9,1322.0,1311.9,1313.1,14.93,
02/12/2018,GOLD,1305.0,1355.0,1315.0,BULLISH,GOLD  Gold Spot Price,1323.8,1325.5,1318.0,1324.2,14.37,
02/13/2018,GOLD,1306.0,1354.0,1326.0,BULLISH,GOLD  Gold Spot Price,1324.5,1329.6,1323.4,1328.1,14.07,
02/14/2018,GOLD,1306.0,1350.0,1330.0,BULLISH,GOLD  Gold Spot Price,1332.8,1355.5,1324.0,1355.5,14.97,
02/15/2018,GOLD,1307.0,1358.0,1358.0,BULLISH,GOLD  Gold Spot Price,1352.0,1355.9,1349.7,1352.1,15.03,
02/16/2018,GOLD,1310.0,1362.0,1355.0,BULLISH,GOLD  Gold Spot Price,1354.0,1361.4,1344.9,1353.2,13.96,
02/20/2018,GOLD,1310.0,1368.0,1356.0,BULLISH,GOLD  Gold Spot Price,1348.4,1350.2,1328.5,1328.8,14.08,
02/21/2018,GOLD,1300.0,1365.0,1331.0,BULLISH,GOLD  Gold Spot Price,1326.8,1331.5,1324.4,1330.0,13.83,
02/22/2018,,,,,,,1322.0,1331.4,1322.0,1330.6,13.47,YES
02/23/2018,GOLD,1302.0,1366.0,1332.0,BULLISH,GOLD  Gold Spot Price,1328.0,1332.1,1327.7,1328.2,11.97,
02/26/2018,GOLD,1312.0,1364.0,1330.0,BULLISH,GOLD  Gold Spot Price,1335.0,1340.5,1330.7,1330.7,11.89,
02/27/2018,GOLD,1313.0,1364.0,1332.0,BULLISH,GOLD  Gold Spot Price,1331.7,1332.6,1312.7,1315.5,11.76,
02/28/2018,GOLD,1310.0,1365.0,1318.0,BULLISH,GOLD  Gold Spot Price,1315.4,1321.0,1315.4,1315.5,11.74,
03/01/2018,GOLD,1305.0,1360.0,1317.0,BULLISH,GOLD  Gold Spot Price,1310.4,1318.1,1301.8,1302.9,12.07,
03/02/2018,GOLD,1300.0,1350.0,1305.0,BULLISH,GOLD  Gold Spot Price,1314.3,1323.2,1314.3,1321.1,11.97,
03/05/2018,GOLD,1300.0,1350.0,1323.0,BULLISH,GOLD  Gold Spot Price,1323.5,1325.9,1318.1,1318.1,11.89,
03/06/2018,GOLD,1304.0,1342.0,1319.0,BULLISH,GOLD  Gold Spot Price,1321.6,1333.6,1321.4,1333.6,12.33,
03/07/2018,GOLD,1304.0,1342.0,1335.0,BULLISH,GOLD  Gold Spot Price,1338.1,1338.1,1326.0,1326.0,12.37,
03/08/2018,GOLD,1304.0,1341.0,1327.0,BULLISH,GOLD  Gold Spot Price,1324.8,1326.8,1319.3,1319.9,11.57,
03/09/2018,GOLD,1303.0,1340.0,1321.0,BULLISH,GOLD  Gold Spot Price,1316.8,1322.4,1313.0,1322.4,10.94,
03/12/2018,GOLD,1305.0,1338.0,1324.0,BULLISH,GOLD  Gold Spot Price,1319.4,1319.4,1319.4,1319.4,11.01,
03/13/2018,GOLD,1305.0,1337.0,1320.0,BULLISH,GOLD  Gold Spot Price,1325.9,1325.9,1325.3,1325.9,10.7,
03/14/2018,GOLD,1305.0,1339.0,1327.0,BULLISH,GOLD  Gold Spot Price,1322.2,1324.4,1322.2,1324.4,10.41,
03/15/2018,GOLD,1305.0,1340.0,1325.0,BULLISH,GOLD  Gold Spot Price,1316.8,1316.8,1316.8,1316.8,10.4,
03/16/2018,GOLD,1304.0,1335.0,1317.0,BULLISH,GOLD  Gold Spot Price,1310.1,1311.3,1310.1,1311.3,9.88,
03/19/2018,GOLD,1302.0,1335.0,1312.0,BULLISH,GOLD  Gold Spot Price,1309.4,1316.9,1307.3,1316.8,10.99,
03/20/2018,GOLD,1302.0,1332.0,1317.0,NEUTRAL,GOLD  Gold Spot Price,1311.1,1311.1,1311.1,1311.1,11.01,
03/21/2018,GOLD,1306.0,1331.0,1311.0,NEUTRAL,GOLD  Gold Spot Price,1312.4,1328.8,1312.4,1320.7,10.91,
03/22/2018,GOLD,1308.0,1335.0,1321.0,NEUTRAL,GOLD  Gold Spot Price,1326.6,1326.6,1326.6,1326.6,11.24,
03/23/2018,GOLD,1310.0,1345.0,1327.0,BULLISH,GOLD  Gold Spot Price,1343.2,1349.3,1343.2,1349.3,13.46,
03/26/2018,GOLD,1316.0,1352.0,1349.0,BULLISH,GOLD  Gold Spot Price,1348.5,1354.4,1345.1,1354.4,12.95,
03/27/2018,GOLD,1317.0,1357.0,1355.0,BULLISH,GOLD  Gold Spot Price,1341.0,1341.3,1341.0,1341.3,12.22,
03/28/2018,GOLD,1300.0,1359.0,1342.0,BULLISH,GOLD  Gold Spot Price,1345.0,1346.4,1322.4,1324.2,11.74,
03/29/2018,GOLD,1298.0,1358.0,1330.0,BULLISH,GOLD  Gold Spot Price,1324.0,1327.1,1321.7,1322.8,11.06,
04/02/2018,GOLD,1303.0,1359.0,1327.0,BULLISH,GOLD  Gold Spot Price,1327.0,1344.2,1324.7,1342.1,12.86,
04/03/2018,GOLD,1305.0,1360.0,1346.0,BULLISH,GOLD  Gold Spot Price,1340.4,1341.5,1328.5,1332.8,11.8,
04/04/2018,GOLD,1310.0,1360.0,1337.0,BULLISH,GOLD  Gold Spot Price,1331.8,1347.3,1331.6,1335.8,12.0,
04/05/2018,GOLD,1315.0,1358.0,1340.0,BULLISH,GOLD  Gold Spot Price,1333.5,1333.7,1322.6,1324.3,11.55,
04/06/2018,GOLD,1311.0,1356.0,1328.0,BULLISH,GOLD  Gold Spot Price,1326.5,1333.0,1319.0,1331.9,11.95,
04/09/2018,GOLD,1310.0,1357.0,1336.0,BULLISH,GOLD  Gold Spot Price,1333.0,1337.5,1327.0,1336.3,12.39,
04/10/2018,GOLD,1318.0,1358.0,1340.0,BULLISH,GOLD  Gold Spot Price,1335.2,1342.0,1333.0,1342.0,12.78,
04/11/2018,GOLD,1321.0,1356.0,1345.0,BULLISH,GOLD  Gold Spot Price,1340.1,1365.4,1340.1,1356.5,14.36,
04/12/2018,GOLD,1322.0,1364.0,1360.0,BULLISH,GOLD  Gold Spot Price,1351.2,1351.5,1334.6,1338.4,12.88,
04/13/2018,GOLD,1323.0,1360.0,1341.0,BULLISH,GOLD  Gold Spot Price,1335.9,1346.0,1335.9,1344.8,13.36,
04/16/2018,GOLD,1325.0,1360.0,1347.0,BULLISH,GOLD  Gold Spot Price,1341.0,1348.8,1341.0,1347.5,13.43,
04/17/2018,GOLD,1326.0,1361.0,1350.0,BULLISH,GOLD  Gold Spot Price,1348.0,1348.1,1339.0,1347.2,13.07,
04/18/2018,GOLD,1327.0,1362.0,1349.0,BULLISH,GOLD  Gold Spot Price,1343.5,1354.2,1343.5,1351.2,13.46,
04/19/2018,GOLD,1330.0,1362.0,1353.0,BULLISH,GOLD  Gold Spot Price,1348.6,1355.2,1341.6,1346.8,12.88,
04/20/2018,GOLD,1333.0,1361.0,1348.0,BULLISH,GOLD  Gold Spot Price,1342.5,1343.4,1335.3,1336.7,12.14,
04/23/2018,GOLD,1320.0,1360.0,1338.0,BULLISH,GOLD  Gold Spot Price,1334.0,1334.4,1322.5,1322.5,12.13,
04/24/2018,GOLD,1320.0,1356.0,1324.0,BULLISH,GOLD  Gold Spot Price,1326.4,1331.7,1326.2,1331.4,12.24,
04/25/2018,GOLD,1319.0,1359.0,1333.0,BULLISH,GOLD  Gold Spot Price,1324.0,1325.0,1320.0,1321.2,11.97,
04/26/2018,GOLD,1315.0,1341.0,1322.0,NEUTRAL,GOLD  Gold Spot Price,1315.7,1316.3,1315.7,1316.3,11.49,
04/27/2018,GOLD,1309.0,1338.0,1317.0,NEUTRAL,GOLD  Gold Spot Price,1315.3,1321.7,1312.8,1320.3,10.99,
04/30/2018,GOLD,1306.0,1335.0,1323.0,BEARISH,GOLD  Gold Spot Price,1309.6,1316.2,1309.6,1316.2,11.15,
05/01/2018,GOLD,1299.0,1333.0,1319.0,BEARISH,GOLD  Gold Spot Price,1313.2,1313.8,1303.4,1303.8,11.88,
05/02/2018,GOLD,1299.0,1332.0,1306.0,BEARISH,GOLD  Gold Spot Price,1309.0,1309.3,1302.6,1302.6,11.64,
05/03/2018,GOLD,1298.0,1332.0,1305.0,BEARISH,GOLD  Gold Spot Price,1310.7,1310.7,1310.7,1310.7,11.46,
05/04/2018,GOLD,1298.0,1332.0,1312.0,BEARISH,GOLD  Gold Spot Price,1312.7,1312.7,1312.7,1312.7,10.99,
05/07/2018,GOLD,1299.0,1327.0,1314.0,BEARISH,GOLD  Gold Spot Price,1310.6,1312.5,1310.2,1312.2,11.32,
05/08/2018,GOLD,1298.0,1327.0,1314.0,BEARISH,GOLD  Gold Spot Price,1310.1,1312.0,1308.5,1312.0,11.5,
05/09/2018,GOLD,1296.0,1324.0,1313.0,BEARISH,GOLD  Gold Spot Price,1311.3,1311.3,1311.3,1311.3,11.39,
05/10/2018,GOLD,1300.0,1325.0,1313.0,BEARISH,GOLD  Gold Spot Price,1312.2,1320.8,1312.2,1320.8,11.42,
05/11/2018,GOLD,1300.0,1325.0,1322.0,BEARISH,GOLD  Gold Spot Price,1319.0,1319.0,1319.0,1319.0,11.04,
05/14/2018,GOLD,1300.0,1325.0,1320.0,BEARISH,GOLD  Gold Spot Price,1319.9,1319.9,1316.5,1316.5,11.15,
05/15/2018,GOLD,1300.0,1324.0,1318.0,BEARISH,GOLD  Gold Spot Price,1304.6,1304.7,1288.9,1288.9,11.91,
05/16/2018,GOLD,1285.0,1320.0,1290.0,BEARISH,GOLD  Gold Spot Price,1290.9,1294.0,1285.4,1290.2,11.77,
05/17/2018,GOLD,1283.0,1311.0,1291.0,BEARISH,GOLD  Gold Spot Price,1291.3,1291.3,1288.2,1288.2,11.64,
05/18/2018,GOLD,1278.0,1309.0,1289.0,BEARISH,GOLD  Gold Spot Price,1285.2,1290.2,1285.2,1290.2,11.11,
05/21/2018,GOLD,1276.0,1307.0,1291.0,BEARISH,GOLD  Gold Spot Price,1287.4,1292.1,1287.4,1290.2,11.62,
05/22/2018,GOLD,1273.0,1313.0,1290.0,BEARISH,GOLD  Gold Spot Price,1291.7,1291.7,1291.7,1291.7,10.9,
05/23/2018,GOLD,1273.0,1310.0,1292.0,BEARISH,GOLD  Gold Spot Price,1289.3,1289.3,1289.3,1289.3,11.18,
05/24/2018,GOLD,1272.0,1309.0,1289.0,BEARISH,GOLD  Gold Spot Price,1303.7,1303.7,1303.7,1303.7,10.99,
05/25/2018,GOLD,1272.0,1309.0,1304.0,BEARISH,GOLD  Gold Spot Price,1303.3,1303.3,1303.3,1303.3,10.31,
05/29/2018,GOLD,1280.0,1310.0,1303.0,BEARISH,GOLD  Gold Spot Price,1298.7,1298.7,1298.7,1298.7,12.33,
05/30/2018,GOLD,1281.0,1307.0,1299.0,BEARISH,GOLD  Gold Spot Price,1298.0,1303.7,1295.2,1301.5,10.87,
05/31/2018,GOLD,1280.0,1310.0,1306.0,BEARISH,GOLD  Gold Spot Price,1301.0,1306.8,1296.6,1300.1,10.92,
06/01/2018,GOLD,1281.0,1311.0,1304.0,BEARISH,GOLD  Gold Spot Price,1298.6,1299.5,1288.9,1294.8,10.58,
06/04/2018,GOLD,1283.0,1312.0,1299.0,BEARISH,GOLD  Gold Spot Price,1293.9,1297.1,1290.0,1293.1,10.54,
06/05/2018,GOLD,1284.0,1311.0,1297.0,BEARISH,GOLD  Gold Spot Price,1292.1,1299.8,1289.9,1297.5,10.46,
06/06/2018,GOLD,1285.0,1310.0,1302.0,BEARISH,GOLD  Gold Spot Price,1296.1,1300.4,1294.1,1297.1,10.31,
06/07/2018,GOLD,1288.0,1310.0,1301.0,BEARISH,GOLD  Gold Spot Price,1298.4,1302.8,1296.2,1298.7,10.55,
06/08/2018,GOLD,1285.0,1311.0,1303.0,BEARISH,GOLD  Gold Spot Price,1295.3,1299.4,1294.8,1298.1,10.69,
06/11/2018,GOLD,1286.0,1309.0,1302.0,BEARISH,GOLD  Gold Spot Price,1299.3,1302.0,1295.2,1298.9,10.54,
06/12/2018,GOLD,1290.0,1308.0,1303.0,BEARISH,GOLD  Gold Spot Price,1297.8,1298.1,1292.7,1295.1,10.52,
06/13/2018,GOLD,1289.0,1306.0,1299.0,BEARISH,GOLD  Gold Spot Price,1294.0,1299.4,1290.9,1296.9,10.6,
06/14/2018,GOLD,1290.0,1310.0,1301.0,BEARISH,GOLD  Gold Spot Price,1297.2,1307.7,1297.2,1304.0,9.83,
06/15/2018,GOLD,1290.0,1313.0,1308.0,BEARISH,GOLD  Gold Spot Price,1297.2,1307.7,1274.0,1274.6,10.65,
06/18/2018,GOLD,1274.0,1305.0,1278.0,BEARISH,GOLD  Gold Spot Price,1280.7,1280.7,1276.2,1276.2,9.82,
06/19/2018,GOLD,1275.0,1301.0,1280.0,BEARISH,GOLD  Gold Spot Price,1278.7,1281.8,1269.9,1275.6,10.99,
06/20/2018,GOLD,1269.0,1299.0,1278.0,BEARISH,GOLD  Gold Spot Price,1274.4,1274.4,1271.2,1271.2,11.08,
06/21/2018,GOLD,1260.0,1292.0,1274.0,BEARISH,GOLD  Gold Spot Price,1262.7,1268.9,1260.0,1267.2,11.22,
06/22/2018,GOLD,1260.0,1296.0,1270.0,BEARISH,GOLD  Gold Spot Price,1268.1,1270.2,1267.0,1267.4,10.67,
06/25/2018,GOLD,1256.0,1294.0,1270.0,BEARISH,GOLD  Gold Spot Price,1270.6,1271.2,1265.6,1265.6,10.83,
06/26/2018,GOLD,1251.0,1290.0,1268.0,BEARISH,GOLD  Gold Spot Price,1267.2,1267.2,1256.6,1256.6,10.97,
06/27/2018,GOLD,1250.0,1290.0,1259.0,BEARISH,GOLD  Gold Spot Price,1255.5,1255.5,1252.3,1252.8,11.01,
06/28/2018,GOLD,1248.0,1286.0,1256.0,BEARISH,GOLD  Gold Spot Price,1251.7,1251.7,1244.8,1247.8,11.03,
06/29/2018,GOLD,1246.0,1285.0,1251.0,BEARISH,GOLD  Gold Spot Price,1250.3,1253.3,1249.1,1251.3,10.75,
07/02/2018,GOLD,1244.0,1283.0,1254.0,BEARISH,GOLD  Gold Spot Price,1249.9,1249.9,1239.8,1239.8,11.75,
07/03/2018,GOLD,1240.0,1282.0,1241.0,BEARISH,GOLD  Gold Spot Price,1238.1,1254.1,1237.0,1251.6,11.41,
07/05/2018,GOLD,1238.0,1278.0,1253.0,BEARISH,GOLD  Gold Spot Price,1255.5,1257.3,1253.6,1257.3,11.32,
07/06/2018,GOLD,1236.0,1278.0,1258.0,BEARISH,GOLD  Gold Spot Price,1255.5,1255.5,1254.3,1254.3,10.65,
07/09/2018,GOLD,1239.0,1278.0,1255.0,BEARISH,GOLD  Gold Spot Price,1258.2,1262.3,1257.7,1258.1,10.55,
07/10/2018,GOLD,1240.0,1275.0,1259.0,BEARISH,GOLD  Gold Spot Price,1256.2,1256.9,1249.3,1253.8,10.69,
07/11/2018,GOLD,1240.0,1273.0,1255.0,BEARISH,GOLD  Gold Spot Price,1253.2,1253.2,1242.8,1242.8,11.25,
07/12/2018,GOLD,1238.0,1273.0,1244.0,BEARISH,GOLD  Gold Spot Price,1240.9,1246.7,1240.9,1245.0,10.82,
07/13/2018,GOLD,1238.0,1273.0,1246.0,BEARISH,GOLD  Gold Spot Price,1244.7,1247.0,1239.6,1239.6,10.99,
07/16/2018,GOLD,1233.0,1273.0,1241.0,BEARISH,GOLD  Gold Spot Price,1242.7,1243.8,1238.1,1238.1,11.46,
07/17/2018,GOLD,1230.0,1275.0,1239.0,BEARISH,GOLD  Gold Spot Price,1225.7,1225.7,1225.7,1225.7,11.79,
07/18/2018,GOLD,1230.0,1275.0,1227.0,BEARISH,GOLD  Gold Spot Price,1226.7,1226.7,1222.2,1226.3,12.15,
07/19/2018,GOLD,1212.0,1259.0,1227.0,BEARISH,GOLD  Gold Spot Price,1227.2,1228.0,1211.7,1222.4,12.66,
07/20/2018,GOLD,1214.0,1265.0,1224.0,BEARISH,GOLD  Gold Spot Price,1229.5,1229.5,1229.5,1229.5,12.1,
07/23/2018,GOLD,1215.0,1256.0,1231.0,BEARISH,GOLD  Gold Spot Price,1222.0,1224.0,1222.0,1224.0,12.22,
07/24/2018,GOLD,1216.0,1254.0,1225.0,BEARISH,GOLD  Gold Spot Price,1223.9,1223.9,1223.9,1223.9,11.74,
07/25/2018,GOLD,1215.0,1251.0,1225.0,BEARISH,GOLD  Gold Spot Price,1231.4,1231.4,1231.4,1231.4,11.65,
07/26/2018,GOLD,1216.0,1245.0,1231.0,BEARISH,GOLD  Gold Spot Price,1227.8,1227.8,1225.3,1225.3,11.43,
07/27/2018,GOLD,1214.0,1239.0,1225.0,BEARISH,GOLD  Gold Spot Price,1222.6,1222.6,1222.6,1222.6,11.05,
07/30/2018,GOLD,1215.0,1237.0,1223.0,BEARISH,GOLD  Gold Spot Price,1222.5,1223.9,1218.1,1221.3,11.18,
07/31/2018,GOLD,1214.0,1235.0,1231.0,BEARISH,GOLD  Gold Spot Price,1220.4,1228.1,1213.0,1223.7,11.21,
08/01/2018,GOLD,1216.0,1238.0,1233.0,BEARISH,GOLD  Gold Spot Price,1222.9,1223.7,1214.4,1217.9,10.91,
08/02/2018,GOLD,1215.0,1243.0,1227.0,BEARISH,GOLD  Gold Spot Price,1214.7,1219.3,1205.8,1210.6,11.08,
08/03/2018,GOLD,1203.0,1235.0,1220.0,BEARISH,GOLD  Gold Spot Price,1206.5,1218.6,1205.1,1214.2,10.77,
08/06/2018,GOLD,1205.0,1236.0,1223.0,BEARISH,GOLD  Gold Spot Price,1214.4,1214.4,1206.6,1208.6,11.02,
08/07/2018,GOLD,1207.0,1237.0,1217.0,BEARISH,GOLD  Gold Spot Price,1207.8,1214.8,1207.8,1209.6,11.11,
08/08/2018,GOLD,1209.0,1235.0,1218.0,BEARISH,GOLD  Gold Spot Price,1212.0,1215.2,1205.9,1212.6,11.43,
08/09/2018,GOLD,1210.0,1234.0,1221.0,BEARISH,GOLD  Gold Spot Price,1214.5,1215.3,1211.6,1211.9,10.99,
08/10/2018,GOLD,1202.0,1233.0,1219.0,BEARISH,GOLD  Gold Spot Price,1212.5,1216.4,1205.6,1211.1,11.78,
08/13/2018,GOLD,1193.0,1230.0,1219.0,BEARISH,GOLD  Gold Spot Price,1207.0,1207.4,1191.3,1191.3,11.73,
08/14/2018,GOLD,1196.0,1231.0,1198.0,BEARISH,GOLD  Gold Spot Price,1193.1,1197.5,1192.8,1193.0,11.88,
08/15/2018,GOLD,1178.0,1216.0,1200.0,BEARISH,GOLD  Gold Spot Price,1187.8,1188.1,1174.6,1177.5,13.16,
08/16/2018,GOLD,1176.0,1212.0,1185.0,BEARISH,GOLD  Gold Spot Price,1173.2,1180.2,1161.4,1176.2,13.39,
08/17/2018,GOLD,1168.0,1207.0,1184.0,BEARISH,GOLD  Gold Spot Price,1174.7,1181.2,1174.7,1176.5,12.89,
08/20/2018,GOLD,1171.0,1220.0,1184.0,BEARISH,GOLD  Gold Spot Price,1184.8,1190.0,1184.4,1186.8,12.4,
08/21/2018,GOLD,1170.0,1218.0,1194.0,BEARISH,GOLD  Gold Spot Price,1189.8,1192.6,1189.8,1192.6,11.86,
08/22/2018,GOLD,1170.0,1217.0,1200.0,BEARISH,GOLD  Gold Spot Price,1194.7,1196.3,1194.7,1196.3,11.81,
08/23/2018,GOLD,1165.0,1217.0,1203.0,BEARISH,GOLD (BEARISH)  Gold Spot Price,1189.3,1190.3,1184.9,1187.0,11.6,
08/24/2018,GOLD,1175.0,1210.0,1194.0,BEARISH,GOLD (BEARISH)  Gold Spot Price,1185.3,1208.0,1185.3,1206.3,11.71,
08/27/2018,GOLD,1175.0,1215.0,1213.0,BEARISH,GOLD (BEARISH)  Gold Spot Price,1210.3,1211.4,1205.2,1209.0,11.77,
08/28/2018,GOLD,1173.0,1221.0,1216.0,BEARISH,GOLD (BEARISH)  Gold Spot Price,1209.7,1217.0,1202.3,1207.4,11.46,
08/29/2018,GOLD,1176.0,1225.0,1214.0,BEARISH,GOLD (BEARISH)  Gold Spot Price,1205.2,1205.2,1202.4,1204.5,11.25,
08/30/2018,GOLD,1180.0,1226.0,1211.0,BEARISH,GOLD (BEARISH)  Gold Spot Price,1205.4,1205.6,1196.0,1197.7,11.41,
08/31/2018,GOLD,1179.0,1222.0,1205.0,BEARISH,GOLD (BEARISH)  Gold Spot Price,1207.1,1208.2,1199.1,1200.3,10.96,
09/04/2018,GOLD,1183.0,1221.0,1206.0,BEARISH,GOLD (BEARISH)  Gold Spot Price,1193.8,1193.8,1189.9,1192.7,11.42,
09/05/2018,GOLD,1182.0,1222.0,1199.0,BEARISH,GOLD (BEARISH)  Gold Spot Price,1192.5,1196.0,1192.5,1194.9,11.24,
09/06/2018,GOLD,1190.0,1223.0,1201.0,BEARISH,GOLD (BEARISH)  Gold Spot Price,1202.0,1202.0,1197.9,1197.9,11.54,
09/07/2018,GOLD,1192.0,1222.0,1204.0,BEARISH,GOLD (BEARISH)  Gold Spot Price,1198.3,1198.3,1193.1,1193.6,11.3,
09/10/2018,GOLD,1190.0,1219.0,1200.0,BEARISH,GOLD (BEARISH)  Gold Spot Price,1193.0,1193.0,1193.0,1193.0,11.33,
09/11/2018,GOLD,1186.0,1218.0,1199.0,BEARISH,GOLD (BEARISH)  Gold Spot Price,1190.4,1196.3,1190.4,1195.4,11.26,
09/12/2018,GOLD,1190.0,1211.0,1202.0,BEARISH,GOLD (BEARISH)  Gold Spot Price,1205.0,1205.0,1204.7,1204.7,11.18,
09/13/2018,GOLD,1194.0,1215.0,1210.0,BEARISH,GOLD (BEARISH)  Gold Spot Price,1203.4,1203.4,1200.0,1202.0,11.15,
09/14/2018,GOLD,1194.0,1213.0,1208.0,BEARISH,GOLD (BEARISH)  Gold Spot Price,1195.0,1195.0,1195.0,1195.0,10.84,
09/17/2018,GOLD,1190.0,1211.0,1201.0,BEARISH,GOLD (BEARISH)  Gold Spot Price,1199.7,1199.7,1199.7,1199.7,10.85,
09/18/2018,GOLD,1186.0,1212.0,1205.0,BEARISH,GOLD (BEARISH)  Gold Spot Price,1198.7,1198.7,1196.8,1196.8,10.78,
09/19/2018,GOLD,1194.0,1212.0,1202.0,BEARISH,GOLD (BEARISH)  Gold Spot Price,1202.2,1202.2,1202.2,1202.2,10.81,
09/20/2018,GOLD,1194.0,1213.0,1208.0,BEARISH,GOLD (BEARISH)  Gold Spot Price,1206.2,1206.2,1206.2,1206.2,10.72,
09/21/2018,GOLD,1194.0,1213.0,1211.0,BEARISH,GOLD (BEARISH)  Gold Spot Price,1196.2,1196.2,1196.2,1196.2,10.76,
09/24/2018,GOLD,1190.0,1214.0,1201.0,BEARISH,GOLD (BEARISH)  Gold Spot Price,1199.3,1199.3,1199.3,1199.3,10.97,
09/25/2018,GOLD,1195.0,1215.0,1204.0,BEARISH,GOLD (BEARISH)  Gold Spot Price,1202.1,1202.8,1200.0,1200.0,10.83,
09/26/2018,GOLD,1195.0,1213.0,1205.0,BEARISH,GOLD (BEARISH)  Gold Spot Price,1194.0,1194.0,1194.0,1194.0,10.76,
09/27/2018,GOLD,1190.0,1210.0,1199.0,BEARISH,GOLD (BEARISH)  Gold Spot Price,1194.6,1197.3,1180.5,1182.3,10.86,
09/28/2018,GOLD,1179.0,1206.0,1187.0,BEARISH,GOLD (BEARISH)  Gold Spot Price,1181.7,1191.9,1180.0,1191.5,10.74,
10/01/2018,GOLD,1178.0,1205.0,1196.0,BEARISH,GOLD (BEARISH)  Gold Spot Price,1191.6,1191.6,1185.8,1187.1,11.03,
10/02/2018,GOLD,1180.0,1206.0,1191.0,BEARISH,GOLD (BEARISH)  Gold Spot Price,1193.0,1206.0,1190.3,1202.4,11.24,
10/03/2018,GOLD,1185.0,1215.0,1207.0,BEARISH,GOLD (BEARISH)  Gold Spot Price,1202.6,1202.6,1196.6,1198.3,11.21,
10/04/2018,GOLD,1186.0,1214.0,1202.0,BEARISH,GOLD (BEARISH)  Gold Spot Price,1199.3,1204.6,1197.2,1197.2,11.59,
10/05/2018,GOLD,1185.0,1212.0,1201.0,BEARISH,GOLD (BEARISH)  Gold Spot Price,1197.1,1205.3,1196.9,1201.2,11.64,
10/08/2018,GOLD,1181.0,1213.0,1205.0,BEARISH,GOLD (BEARISH)  Gold Spot Price,1201.0,1201.0,1183.7,1184.4,12.48,
10/09/2018,GOLD,1180.0,1203.0,1188.0,BEARISH,GOLD (BEARISH)  Gold Spot Price,1185.6,1189.1,1185.6,1187.2,12.03,
10/10/2018,GOLD,1179.0,1202.0,1191.0,BEARISH,GOLD (BEARISH)  Gold Spot Price,1189.3,1192.0,1189.3,1189.3,12.51,
10/11/2018,GOLD,1179.0,1211.0,1193.0,BEARISH,GOLD (BEARISH)  Gold Spot Price,1198.1,1224.6,1196.3,1223.5,13.57,
10/12/2018,GOLD,1179.0,1229.0,1227.0,BEARISH,GOLD (BEARISH)  Gold Spot Price,1221.6,1221.6,1216.0,1218.1,12.76,
10/15/2018,GOLD,1180.0,1234.0,1222.0,NEUTRAL,GOLD (NEUTRAL)  Gold Spot Price,1222.4,1232.3,1222.4,1226.4,13.13,
10/16/2018,GOLD,1179.0,1239.0,1230.0,NEUTRAL,GOLD (NEUTRAL)  Gold Spot Price,1227.1,1230.5,1227.1,1227.3,12.2,
10/17/2018,GOLD,1179.0,1244.0,1231.0,NEUTRAL,GOLD (NEUTRAL)  Gold Spot Price,1225.9,1225.9,1223.7,1223.7,12.14,
10/18/2018,GOLD,1179.0,1248.0,1227.0,NEUTRAL,GOLD (NEUTRAL)  Gold Spot Price,1226.5,1226.5,1226.5,1226.5,12.23,
10/19/2018,GOLD,1180.0,1251.0,1230.0,NEUTRAL,GOLD (NEUTRAL)  Gold Spot Price,1225.3,1225.3,1225.3,1225.3,11.76,
10/22/2018,GOLD,1189.0,1249.0,1228.0,NEUTRAL,GOLD (NEUTRAL)  Gold Spot Price,1224.5,1224.5,1219.6,1221.2,11.68,
10/23/2018,GOLD,1201.0,1248.0,1224.0,NEUTRAL,GOLD (NEUTRAL)  Gold Spot Price,1224.8,1237.8,1224.8,1233.4,12.31,
10/24/2018,GOLD,1201.0,1248.0,1236.0,NEUTRAL,GOLD (NEUTRAL)  Gold Spot Price,1231.6,1231.6,1227.8,1227.8,13.11,
10/25/2018,GOLD,1216.0,1238.0,1231.0,NEUTRAL,GOLD (NEUTRAL)  Gold Spot Price,1238.6,1238.6,1229.1,1229.1,12.3,
10/26/2018,GOLD,1215.0,1239.0,1232.0,NEUTRAL,GOLD (NEUTRAL)  Gold Spot Price,1234.3,1234.8,1232.5,1232.5,12.92,
10/29/2018,GOLD,1219.0,1239.0,1235.0,NEUTRAL,GOLD (NEUTRAL)  Gold Spot Price,1224.5,1224.5,1224.5,1224.5,12.98,
10/30/2018,GOLD,1219.0,1239.0,1227.0,NEUTRAL,GOLD (NEUTRAL)  Gold Spot Price,1227.7,1227.7,1219.8,1222.6,12.3,
10/31/2018,GOLD,1214.0,1240.0,1225.0,NEUTRAL,GOLD (NEUTRAL)  Gold Spot Price,1216.0,1216.6,1212.0,1212.3,12.08,
11/01/2018,GOLD,1214.0,1242.0,1215.0,NEUTRAL,GOLD (NEUTRAL)  Gold Spot Price,1215.4,1236.0,1215.4,1236.0,12.6,
11/02/2018,GOLD,1214.0,1247.0,1238.0,NEUTRAL,GOLD (NEUTRAL)  Gold Spot Price,1233.3,1233.3,1230.9,1230.9,12.5,
11/05/2018,GOLD,1215.0,1245.0,1233.0,BULLISH,GOLD (BULLISH)  Gold Spot Price,1230.6,1231.5,1226.7,1229.8,12.39,
11/06/2018,GOLD,1216.0,1245.0,1232.0,BULLISH,GOLD (BULLISH)  Gold Spot Price,1230.7,1233.8,1223.8,1223.8,12.47,
11/07/2018,GOLD,1217.0,1244.0,1226.0,BULLISH,GOLD (BULLISH)  Gold Spot Price,1228.6,1228.6,1226.2,1226.2,11.23,
11/08/2018,GOLD,1215.0,1245.0,1228.0,BULLISH,GOLD (BULLISH)  Gold Spot Price,1222.9,1222.9,1222.9,1222.9,11.41,
11/09/2018,GOLD,1215.0,1245.0,1225.0,BULLISH,GOLD (BULLISH)  Gold Spot Price,1207.9,1207.9,1206.4,1206.4,11.44,
11/12/2018,GOLD,1205.0,1225.0,1208.0,NEUTRAL,GOLD (NEUTRAL)  Gold Spot Price,1201.6,1201.6,1201.3,1201.3,12.13,
11/13/2018,GOLD,1191.0,1225.0,1203.0,NEUTRAL,GOLD (NEUTRAL)  Gold Spot Price,1196.3,1201.3,1196.3,1199.2,12.19,
11/14/2018,GOLD,1192.0,1224.0,1201.0,NEUTRAL,GOLD (NEUTRAL)  Gold Spot Price,1207.9,1207.9,1207.9,1207.9,12.88,
11/15/2018,GOLD,1192.0,1226.0,1210.0,NEUTRAL,GOLD (NEUTRAL)  Gold Spot Price,1212.8,1212.8,1212.8,1212.8,12.12,
11/16/2018,GOLD,1193.0,1237.0,1215.0,NEUTRAL,GOLD (NEUTRAL)  Gold Spot Price,1216.7,1223.8,1216.7,1220.8,12.05,
11/19/2018,GOLD,1194.0,1236.0,1223.0,NEUTRAL,GOLD (NEUTRAL)  Gold Spot Price,1223.1,1223.1,1223.1,1223.1,12.57,
11/20/2018,GOLD,1195.0,1235.0,1225.0,NEUTRAL,GOLD (NEUTRAL)  Gold Spot Price,1225.3,1228.8,1219.0,1219.0,12.63,
11/21/2018,GOLD,1196.0,1234.0,1221.0,NEUTRAL,GOLD (NEUTRAL)  Gold Spot Price,1225.8,1225.8,1225.8,1225.8,12.12,
11/23/2018,GOLD,1195.0,1234.0,1228.0,NEUTRAL,GOLD (NEUTRAL)  Gold Spot Price,1224.8,1224.8,1221.0,1221.0,12.1,
11/26/2018,GOLD,1197.0,1236.0,1223.0,NEUTRAL,GOLD (NEUTRAL)  Gold Spot Price,1220.2,1222.0,1220.2,1220.2,11.83,
11/27/2018,GOLD,1199.0,1235.0,1222.0,NEUTRAL,GOLD (NEUTRAL)  Gold Spot Price,1221.9,1222.0,1211.2,1211.2,12.01,
11/28/2018,GOLD,1205.0,1232.0,1213.0,BEARISH,GOLD (BEARISH)  Gold Spot Price,1211.5,1221.4,1211.5,1221.4,11.43,
11/29/2018,GOLD,1202.0,1232.0,1223.0,NEUTRAL,GOLD (NEUTRAL)  Gold Spot Price,1221.0,1228.7,1220.5,1224.1,11.39,
11/30/2018,GOLD,1209.0,1233.0,1224.0,NEUTRAL,GOLD (NEUTRAL)  Gold Spot Price,1224.1,1225.0,1216.1,1220.2,11.26,
12/03/2018,GOLD,1210.0,1235.0,1220.0,NEUTRAL,GOLD (NEUTRAL)  Gold Spot Price,1222.5,1234.1,1221.3,1233.9,10.93,
12/04/2018,GOLD,1211.0,1244.0,1233.0,BULLISH,GOLD (BULLISH)  Gold Spot Price,1231.0,1241.4,1230.4,1241.1,11.63,
12/06/2018,GOLD,1210.0,1245.0,1241.0,BULLISH,GOLD (BULLISH)  Gold Spot Price,1237.5,1244.4,1234.8,1238.1,11.61,
12/07/2018,GOLD,1207.0,1252.0,1243.0,BULLISH,GOLD (BULLISH)  Gold Spot Price,1238.3,1249.8,1237.6,1246.8,12.22,
12/10/2018,GOLD,1210.0,1259.0,1252.0,BULLISH,GOLD (BULLISH)  Gold Spot Price,1249.6,1249.6,1241.7,1243.7,12.04,
12/11/2018,GOLD,1211.0,1262.0,1249.0,BULLISH,GOLD (BULLISH)  Gold Spot Price,1245.8,1248.7,1241.5,1241.9,11.46,
12/12/2018,GOLD,1218.0,1261.0,1247.0,BULLISH,GOLD (BULLISH)  Gold Spot Price,1245.3,1245.6,1244.1,1244.4,11.29,
12/13/2018,GOLD,1220.0,1262.0,1250.0,BULLISH,GOLD (BULLISH)  Gold Spot Price,1243.5,1243.5,1241.0,1242.7,10.69,
12/14/2018,GOLD,1220.0,1262.0,1247.0,BULLISH,GOLD (BULLISH)  Gold Spot Price,1241.7,1241.7,1234.1,1237.0,10.77,
12/17/2018,GOLD,1228.0,1256.0,1241.0,BULLISH,GOLD (BULLISH)  Gold Spot Price,1239.3,1247.4,1239.3,1247.4,11.75,
12/18/2018,GOLD,1229.0,1256.0,1251.0,BULLISH,GOLD (BULLISH)  Gold Spot Price,1248.2,1249.2,1245.6,1249.2,12.18,
12/19/2018,GOLD,1230.0,1260.0,1253.0,BULLISH,GOLD (BULLISH)  Gold Spot Price,1255.8,1255.8,1252.1,1252.1,11.4,
12/20/2018,GOLD,1235.0,1265.0,1256.0,BULLISH,GOLD (BULLISH)  Gold Spot Price,1243.2,1263.6,1243.2,1263.6,12.45,
12/21/2018,GOLD,1236.0,1267.0,1267.0,BULLISH,GOLD (BULLISH)  Gold Spot Price,1260.3,1261.3,1253.8,1253.8,11.97,
12/24/2018,GOLD,1237.0,1269.0,1258.0,BULLISH,GOLD (BULLISH)  Gold Spot Price,1260.3,1268.5,1260.3,1267.5,14.8,
12/26/2018,GOLD,1238.0,1275.0,1271.0,BULLISH,GOLD (BULLISH)  Gold Spot Price,1269.3,1277.4,1269.2,1269.2,14.47,
12/27/2018,GOLD,1238.0,1279.0,1273.0,BULLISH,GOLD (BULLISH)  Gold Spot Price,1276.7,1277.3,1276.7,1277.3,15.18,
12/28/2018,GOLD,1238.0,1286.0,1281.0,BULLISH,GOLD (BULLISH)  Gold Spot Price,1273.5,1280.1,1273.5,1279.9,14.56,
12/31/2018,GOLD,1240.0,1290.0,1283.0,BULLISH,GOLD (BULLISH)  Gold Spot Price,1278.0,1281.3,1277.6,1278.3,13.48,
01/02/2019,GOLD,1245.0,1292.0,1281.0,BULLISH,GOLD (BULLISH)  Gold Spot Price,1286.0,1286.0,1277.6,1281.0,13.18,
01/03/2019,GOLD,1250.0,1294.0,1284.0,BULLISH,GOLD (BULLISH)  Gold Spot Price,1286.8,1292.0,1286.7,1291.8,13.77,
01/04/2019,GOLD,1255.0,1298.0,1294.0,BULLISH,GOLD (BULLISH)  Gold Spot Price,1294.2,1294.2,1275.3,1282.7,12.04,
01/07/2019,GOLD,1258.0,1299.0,1285.0,BULLISH,GOLD (BULLISH)  Gold Spot Price,1286.8,1286.8,1286.6,1286.8,11.66,
01/08/2019,GOLD,1262.0,1298.0,1289.0,BULLISH,GOLD (BULLISH)  Gold Spot Price,1280.5,1283.2,1278.2,1283.2,11.16,
01/09/2019,GOLD,1265.0,1297.0,1285.0,BULLISH,GOLD (BULLISH)  Gold Spot Price,1279.4,1289.3,1279.2,1289.3,11.69,
01/10/2019,GOLD,1266.0,1296.0,1292.0,BULLISH,GOLD (BULLISH)  Gold Spot Price,1284.7,1284.7,1284.7,1284.7,10.95,
01/11/2019,GOLD,1267.0,1299.0,1287.0,BULLISH,GOLD (BULLISH)  Gold Spot Price,1291.2,1291.2,1286.3,1287.1,11.0,
01/14/2019,GOLD,1267.0,1299.0,1289.0,BULLISH,GOLD (BULLISH)  Gold Spot Price,1292.4,1293.9,1289.1,1289.1,11.06,
01/15/2019,GOLD,1270.0,1298.0,1291.0,BULLISH,GOLD (BULLISH)  Gold Spot Price,1290.1,1292.7,1286.2,1286.2,11.06,
01/16/2019,GOLD,1272.0,1298.0,1288.0,BULLISH,GOLD (BULLISH)  Gold Spot Price,1291.6,1291.6,1291.6,1291.6,11.08,
01/17/2019,GOLD,1280.0,1298.0,1293.0,BULLISH,GOLD (BULLISH)  Gold Spot Price,1291.6,1292.7,1288.5,1291.0,10.9,
01/18/2019,GOLD,1280.0,1297.0,1292.0,BULLISH,GOLD (BULLISH)  Gold Spot Price,1281.3,1281.3,1281.3,1281.3,11.12,
01/22/2019,GOLD,1275.0,1296.0,1282.0,BULLISH,GOLD (BULLISH)  Gold Spot Price,1282.5,1283.3,1282.5,1282.5,10.77,
01/23/2019,GOLD,1276.0,1299.0,1283.0,BULLISH,GOLD (BULLISH)  Gold Spot Price,1281.7,1283.9,1278.7,1283.1,10.61,
01/24/2019,GOLD,1276.0,1298.0,1284.0,BULLISH,GOLD (BULLISH)  Gold Spot Price,1279.1,1279.1,1278.5,1279.1,10.37,
01/25/2019,GOLD,1274.0,1299.0,1279.0,BULLISH,GOLD (BULLISH)  Gold Spot Price,1297.4,1297.4,1297.4,1297.4,11.12,
01/28/2019,GOLD,1277.0,1304.0,1298.0,BULLISH,GOLD (BULLISH)  Gold Spot Price,1300.8,1307.1,1298.4,1302.4,11.04,
01/29/2019,GOLD,1280.0,1318.0,1303.0,BULLISH,GOLD (BULLISH)  Gold Spot Price,1308.2,1308.2,1308.2,1308.2,11.25,
01/30/2019,GOLD,1282.0,1321.0,1308.0,BULLISH,GOLD (BULLISH)  Gold Spot Price,1310.4,1323.4,1308.1,1309.9,11.14,
01/31/2019,GOLD,1284.0,1328.0,1315.0,BULLISH,GOLD (BULLISH)  Gold Spot Price,1320.0,1325.4,1316.7,1319.7,10.74,
02/01/2019,GOLD,1287.0,1330.0,1325.0,BULLISH,GOLD (BULLISH)  Gold Spot Price,1320.3,1320.7,1315.4,1316.9,10.12,
02/04/2019,GOLD,1289.0,1335.0,1322.0,BULLISH,GOLD (BULLISH)  Gold Spot Price,1318.1,1318.1,1308.3,1314.3,10.11,
02/05/2019,GOLD,1290.0,1338.0,1319.0,BULLISH,GOLD (BULLISH)  Gold Spot Price,1311.1,1315.1,1311.0,1314.2,10.14,
02/06/2019,GOLD,1289.0,1340.0,1319.0,BULLISH,GOLD (BULLISH)  Gold Spot Price,1312.5,1313.5,1305.0,1309.5,9.76,
02/07/2019,GOLD,1295.0,1332.0,1314.0,BULLISH,GOLD (BULLISH)  Gold Spot Price,1302.9,1310.4,1302.2,1309.4,9.72,
02/08/2019,GOLD,1297.0,1332.0,1314.0,BULLISH,GOLD (BULLISH)  Gold Spot Price,1309.5,1314.0,1307.8,1313.7,9.89,
02/11/2019,GOLD,1298.0,1328.0,1318.0,BULLISH,GOLD (BULLISH)  Gold Spot Price,1313.4,1313.4,1304.7,1307.0,10.18,
02/12/2019,GOLD,1298.0,1326.0,1311.0,BULLISH,GOLD (BULLISH)  Gold Spot Price,1310.0,1312.0,1307.6,1309.2,10.03,
02/13/2019,GOLD,1299.0,1329.0,1314.0,BULLISH,GOLD (BULLISH)  Gold Spot Price,1311.6,1316.0,1308.1,1310.8,9.55,
02/14/2019,GOLD,1300.0,1325.0,1315.0,BULLISH,GOLD (BULLISH)  Gold Spot Price,1305.0,1311.8,1301.6,1309.8,9.92,
02/15/2019,GOLD,1302.0,1324.0,1313.0,BULLISH,GOLD (BULLISH)  Gold Spot Price,1313.6,1318.8,1313.6,1318.1,10.16,
02/19/2019,GOLD,1304.0,1332.0,1322.0,BULLISH,GOLD (BULLISH)  Gold Spot Price,1320.9,1340.1,1320.5,1340.1,11.39,
02/20/2019,GOLD,1307.0,1348.0,1344.0,BULLISH,GOLD (BULLISH)  Gold Spot Price,1342.2,1344.0,1338.0,1343.3,10.92,
02/21/2019,GOLD,1309.0,1350.0,1347.0,BULLISH,GOLD (BULLISH)  Gold Spot Price,1331.3,1334.9,1320.9,1323.5,10.29,
02/22/2019,GOLD,1297.0,1350.0,1327.0,BULLISH,GOLD (BULLISH)  Gold Spot Price,1324.2,1331.3,1321.0,1329.2,10.02,
02/25/2019,GOLD,1300.0,1353.0,1332.0,BULLISH,GOLD (BULLISH)  Gold Spot Price,1329.2,1331.6,1325.6,1325.9,9.91,
02/26/2019,GOLD,1302.0,1352.0,1329.0,BULLISH,GOLD (BULLISH)  Gold Spot Price,1323.3,1325.5,1323.3,1325.1,9.86,
02/27/2019,GOLD,1305.0,1353.0,1328.0,BULLISH,GOLD (BULLISH)  Gold Spot Price,1327.7,1327.9,1316.5,1317.7,9.72,
02/28/2019,GOLD,1308.0,1354.0,1321.0,BULLISH,GOLD (BULLISH)  Gold Spot Price,1321.1,1323.7,1311.5,1312.8,9.52,
03/01/2019,GOLD,1305.0,1351.0,1316.0,BULLISH,GOLD (BULLISH)  Gold Spot Price,1312.2,1312.2,1288.9,1296.4,10.2,
03/04/2019,GOLD,1284.0,1354.0,1299.0,BULLISH,GOLD (BULLISH)  Gold Spot Price,1285.5,1287.0,1281.9,1284.8,10.26,
03/05/2019,GOLD,1282.0,1355.0,1287.0,BULLISH,GOLD (BULLISH)  Gold Spot Price,1287.0,1287.0,1282.0,1282.0,10.19,
03/06/2019,GOLD,1277.0,1350.0,1284.0,BULLISH,GOLD (BULLISH)  Gold Spot Price,1287.1,1287.1,1282.6,1284.9,10.13,
03/07/2019,GOLD,1273.0,1348.0,1287.0,BULLISH,GOLD (BULLISH)  Gold Spot Price,1281.0,1284.6,1281.0,1283.8,10.36,
03/08/2019,GOLD,1271.0,1342.0,1286.0,BULLISH,GOLD (BULLISH)  Gold Spot Price,1292.1,1297.4,1291.6,1297.0,10.51,
03/11/2019,GOLD,1270.0,1335.0,1299.0,BULLISH,GOLD (BULLISH)  Gold Spot Price,1291.0,1291.0,1288.8,1288.8,10.18,
03/12/2019,GOLD,1272.0,1329.0,1291.0,BULLISH,GOLD (BULLISH)  Gold Spot Price,1294.7,1296.3,1294.7,1296.3,10.08,
03/13/2019,GOLD,1275.0,1325.0,1298.0,BULLISH,GOLD (BULLISH)  Gold Spot Price,1307.5,1307.5,1307.5,1307.5,10.14,
03/14/2019,GOLD,1277.0,1314.0,1309.0,BULLISH,GOLD (BULLISH)  Gold Spot Price,1293.4,1293.4,1293.4,1293.4,10.08,
03/15/2019,GOLD,1278.0,1318.0,1295.0,BULLISH,GOLD (BULLISH)  Gold Spot Price,1300.9,1304.7,1300.5,1301.8,10.01,
03/18/2019,GOLD,1278.0,1314.0,1302.0,BULLISH,GOLD (BULLISH)  Gold Spot Price,1297.3,1302.2,1297.3,1300.3,9.79,
03/19/2019,GOLD,1280.0,1313.0,1301.0,BULLISH,GOLD (BULLISH)  Gold Spot Price,1306.9,1306.9,1304.8,1305.0,9.82,
03/20/2019,GOLD,1283.0,1320.0,1306.0,BULLISH,GOLD (BULLISH)  Gold Spot Price,1300.7,1300.7,1300.5,1300.5,10.15,
03/21/2019,GOLD,1288.0,1321.0,1301.0,BULLISH,GOLD (BULLISH)  Gold Spot Price,1306.1,1306.1,1306.1,1306.1,10.2,
03/22/2019,GOLD,1290.0,1322.0,1307.0,BULLISH,GOLD (BULLISH)  Gold Spot Price,1311.6,1311.6,1311.6,1311.6,10.31,
03/25/2019,GOLD,1292.0,1322.0,1312.0,BULLISH,GOLD (BULLISH)  Gold Spot Price,1320.7,1322.9,1320.7,1321.9,10.77,
03/26/2019,GOLD,1292.0,1325.0,1322.0,BULLISH,GOLD (BULLISH)  Gold Spot Price,1315.6,1315.6,1314.3,1314.3,10.18,
03/27/2019,GOLD,1291.0,1324.0,1315.0,BULLISH,GOLD (BULLISH)  Gold Spot Price,1309.9,1309.9,1309.9,1309.9,10.36,
03/28/2019,GOLD,1294.0,1325.0,1310.0,BULLISH,GOLD (BULLISH)  Gold Spot Price,1308.4,1311.1,1287.7,1289.8,10.35,
03/29/2019,GOLD,1285.0,1324.0,1295.0,BULLISH,GOLD (BULLISH)  Gold Spot Price,1289.6,1298.5,1286.1,1293.0,9.94,
04/01/2019,GOLD,1285.0,1324.0,1298.0,BULLISH,GOLD (BULLISH)  Gold Spot Price,1291.8,1295.9,1285.7,1288.4,10.13,
04/02/2019,GOLD,1284.0,1325.0,1294.0,BULLISH,GOLD (BULLISH)  Gold Spot Price,1286.3,1290.9,1284.5,1290.0,9.81,
04/03/2019,GOLD,1284.0,1326.0,1295.0,BULLISH,GOLD (BULLISH)  Gold Spot Price,1291.4,1293.1,1287.5,1289.9,9.69,
04/04/2019,GOLD,1284.0,1325.0,1295.0,BULLISH,GOLD (BULLISH)  Gold Spot Price,1290.6,1292.6,1279.5,1289.0,9.92,
04/05/2019,GOLD,1281.0,1323.0,1294.0,BULLISH,GOLD (BULLISH)  Gold Spot Price,1292.0,1292.0,1283.6,1290.4,9.65,
04/08/2019,GOLD,1284.0,1319.0,1295.0,BULLISH,GOLD (BULLISH)  Gold Spot Price,1292.2,1302.1,1291.8,1297.1,9.71,
04/09/2019,GOLD,1285.0,1317.0,1301.0,BULLISH,GOLD (BULLISH)  Gold Spot Price,1298.5,1304.9,1298.5,1303.5,9.55,
04/10/2019,GOLD,1285.0,1316.0,1308.0,BULLISH,GOLD (BULLISH)  Gold Spot Price,1304.0,1309.1,1301.5,1309.1,9.45,
04/11/2019,GOLD,1286.0,1317.0,1313.0,BULLISH,GOLD (BULLISH)  Gold Spot Price,1307.0,1307.1,1288.6,1288.6,9.59,
04/12/2019,GOLD,1284.0,1315.0,1293.0,BULLISH,GOLD (BULLISH)  Gold Spot Price,1293.4,1293.4,1289.2,1290.6,9.28,
04/15/2019,GOLD,1284.0,1313.0,1295.0,BULLISH,GOLD (BULLISH)  Gold Spot Price,1284.8,1287.3,1282.3,1286.8,9.57,
04/16/2019,GOLD,1282.0,1313.0,1291.0,BULLISH,GOLD (BULLISH)  Gold Spot Price,1285.2,1285.2,1272.2,1272.6,9.78,
04/17/2019,GOLD,1272.0,1317.0,1277.0,BULLISH,GOLD (BULLISH)  Gold Spot Price,1273.5,1273.5,1271.6,1272.2,9.39,
04/18/2019,GOLD,1270.0,1320.0,1276.0,BULLISH,GOLD (BULLISH)  Gold Spot Price,1270.8,1273.6,1270.1,1271.9,8.96,
04/22/2019,GOLD,1265.0,1319.0,1276.0,BULLISH,GOLD (BULLISH)  Gold Spot Price,1273.5,1273.5,1273.5,1273.5,9.56,
04/23/2019,GOLD,1262.0,1317.0,1277.0,BULLISH,GOLD (BULLISH)  Gold Spot Price,1266.4,1269.8,1266.0,1269.3,9.54,
04/24/2019,GOLD,1261.0,1312.0,1273.0,BULLISH,GOLD (BULLISH)  Gold Spot Price,1268.4,1275.5,1267.8,1275.5,9.48,
04/25/2019,GOLD,1264.0,1305.0,1279.0,BULLISH,GOLD (BULLISH)  Gold Spot Price,1280.6,1280.8,1275.8,1275.8,9.35,
04/26/2019,GOLD,1264.0,1300.0,1279.0,BULLISH,GOLD (BULLISH)  Gold Spot Price,1284.9,1284.9,1284.9,1284.9,9.28,
04/29/2019,GOLD,1266.0,1301.0,1288.0,BULLISH,GOLD (BULLISH)  Gold Spot Price,1284.8,1284.9,1277.1,1278.6,9.46,
04/30/2019,GOLD,1268.0,1299.0,1281.0,BULLISH,GOLD (BULLISH)  Gold Spot Price,1281.7,1283.3,1280.8,1282.8,9.32,
05/01/2019,GOLD,1268.0,1295.0,1285.0,BULLISH,GOLD (BULLISH)  Gold Spot Price,1278.7,1283.3,1278.7,1281.4,9.19,
05/02/2019,GOLD,1268.0,1294.0,1284.0,BULLISH,GOLD (BULLISH)  Gold Spot Price,1269.2,1270.8,1266.6,1269.7,9.08,
05/03/2019,GOLD,1255.0,1307.0,1272.0,BULLISH,GOLD (BULLISH)  Gold Spot Price,1270.1,1279.2,1270.1,1279.2,8.89,
05/06/2019,GOLD,1269.0,1296.0,1281.0,BULLISH,GOLD (BULLISH)  Gold Spot Price,1282.2,1282.2,1280.3,1281.7,9.26,
05/07/2019,GOLD,1270.0,1295.0,1283.0,BULLISH,GOLD (BULLISH)  Gold Spot Price,1280.5,1283.5,1280.5,1283.5,9.74,
05/08/2019,GOLD,1269.0,1299.0,1285.0,BULLISH,GOLD (BULLISH)  Gold Spot Price,1279.4,1279.4,1279.4,1279.4,9.78,
05/09/2019,GOLD,1271.0,1299.0,1281.0,BULLISH,GOLD (BULLISH)  Gold Spot Price,1278.9,1285.0,1278.8,1283.5,9.96,
05/10/2019,GOLD,1271.0,1300.0,1285.0,BULLISH,GOLD (BULLISH)  Gold Spot Price,1285.4,1286.5,1283.3,1285.7,9.33,
05/13/2019,GOLD,1272.0,1295.0,1287.0,BULLISH,GOLD (BULLISH)  Gold Spot Price,1286.7,1300.1,1281.8,1300.1,10.51,
05/14/2019,GOLD,1271.0,1303.0,1301.0,BULLISH,GOLD (BULLISH)  Gold Spot Price,1297.8,1297.8,1294.7,1294.7,9.76,
05/15/2019,GOLD,1270.0,1306.0,1296.0,BULLISH,GOLD (BULLISH)  Gold Spot Price,1296.9,1296.9,1296.0,1296.3,9.45,
05/16/2019,GOLD,1273.0,1306.0,1297.0,BULLISH,GOLD (BULLISH)  Gold Spot Price,1285.2,1285.4,1285.0,1285.0,9.16,
05/17/2019,GOLD,1273.0,1305.0,1286.0,BULLISH,GOLD (BULLISH)  Gold Spot Price,1280.0,1280.0,1274.5,1274.5,9.16,
05/20/2019,GOLD,1270.0,1305.0,1275.0,BULLISH,GOLD (BULLISH)  Gold Spot Price,1276.1,1276.1,1276.1,1276.1,9.16,
05/21/2019,GOLD,1269.0,1306.0,1277.0,BULLISH,GOLD (BULLISH)  Gold Spot Price,1272.0,1272.0,1272.0,1272.0,8.99,
05/22/2019,GOLD,1267.0,1306.0,1273.0,BULLISH,GOLD (BULLISH)  Gold Spot Price,1273.6,1273.6,1273.6,1273.6,9.04,
05/23/2019,GOLD,1265.0,1305.0,1274.0,BULLISH,GOLD (BULLISH)  Gold Spot Price,1284.8,1284.8,1284.8,1284.8,9.47,
05/24/2019,GOLD,1265.0,1307.0,1285.0,BULLISH,GOLD (BULLISH)  Gold Spot Price,1283.0,1283.0,1283.0,1283.0,9.0,
05/28/2019,GOLD,1265.0,1302.0,1283.0,BULLISH,GOLD (BULLISH)  Gold Spot Price,1276.5,1276.5,1276.5,1276.5,9.2,
05/29/2019,GOLD,1265.0,1300.0,1277.0,BULLISH,GOLD (BULLISH)  Gold Spot Price,1280.6,1280.6,1280.6,1280.6,8.88,
05/30/2019,GOLD,1268.0,1299.0,1286.0,BULLISH,GOLD (BULLISH)  Gold Spot Price,1279.4,1288.3,1273.9,1287.1,9.3,
05/31/2019,GOLD,1268.0,1299.0,1292.0,BULLISH,GOLD (BULLISH)  Gold Spot Price,1287.7,1306.4,1287.5,1305.8,10.33,
06/03/2019,GOLD,1277.0,1318.0,1311.0,BULLISH,GOLD (BULLISH)  Gold Spot Price,1307.0,1327.8,1307.0,1322.7,11.79,
06/04/2019,GOLD,1289.0,1328.0,1327.0,BULLISH,GOLD (BULLISH)  Gold Spot Price,1324.3,1328.6,1320.8,1323.4,10.66,
06/05/2019,GOLD,1290.0,1339.0,1328.0,BULLISH,GOLD (BULLISH)  Gold Spot Price,1328.9,1343.3,1326.3,1328.3,11.26,
06/06/2019,GOLD,1295.0,1346.0,1333.0,BULLISH,GOLD (BULLISH)  Gold Spot Price,1330.8,1338.7,1326.2,1337.6,11.62,
06/07/2019,GOLD,1299.0,1358.0,1342.0,BULLISH,GOLD (BULLISH)  Gold Spot Price,1333.1,1347.7,1329.8,1341.2,11.41,
06/10/2019,GOLD,1302.0,1365.0,1346.0,BULLISH,GOLD (BULLISH)  Gold Spot Price,1335.8,1336.5,1324.1,1324.7,10.87,
06/11/2019,GOLD,1304.0,1363.0,1329.0,BULLISH,GOLD (BULLISH)  Gold Spot Price,1328.4,1328.4,1319.1,1326.4,10.52,
06/12/2019,GOLD,1306.0,1360.0,1331.0,BULLISH,GOLD (BULLISH)  Gold Spot Price,1326.9,1334.5,1326.9,1331.9,11.06,
06/13/2019,GOLD,1309.0,1354.0,1336.0,BULLISH,GOLD (BULLISH)  Gold Spot Price,1331.6,1341.1,1331.6,1339.2,11.68,
06/14/2019,GOLD,1310.0,1361.0,1343.0,BULLISH,GOLD (BULLISH)  Gold Spot Price,1345.4,1355.4,1339.3,1340.1,11.9,
06/17/2019,GOLD,1313.0,1353.0,1344.0,BULLISH,GOLD (BULLISH)  Gold Spot Price,1339.0,1340.3,1335.0,1338.7,11.99,
06/18/2019,GOLD,1324.0,1352.0,1342.0,BULLISH,GOLD (BULLISH)  Gold Spot Price,1349.3,1349.3,1341.6,1346.6,12.4,
06/19/2019,GOLD,1319.0,1358.0,1350.0,BULLISH,GOLD (BULLISH)  Gold Spot Price,1344.0,1344.6,1344.0,1344.6,12.41,
06/20/2019,GOLD,1328.0,1385.0,1348.0,BULLISH,GOLD (BULLISH)  Gold Spot Price,1381.5,1392.9,1379.5,1392.9,15.69,
06/21/2019,GOLD,1326.0,1402.0,1396.0,BULLISH,GOLD (BULLISH)  Gold Spot Price,1406.0,1406.0,1390.3,1396.2,15.54,
06/24/2019,GOLD,1331.0,1409.0,1400.0,BULLISH,GOLD (BULLISH)  Gold Spot Price,1406.0,1420.6,1402.1,1414.3,16.8,
06/25/2019,GOLD,1337.0,1433.0,1418.0,BULLISH,GOLD (BULLISH)  Gold Spot Price,1418.1,1433.3,1414.9,1414.9,17.08,
06/26/2019,GOLD,1344.0,1438.0,1418.0,BULLISH,GOLD (BULLISH)  Gold Spot Price,1407.2,1413.3,1405.8,1411.6,15.88,
06/27/2019,GOLD,1349.0,1447.0,1415.0,BULLISH,GOLD (BULLISH)  Gold Spot Price,1407.0,1410.8,1399.8,1408.4,15.57,
06/28/2019,GOLD,1353.0,1451.0,1412.0,BULLISH,GOLD (BULLISH)  Gold Spot Price,1408.3,1422.0,1408.3,1409.7,15.99,
07/01/2019,GOLD,1356.0,1450.0,1413.0,BULLISH,GOLD (BULLISH)  Gold Spot Price,1386.6,1395.8,1382.8,1385.6,14.08,
07/02/2019,GOLD,1357.0,1445.0,1389.0,BULLISH,GOLD (BULLISH)  Gold Spot Price,1391.1,1418.4,1390.8,1404.6,15.8,
07/03/2019,GOLD,1357.0,1447.0,1408.0,BULLISH,GOLD (BULLISH)  Gold Spot Price,1431.0,1434.0,1413.1,1417.7,15.89,
07/05/2019,GOLD,1367.0,1447.0,1420.0,BULLISH,GOLD (BULLISH)  Gold Spot Price,1418.3,1418.3,1390.2,1396.7,15.07,
07/08/2019,GOLD,1390.0,1431.0,1400.0,BULLISH,GOLD (BULLISH)  Gold Spot Price,1395.9,1397.0,1393.6,1397.0,12.99,
07/09/2019,GOLD,1372.0,1430.0,1400.0,BULLISH,GOLD (BULLISH)  Gold Spot Price,1394.5,1397.5,1386.2,1397.5,13.45,
07/10/2019,GOLD,1383.0,1430.0,1400.0,BULLISH,GOLD (BULLISH)  Gold Spot Price,1409.9,1410.1,1409.9,1410.1,15.01,
07/11/2019,GOLD,1383.0,1435.0,1412.0,BULLISH,GOLD (BULLISH)  Gold Spot Price,1424.0,1424.0,1404.3,1404.3,13.64,
07/12/2019,GOLD,1383.0,1435.0,1406.0,BULLISH,GOLD (BULLISH)  Gold Spot Price,1405.6,1410.1,1405.6,1409.9,14.65,
07/15/2019,GOLD,1381.0,1430.0,1412.0,BULLISH,GOLD (BULLISH)  Gold Spot Price,1414.4,1415.0,1411.4,1411.4,14.9,
07/16/2019,GOLD,1382.0,1429.0,1413.0,BULLISH,GOLD (BULLISH)  Gold Spot Price,1413.6,1413.7,1405.0,1409.2,14.32,
07/17/2019,GOLD,1384.0,1424.0,1411.0,BULLISH,GOLD (BULLISH)  Gold Spot Price,1404.6,1421.3,1404.6,1421.3,16.02,
07/18/2019,GOLD,1388.0,1433.0,1423.0,BULLISH,GOLD (BULLISH)  Gold Spot Price,1422.3,1444.2,1419.5,1426.1,17.45,
07/19/2019,GOLD,1391.0,1449.0,1428.0,BULLISH,GOLD (BULLISH)  Gold Spot Price,1440.5,1442.0,1425.1,1425.1,15.83,
07/22/2019,GOLD,1393.0,1438.0,1426.0,BULLISH,GOLD (BULLISH)  Gold Spot Price,1425.3,1425.3,1424.0,1425.3,14.89,
07/23/2019,GOLD,1395.0,1435.0,1426.0,BULLISH,GOLD (BULLISH)  Gold Spot Price,1418.6,1421.3,1416.3,1420.1,14.28,
07/24/2019,GOLD,1397.0,1435.0,1421.0,BULLISH,GOLD (BULLISH)  Gold Spot Price,1422.8,1422.8,1422.8,1422.8,14.55,
07/25/2019,GOLD,1398.0,1438.0,1423.0,BULLISH,GOLD (BULLISH)  Gold Spot Price,1413.9,1413.9,1413.9,1413.9,13.54,
07/26/2019,GOLD,1400.0,1437.0,1414.0,BULLISH,GOLD (BULLISH)  Gold Spot Price,1422.8,1423.0,1418.5,1418.5,12.31,
07/29/2019,GOLD,1401.0,1438.0,1419.0,BULLISH,GOLD (BULLISH)  Gold Spot Price,1419.6,1419.6,1419.6,1419.6,13.59,
07/30/2019,GOLD,1403.0,1438.0,1420.0,BULLISH,GOLD (BULLISH)  Gold Spot Price,1426.3,1433.9,1422.1,1429.7,14.51,
07/31/2019,GOLD,1404.0,1445.0,1441.0,BULLISH,GOLD (BULLISH)  Gold Spot Price,1431.3,1435.8,1411.2,1426.1,13.21,
08/01/2019,GOLD,1401.0,1443.0,1437.0,BULLISH,GOLD (BULLISH)  Gold Spot Price,1411.3,1445.2,1400.9,1420.9,16.01,
08/02/2019,GOLD,1401.0,1444.0,1432.0,BULLISH,GOLD (BULLISH)  Gold Spot Price,1448.0,1448.0,1432.3,1445.6,15.0,
08/05/2019,GOLD,1411.0,1465.0,1457.0,BULLISH,GOLD (BULLISH)  Gold Spot Price,1440.4,1469.7,1440.4,1464.6,16.91,
08/06/2019,GOLD,1418.0,1476.0,1476.0,BULLISH,GOLD (BULLISH)  Gold Spot Price,1469.7,1475.0,1457.7,1472.4,16.02,
08/07/2019,GOLD,1423.0,1495.0,1484.0,BULLISH,GOLD (BULLISH)  Gold Spot Price,1473.5,1509.9,1473.2,1507.3,18.16,
08/08/2019,GOLD,1430.0,1521.0,1520.0,BULLISH,GOLD (BULLISH)  Gold Spot Price,1498.4,1508.5,1492.0,1497.7,17.53,
08/09/2019,GOLD,1435.0,1532.0,1509.0,BULLISH,GOLD (BULLISH)  Gold Spot Price,1506.2,1507.5,1495.6,1496.6,16.64,
08/12/2019,GOLD,1441.0,1537.0,1508.0,BULLISH,GOLD (BULLISH)  Gold Spot Price,1496.0,1514.9,1488.1,1505.3,18.46,
08/13/2019,GOLD,1446.0,1548.0,1517.0,BULLISH,GOLD (BULLISH)  Gold Spot Price,1510.4,1531.4,1483.7,1502.2,17.92,
08/14/2019,GOLD,1451.0,1550.0,1514.0,BULLISH,GOLD (BULLISH)  Gold Spot Price,1500.0,1520.5,1497.0,1515.9,18.19,
08/15/2019,GOLD,1456.0,1551.0,1527.0,BULLISH,GOLD (BULLISH)  Gold Spot Price,1519.8,1522.7,1510.6,1519.6,18.72,
08/16/2019,GOLD,1462.0,1545.0,1531.0,BULLISH,GOLD (BULLISH)  Gold Spot Price,1524.6,1524.6,1504.7,1512.5,16.86,
08/19/2019,GOLD,1468.0,1543.0,1523.0,BULLISH,GOLD (BULLISH)  Gold Spot Price,1507.2,1507.6,1492.9,1500.4,14.94,
08/20/2019,GOLD,1470.0,1540.0,1511.0,BULLISH,GOLD (BULLISH)  Gold Spot Price,1497.5,1506.1,1497.5,1504.6,15.42,
08/21/2019,GOLD,1473.0,1536.0,1515.0,BULLISH,GOLD (BULLISH)  Gold Spot Price,1504.9,1505.0,1498.8,1504.6,15.13,
08/22/2019,GOLD,1476.0,1534.0,1515.0,BULLISH,GOLD (BULLISH)  Gold Spot Price,1495.1,1497.3,1493.8,1497.3,15.35,
08/23/2019,GOLD,1478.0,1536.0,1508.0,BULLISH,GOLD (BULLISH)  Gold Spot Price,1493.5,1527.6,1493.5,1526.6,18.36,
08/26/2019,GOLD,1483.0,1544.0,1537.0,BULLISH,GOLD (BULLISH)  Gold Spot Price,1543.2,1543.3,1524.3,1526.3,17.54,
08/27/2019,GOLD,1486.0,1544.0,1537.0,BULLISH,GOLD (BULLISH)  Gold Spot Price,1530.5,1542.1,1528.5,1541.0,17.34,
08/28/2019,GOLD,1491.0,1555.0,1551.0,BULLISH,GOLD (BULLISH)  Gold Spot Price,1538.1,1538.1,1537.8,1537.8,16.83,
08/29/2019,GOLD,1495.0,1559.0,1549.0,BULLISH,GOLD (BULLISH)  Gold Spot Price,1537.5,1549.3,1519.6,1526.5,16.31,
08/30/2019,GOLD,1496.0,1561.0,1536.0,BULLISH,GOLD (BULLISH)  Gold Spot Price,1524.6,1530.4,1516.7,1519.1,15.45,
09/03/2019,GOLD,1500.0,1561.0,1529.0,BULLISH,GOLD (BULLISH)  Gold Spot Price,1522.9,1547.3,1521.0,1545.9,16.86,
09/04/2019,GOLD,1503.0,1566.0,1555.0,BULLISH,GOLD (BULLISH)  Gold Spot Price,1549.0,1553.2,1534.8,1550.3,17.27,
09/05/2019,GOLD,1507.0,1571.0,1560.0,BULLISH,GOLD (BULLISH)  Gold Spot Price,1551.0,1551.1,1511.1,1515.4,15.72,
09/06/2019,GOLD,1502.0,1566.0,1525.0,BULLISH,GOLD (BULLISH)  Gold Spot Price,1517.3,1526.0,1504.5,1506.2,14.75,
09/09/2019,GOLD,1501.0,1569.0,1515.0,BULLISH,GOLD (BULLISH)  Gold Spot Price,1509.0,1513.0,1498.0,1502.2,14.76,
09/10/2019,GOLD,1493.0,1572.0,1511.0,BULLISH,GOLD (BULLISH)  Gold Spot Price,1498.5,1498.5,1486.9,1490.3,14.62,
09/11/2019,GOLD,1481.0,1572.0,1499.0,BULLISH,GOLD (BULLISH)  Gold Spot Price,1491.7,1496.6,1490.2,1494.4,14.95,
09/12/2019,GOLD,1484.0,1569.0,1503.0,BULLISH,GOLD (BULLISH)  Gold Spot Price,1499.5,1515.4,1498.7,1498.7,15.07,
09/13/2019,GOLD,1480.0,1566.0,1507.0,BULLISH,GOLD (BULLISH)  Gold Spot Price,1490.9,1490.9,1486.9,1490.9,14.94,
09/16/2019,GOLD,1476.0,1564.0,1499.0,BULLISH,GOLD (BULLISH)  Gold Spot Price,1506.6,1506.8,1496.9,1503.1,16.07,
09/17/2019,GOLD,1477.0,1552.0,1511.0,BULLISH,GOLD (BULLISH)  Gold Spot Price,1497.9,1505.1,1497.9,1505.1,15.91,
09/18/2019,GOLD,1490.0,1535.0,1513.0,BULLISH,GOLD (BULLISH)  Gold Spot Price,1508.9,1509.4,1489.3,1507.5,15.1,
09/19/2019,GOLD,1486.0,1530.0,1515.0,BULLISH,GOLD (BULLISH)  Gold Spot Price,1496.1,1502.4,1496.1,1498.4,15.13,
09/20/2019,GOLD,1490.0,1528.0,1506.0,BULLISH,GOLD (BULLISH)  Gold Spot Price,1503.0,1507.3,1503.0,1507.3,16.79,
09/23/2019,GOLD,1494.0,1530.0,1515.0,BULLISH,GOLD (BULLISH)  Gold Spot Price,1515.5,1523.7,1515.5,1523.7,16.92,
09/24/2019,GOLD,1490.0,1533.0,1531.0,BULLISH,GOLD (BULLISH)  Gold Spot Price,1515.1,1533.0,1515.1,1532.1,17.22,
09/25/2019,GOLD,1491.0,1549.0,1540.0,BULLISH,GOLD (BULLISH)  Gold Spot Price,1527.6,1527.9,1504.6,1504.6,15.62,
09/26/2019,GOLD,1489.0,1541.0,1512.0,BULLISH,GOLD (BULLISH)  Gold Spot Price,1507.5,1507.5,1507.5,1507.5,15.11,
09/27/2019,GOLD,1487.0,1540.0,1515.0,BULLISH,GOLD (BULLISH)  Gold Spot Price,1504.2,1506.1,1485.6,1499.1,14.96,
09/30/2019,GOLD,1482.0,1540.0,1506.0,BULLISH,GOLD (BULLISH)  Gold Spot Price,1495.9,1495.9,1463.5,1465.7,15.37,
10/01/2019,GOLD,1459.0,1548.0,1472.0,BULLISH,GOLD (BULLISH)  Gold Spot Price,1468.7,1485.5,1458.3,1482.0,15.61,
10/02/2019,GOLD,1470.0,1549.0,1489.0,BULLISH,GOLD (BULLISH)  Gold Spot Price,1476.6,1503.7,1474.1,1501.0,15.75,
10/03/2019,GOLD,1470.0,1549.0,1507.0,BULLISH,GOLD (BULLISH)  Gold Spot Price,1497.4,1518.2,1496.6,1507.1,16.33,
10/04/2019,GOLD,1472.0,1549.0,1513.0,BULLISH,GOLD (BULLISH)  Gold Spot Price,1505.6,1508.7,1497.1,1506.2,15.26,
10/07/2019,GOLD,1465.0,1544.0,1512.0,BULLISH,GOLD (BULLISH)  Gold Spot Price,1504.8,1505.8,1489.1,1497.7,15.44,
10/08/2019,GOLD,1466.0,1544.0,1504.0,BULLISH,GOLD (BULLISH)  Gold Spot Price,1489.4,1506.3,1489.3,1497.2,16.21,
10/09/2019,GOLD,1475.0,1535.0,1503.0,BULLISH,GOLD (BULLISH)  Gold Spot Price,1507.7,1507.7,1498.4,1506.1,15.73,
10/10/2019,GOLD,1476.0,1532.0,1512.0,BULLISH,GOLD (BULLISH)  Gold Spot Price,1511.2,1511.2,1490.6,1494.8,15.7,
10/11/2019,GOLD,1475.0,1532.0,1500.0,BULLISH,GOLD (BULLISH)  Gold Spot Price,1491.9,1494.9,1476.9,1482.7,15.72,
10/14/2019,GOLD,1470.0,1531.0,1488.0,BULLISH,GOLD (BULLISH)  Gold Spot Price,1484.4,1493.5,1481.3,1491.7,15.65,
10/15/2019,GOLD,1479.0,1530.0,1497.0,BULLISH,GOLD (BULLISH)  Gold Spot Price,1488.9,1495.4,1476.6,1477.6,15.08,
10/16/2019,GOLD,1471.0,1525.0,1483.0,BULLISH,GOLD (BULLISH)  Gold Spot Price,1482.0,1488.0,1480.0,1488.0,14.94,
10/17/2019,GOLD,1475.0,1522.0,1494.0,BULLISH,GOLD (BULLISH)  Gold Spot Price,1486.2,1493.2,1485.8,1492.3,14.84,
10/18/2019,GOLD,1475.0,1521.0,1498.0,BULLISH,GOLD (BULLISH)  Gold Spot Price,1487.3,1489.1,1486.6,1488.2,14.85,
10/21/2019,GOLD,1471.0,1521.0,1494.0,BULLISH,GOLD (BULLISH)  Gold Spot Price,1489.9,1489.9,1481.5,1482.4,14.05,
10/22/2019,GOLD,1475.0,1521.0,1488.0,BULLISH,GOLD (BULLISH)  Gold Spot Price,1483.4,1483.5,1481.7,1481.7,13.67,
10/23/2019,GOLD,1471.0,1508.0,1487.0,BULLISH,GOLD (BULLISH)  Gold Spot Price,1486.4,1490.3,1486.4,1489.9,13.23,
10/24/2019,GOLD,1470.0,1507.0,1495.0,BULLISH,GOLD (BULLISH)  Gold Spot Price,1490.5,1501.2,1485.9,1498.9,13.97,
10/25/2019,GOLD,1475.0,1515.0,1504.0,BULLISH,GOLD (BULLISH)  Gold Spot Price,1501.4,1514.3,1499.0,1499.5,13.48,
10/28/2019,GOLD,1475.0,1516.0,1505.0,BULLISH,GOLD (BULLISH)  Gold Spot Price,1504.1,1504.1,1490.0,1490.0,13.78,
10/29/2019,GOLD,1474.0,1509.0,1495.0,BULLISH,GOLD (BULLISH)  Gold Spot Price,1485.9,1487.0,1485.9,1487.0,13.46,
10/30/2019,GOLD,1475.0,1512.0,1490.0,BULLISH,GOLD (BULLISH)  Gold Spot Price,1487.2,1495.4,1481.0,1493.2,13.17,
10/31/2019,GOLD,1476.0,1517.0,1496.0,BULLISH,GOLD (BULLISH)  Gold Spot Price,1496.1,1513.1,1496.1,1511.4,13.39,
11/01/2019,GOLD,1478.0,1521.0,1514.0,BULLISH,GOLD (BULLISH)  Gold Spot Price,1511.0,1511.6,1503.0,1508.0,12.86,
11/04/2019,GOLD,1480.0,1519.0,1511.0,BULLISH,GOLD (BULLISH)  Gold Spot Price,1511.6,1511.6,1508.0,1508.0,12.45,
11/05/2019,GOLD,1485.0,1519.0,1511.0,BULLISH,GOLD (BULLISH)  Gold Spot Price,1507.1,1507.1,1480.8,1480.8,12.43,
11/06/2019,GOLD,1480.0,1523.0,1483.0,BULLISH,GOLD (BULLISH)  Gold Spot Price,1483.2,1491.0,1483.2,1490.2,12.04,
11/07/2019,GOLD,1477.0,1521.0,1493.0,BULLISH,GOLD (BULLISH)  Gold Spot Price,1489.1,1489.1,1464.2,1464.2,12.35,
11/08/2019,GOLD,1461.0,1525.0,1466.0,BULLISH,GOLD (BULLISH)  Gold Spot Price,1469.1,1469.1,1461.3,1461.3,12.27,
11/11/2019,GOLD,1455.0,1526.0,1462.0,BULLISH,GOLD (BULLISH)  Gold Spot Price,1461.0,1461.0,1449.3,1455.5,12.87,
11/12/2019,GOLD,1444.0,1528.0,1457.0,BULLISH,GOLD (BULLISH)  Gold Spot Price,1454.9,1454.9,1447.1,1452.1,11.91,
11/13/2019,GOLD,1440.0,1531.0,1453.0,BULLISH,GOLD (BULLISH)  Gold Spot Price,1456.8,1463.3,1456.8,1461.7,11.56,
11/14/2019,GOLD,1439.0,1522.0,1463.0,BULLISH,GOLD (BULLISH)  Gold Spot Price,1463.8,1471.8,1463.7,1471.8,11.83,
11/15/2019,GOLD,1440.0,1523.0,1473.0,BULLISH,GOLD (BULLISH)  Gold Spot Price,1469.1,1469.1,1467.3,1467.3,11.23,
11/18/2019,GOLD,1443.0,1499.0,1468.0,BULLISH,GOLD (BULLISH)  Gold Spot Price,1472.0,1472.0,1469.7,1470.9,11.55,
11/19/2019,GOLD,1444.0,1498.0,1471.0,BULLISH,GOLD (BULLISH)  Gold Spot Price,1467.7,1474.3,1467.7,1473.3,11.5,
11/20/2019,GOLD,1449.0,1493.0,1474.0,BULLISH,GOLD (BULLISH)  Gold Spot Price,1472.6,1474.5,1467.3,1473.3,11.55,
11/21/2019,GOLD,1450.0,1485.0,1474.0,BULLISH,GOLD (BULLISH)  Gold Spot Price,1463.1,1463.1,1463.1,1463.1,11.37,
11/22/2019,GOLD,1451.0,1485.0,1463.0,BULLISH,GOLD (BULLISH)  Gold Spot Price,1468.6,1468.6,1463.1,1463.1,11.32,
11/25/2019,GOLD,1450.0,1482.0,1463.0,BULLISH,GOLD (BULLISH)  Gold Spot Price,1457.1,1457.1,1455.5,1456.6,11.15,
11/26/2019,GOLD,1451.0,1481.0,1456.0,BULLISH,GOLD (BULLISH)  Gold Spot Price,1459.8,1459.8,1459.8,1459.8,10.76,
11/27/2019,GOLD,1450.0,1482.0,1460.0,BULLISH,GOLD (BULLISH)  Gold Spot Price,1461.1,1461.9,1452.0,1453.4,10.3,
11/29/2019,GOLD,1450.0,1482.0,1460.0,BULLISH,GOLD (BULLISH)  Gold Spot Price,1453.6,1465.6,1452.1,1465.6,10.71,
12/02/2019,GOLD,1451.0,1481.0,1472.0,BULLISH,GOLD (BULLISH)  Gold Spot Price,1462.8,1464.4,1453.3,1462.3,10.77,
12/03/2019,GOLD,1451.0,1481.0,1469.0,BULLISH,GOLD (BULLISH)  Gold Spot Price,1461.6,1480.4,1459.5,1478.2,12.15,
12/04/2019,GOLD,1450.0,1486.0,1484.0,BULLISH,GOLD (BULLISH)  Gold Spot Price,1477.5,1483.4,1471.2,1474.0,11.57,
12/05/2019,GOLD,1450.0,1488.0,1480.0,BULLISH,GOLD (BULLISH)  Gold Spot Price,1474.7,1478.0,1472.3,1476.9,11.25,
12/06/2019,GOLD,1451.0,1488.0,1483.0,BULLISH,GOLD (BULLISH)  Gold Spot Price,1475.0,1476.0,1458.2,1459.1,10.73,
12/09/2019,GOLD,1450.0,1490.0,1465.0,BULLISH,GOLD (BULLISH)  Gold Spot Price,1458.8,1464.2,1458.6,1459.3,10.75,
12/10/2019,GOLD,1451.0,1490.0,1464.0,BULLISH,GOLD (BULLISH)  Gold Spot Price,1460.7,1467.2,1460.7,1462.6,10.33,
12/11/2019,GOLD,1453.0,1489.0,1468.0,BULLISH,GOLD (BULLISH)  Gold Spot Price,1463.1,1475.4,1463.1,1469.4,10.81,
12/12/2019,GOLD,1454.0,1490.0,1475.0,BULLISH,GOLD (BULLISH)  Gold Spot Price,1475.1,1483.9,1463.7,1466.7,10.95,
12/13/2019,GOLD,1454.0,1490.0,1472.0,BULLISH,GOLD (BULLISH)  Gold Spot Price,1463.1,1475.9,1463.1,1475.6,10.39,
12/16/2019,GOLD,1458.0,1493.0,1481.0,BULLISH,GOLD (BULLISH)  Gold Spot Price,1473.8,1475.3,1473.8,1475.0,10.39,
12/17/2019,GOLD,1459.0,1490.0,1480.0,BULLISH,GOLD (BULLISH)  Gold Spot Price,1474.1,1476.9,1474.0,1474.6,10.03,
12/18/2019,GOLD,1450.0,1491.0,1480.0,BULLISH,GOLD (BULLISH)  Gold Spot Price,1472.6,1472.6,1472.6,1472.6,10.04,
12/19/2019,GOLD,1460.0,1490.0,1478.0,BULLISH,GOLD (BULLISH)  Gold Spot Price,1475.9,1478.9,1473.3,1478.2,10.39,
12/20/2019,GOLD,1461.0,1491.0,1484.0,BULLISH,GOLD (BULLISH)  Gold Spot Price,1476.7,1478.1,1474.7,1474.7,9.69,
12/23/2019,GOLD,1464.0,1492.0,1480.0,BULLISH,GOLD (BULLISH)  Gold Spot Price,1482.3,1482.5,1479.9,1482.5,10.56,
12/24/2019,GOLD,1469.0,1495.0,1488.0,BULLISH,GOLD (BULLISH)  Gold Spot Price,1488.7,1499.1,1488.7,1499.1,11.93,
12/26/2019,GOLD,1476.0,1509.0,1504.0,BULLISH,GOLD (BULLISH)  Gold Spot Price,1505.2,1512.3,1505.0,1509.3,13.33,
12/27/2019,GOLD,1477.0,1516.0,1514.0,BULLISH,GOLD (BULLISH)  Gold Spot Price,1513.8,1513.8,1513.8,1513.8,12.32,
12/30/2019,GOLD,1477.0,1523.0,1518.0,BULLISH,GOLD (BULLISH)  Gold Spot Price,1512.6,1515.1,1510.0,1514.5,12.56,
12/31/2019,GOLD,1479.0,1530.0,1518.0,BULLISH,GOLD (BULLISH)  Gold Spot Price,1513.8,1523.4,1513.8,1519.5,12.63,
01/02/2020,GOLD,1481.0,1537.0,1523.0,BULLISH,GOLD (BULLISH)  Gold Spot Price,1518.1,1528.7,1518.0,1524.5,12.7,
01/03/2020,GOLD,1492.0,1551.0,1528.0,BULLISH,GOLD (BULLISH)  Gold Spot Price,1530.1,1552.7,1530.1,1549.2,13.46,
01/06/2020,GOLD,1496.0,1584.0,1552.0,BULLISH,GOLD (BULLISH)  Gold Spot Price,1580.0,1580.0,1560.4,1566.2,14.21,
01/07/2020,GOLD,1502.0,1575.0,1568.0,BULLISH,GOLD (BULLISH)  Gold Spot Price,1558.3,1576.3,1558.3,1571.8,14.01,
01/08/2020,GOLD,1507.0,1591.0,1574.0,BULLISH,GOLD (BULLISH)  Gold Spot Price,1579.7,1604.2,1552.3,1557.4,13.67,
01/09/2020,GOLD,1510.0,1585.0,1560.0,BULLISH,GOLD (BULLISH)  Gold Spot Price,1555.7,1555.7,1543.3,1551.7,12.54,
01/10/2020,GOLD,1513.0,1588.0,1554.0,BULLISH,GOLD (BULLISH)  Gold Spot Price,1551.2,1558.8,1545.4,1557.5,12.27,
01/13/2020,GOLD,1517.0,1589.0,1560.0,BULLISH,GOLD (BULLISH)  Gold Spot Price,1557.4,1558.0,1548.4,1548.4,10.91,
01/14/2020,GOLD,1519.0,1586.0,1550.0,BULLISH,GOLD (BULLISH)  Gold Spot Price,1546.7,1546.7,1534.9,1542.4,11.02,
01/15/2020,GOLD,1525.0,1585.0,1544.0,BULLISH,GOLD (BULLISH)  Gold Spot Price,1548.0,1553.9,1545.6,1552.1,11.75,
01/16/2020,GOLD,1535.0,1581.0,1554.0,BULLISH,GOLD (BULLISH)  Gold Spot Price,1555.7,1556.1,1548.5,1549.0,11.38,
01/17/2020,GOLD,1535.0,1578.0,1550.0,BULLISH,GOLD (BULLISH)  Gold Spot Price,1554.1,1558.8,1553.6,1558.8,11.31,
01/21/2020,GOLD,1535.0,1575.0,1560.0,BULLISH,GOLD (BULLISH)  Gold Spot Price,1559.3,1566.2,1551.0,1556.4,11.48,
01/22/2020,GOLD,1531.0,1572.0,1557.0,BULLISH,GOLD (BULLISH)  Gold Spot Price,1549.8,1557.1,1549.8,1555.3,11.16,
01/23/2020,GOLD,1534.0,1569.0,1556.0,BULLISH,GOLD (BULLISH)  Gold Spot Price,1553.1,1564.6,1552.2,1564.6,11.61,
01/24/2020,GOLD,1540.0,1571.0,1565.0,BULLISH,GOLD (BULLISH)  Gold Spot Price,1556.3,1571.1,1556.3,1571.1,12.48,
01/27/2020,GOLD,1542.0,1592.0,1571.0,BULLISH,GOLD (BULLISH)  Gold Spot Price,1584.3,1584.5,1576.8,1576.8,12.9,
01/28/2020,GOLD,1541.0,1589.0,1577.0,BULLISH,GOLD (BULLISH)  Gold Spot Price,1576.4,1576.4,1569.2,1569.2,11.89,
01/29/2020,GOLD,1542.0,1581.0,1569.0,BULLISH,GOLD (BULLISH)  Gold Spot Price,1569.8,1569.8,1569.8,1569.8,12.09,
01/30/2020,GOLD,1544.0,1586.0,1570.0,BULLISH,GOLD (BULLISH)  Gold Spot Price,1576.8,1585.0,1571.4,1583.5,12.23,
01/31/2020,GOLD,1545.0,1595.0,1589.0,BULLISH,GOLD (BULLISH)  Gold Spot Price,1573.4,1589.0,1570.0,1582.9,13.5,
02/03/2020,GOLD,1549.0,1595.0,1587.0,BULLISH,GOLD (BULLISH)  Gold Spot Price,1592.9,1593.3,1568.2,1577.2,12.48,
02/04/2020,GOLD,1553.0,1596.0,1582.0,BULLISH,GOLD (BULLISH)  Gold Spot Price,1577.7,1577.7,1547.8,1550.4,12.01,
02/05/2020,GOLD,1545.0,1595.0,1555.0,BULLISH,GOLD (BULLISH)  Gold Spot Price,1553.2,1560.7,1547.7,1557.8,11.32,
02/06/2020,GOLD,1551.0,1597.0,1562.0,BULLISH,GOLD (BULLISH)  Gold Spot Price,1553.6,1565.6,1551.6,1565.1,11.45,
02/07/2020,GOLD,1550.0,1599.0,1570.0,BULLISH,GOLD (BULLISH)  Gold Spot Price,1564.9,1571.9,1560.5,1568.6,11.3,
02/10/2020,GOLD,1553.0,1597.0,1573.0,BULLISH,GOLD (BULLISH)  Gold Spot Price,1569.3,1574.7,1568.6,1574.7,11.91,
02/11/2020,GOLD,1552.0,1596.0,1579.0,BULLISH,GOLD (BULLISH)  Gold Spot Price,1570.9,1571.1,1561.9,1565.6,11.48,
02/12/2020,GOLD,1552.0,1596.0,1570.0,BULLISH,GOLD (BULLISH)  Gold Spot Price,1565.2,1568.7,1561.0,1567.4,11.07,
02/13/2020,GOLD,1559.0,1595.0,1571.0,BULLISH,GOLD (BULLISH)  Gold Spot Price,1570.2,1575.1,1570.2,1575.1,11.59,
02/14/2020,GOLD,1556.0,1597.0,1578.0,BULLISH,GOLD (BULLISH)  Gold Spot Price,1575.8,1582.7,1574.8,1582.7,11.62,
02/18/2020,GOLD,1560.0,1599.0,1586.0,BULLISH,GOLD (BULLISH)  Gold Spot Price,1579.8,1604.3,1579.8,1600.0,13.02,
02/19/2020,GOLD,1565.0,1610.0,1603.0,BULLISH,GOLD (BULLISH)  Gold Spot Price,1600.6,1610.5,1599.7,1607.5,13.34,
02/20/2020,GOLD,1568.0,1621.0,1611.0,BULLISH,GOLD (BULLISH)  Gold Spot Price,1606.5,1621.0,1603.0,1616.6,13.35,
02/21/2020,GOLD,1578.0,1636.0,1620.0,BULLISH,GOLD (BULLISH)  Gold Spot Price,1619.3,1645.0,1619.3,1644.6,15.79,
02/24/2020,GOLD,1598.0,1696.0,1648.0,BULLISH,GOLD (BULLISH)  Gold Spot Price,1657.0,1686.6,1650.0,1672.4,17.58,
02/25/2020,GOLD,1607.0,1696.0,1676.0,BULLISH,GOLD (BULLISH)  Gold Spot Price,1645.1,1653.7,1632.3,1646.9,18.13,
02/26/2020,GOLD,1616.0,1685.0,1650.0,BULLISH,GOLD (BULLISH)  Gold Spot Price,1644.0,1648.1,1636.4,1640.0,16.48,
02/27/2020,GOLD,1620.0,1687.0,1643.0,BULLISH,GOLD (BULLISH)  Gold Spot Price,1641.1,1658.0,1638.5,1640.0,18.05,
02/28/2020,GOLD,1579.0,1685.0,1642.0,BULLISH,GOLD (BULLISH)  Gold Spot Price,1640.3,1642.5,1564.1,1564.1,21.27,
03/02/2020,GOLD,1558.0,1686.0,1566.0,BULLISH,GOLD (BULLISH)  Gold Spot Price,1583.9,1608.3,1574.3,1592.3,18.98,
03/03/2020,GOLD,1559.0,1692.0,1594.0,BULLISH,GOLD (BULLISH)  Gold Spot Price,1594.5,1645.3,1594.0,1642.1,22.01,
03/04/2020,GOLD,1570.0,1696.0,1644.0,BULLISH,GOLD (BULLISH)  Gold Spot Price,1645.4,1645.9,1631.3,1641.1,18.55,
03/05/2020,GOLD,1571.0,1699.0,1643.0,BULLISH,GOLD (BULLISH)  Gold Spot Price,1637.3,1672.9,1637.2,1666.4,22.43,
03/06/2020,GOLD,1606.0,1704.0,1668.0,BULLISH,GOLD (BULLISH)  Gold Spot Price,1670.8,1686.2,1647.2,1670.8,25.12,
03/09/2020,GOLD,1572.0,1703.0,1672.0,BULLISH,GOLD (BULLISH)  Gold Spot Price,1696.1,1701.6,1657.7,1674.5,31.29,
03/10/2020,GOLD,1570.0,1710.0,1675.0,BULLISH,GOLD (BULLISH)  Gold Spot Price,1671.6,1674.6,1643.0,1659.1,23.99,
03/11/2020,GOLD,1618.0,1685.0,1660.0,BULLISH,GOLD (BULLISH)  Gold Spot Price,1656.6,1666.5,1635.0,1641.4,26.74,
03/12/2020,GOLD,1570.0,1712.0,1642.0,BULLISH,GOLD (BULLISH)  Gold Spot Price,1637.0,1647.5,1566.4,1589.3,30.18,
03/13/2020,GOLD,1561.0,1704.0,1590.0,BULLISH,GOLD (BULLISH)  Gold Spot Price,1574.9,1589.8,1513.8,1515.7,37.43,
03/16/2020,GOLD,1506.0,1611.0,1516.0,BEARISH,GOLD (BEARISH)  Gold Spot Price,1569.1,1569.1,1452.1,1485.9,41.43,
03/17/2020,GOLD,1471.0,1602.0,1486.0,BEARISH,GOLD (BEARISH)  Gold Spot Price,1469.3,1537.7,1469.3,1524.9,45.27,
03/18/2020,GOLD,1451.0,1562.0,1525.0,BEARISH,GOLD (BEARISH)  Gold Spot Price,1537.5,1542.0,1477.3,1477.3,48.98,
03/19/2020,GOLD,1420.0,1560.0,1477.0,BEARISH,GOLD (BEARISH)  Gold Spot Price,1481.5,1491.6,1471.0,1478.6,39.48,
03/20/2020,GOLD,1406.0,1559.0,1479.0,BEARISH,GOLD (BEARISH)  Gold Spot Price,1483.5,1484.0,1483.5,1484.0,36.81,
03/23/2020,GOLD,1402.0,1541.0,1484.0,BEARISH,GOLD (BEARISH)  Gold Spot Price,1505.3,1567.0,1490.2,1567.0,41.16,
03/24/2020,GOLD,1421.0,1648.0,1567.0,BULLISH,GOLD (BULLISH)  Gold Spot Price,1592.7,1685.5,1592.7,1660.2,40.41,
03/25/2020,GOLD,1423.0,1671.0,1660.0,BULLISH,GOLD (BULLISH)  Gold Spot Price,1676.5,1676.5,1631.1,1632.3,40.56,
03/26/2020,GOLD,1540.0,1668.0,1633.0,BULLISH,GOLD (BULLISH)  Gold Spot Price,1660.5,1660.5,1650.1,1650.1,37.48,
03/27/2020,GOLD,1551.0,1689.0,1651.0,BULLISH,GOLD (BULLISH)  Gold Spot Price,1623.9,1623.9,1623.9,1623.9,34.89,
03/30/2020,GOLD,1491.0,1670.0,1654.0,BULLISH,GOLD (BULLISH)  Gold Spot Price,1641.2,1652.8,1607.2,1622.0,30.42,
03/31/2020,GOLD,1485.0,1671.0,1643.0,BULLISH,GOLD (BULLISH)  Gold Spot Price,1618.7,1621.0,1576.0,1583.4,29.19,
04/01/2020,GOLD,1499.0,1660.0,1596.0,BULLISH,GOLD (BULLISH)  Gold Spot Price,1570.0,1600.0,1570.0,1578.2,30.26,
04/02/2020,GOLD,1502.0,1659.0,1591.0,BULLISH,GOLD (BULLISH)  Gold Spot Price,1590.9,1631.2,1586.0,1625.7,31.91,
04/03/2020,GOLD,1565.0,1690.0,1637.0,BULLISH,GOLD (BULLISH)  Gold Spot Price,1624.5,1636.0,1619.8,1633.7,31.85,
04/06/2020,GOLD,1589.0,1687.0,1645.0,BULLISH,GOLD (BULLISH)  Gold Spot Price,1629.1,1696.7,1625.9,1677.0,35.76,
04/07/2020,GOLD,1590.0,1702.0,1693.0,BULLISH,GOLD (BULLISH)  Gold Spot Price,1695.7,1724.4,1658.0,1664.8,34.27,
04/08/2020,GOLD,1604.0,1718.0,1683.0,BULLISH,GOLD (BULLISH)  Gold Spot Price,1669.7,1677.0,1662.5,1665.4,29.98,
04/09/2020,GOLD,1619.0,1719.0,1684.0,BULLISH,GOLD (BULLISH)  Gold Spot Price,1662.7,1736.2,1662.7,1736.2,27.59,
04/13/2020,GOLD,1628.0,1760.0,1752.0,BULLISH,GOLD (BULLISH)  Gold Spot Price,1722.0,1756.8,1710.7,1744.8,28.41,
04/14/2020,GOLD,1670.0,1789.0,1761.0,BULLISH,GOLD (BULLISH)  Gold Spot Price,1756.8,1775.0,1739.5,1756.7,28.87,
04/15/2020,GOLD,1648.0,1807.0,1768.0,BULLISH,GOLD (BULLISH)  Gold Spot Price,1739.4,1744.9,1722.7,1727.2,27.39,
04/16/2020,GOLD,1654.0,1805.0,1740.0,BULLISH,GOLD (BULLISH)  Gold Spot Price,1731.0,1750.6,1715.0,1720.4,27.74,
04/17/2020,GOLD,1647.0,1801.0,1731.0,BULLISH,GOLD (BULLISH)  Gold Spot Price,1715.7,1725.0,1684.9,1689.2,26.96,
04/20/2020,GOLD,1657.0,1787.0,1698.0,BULLISH,GOLD (BULLISH)  Gold Spot Price,1686.0,1701.6,1680.0,1701.6,28.01,
04/21/2020,GOLD,1661.0,1797.0,1711.0,BULLISH,GOLD (BULLISH)  Gold Spot Price,1697.0,1707.1,1659.9,1678.2,30.62,
04/22/2020,GOLD,1662.0,1789.0,1687.0,BULLISH,GOLD (BULLISH)  Gold Spot Price,1696.0,1728.7,1684.8,1728.7,30.44,
04/23/2020,GOLD,1689.0,1789.0,1738.0,BULLISH,GOLD (BULLISH)  Gold Spot Price,1734.0,1745.1,1733.3,1733.3,30.25,
04/24/2020,GOLD,1680.0,1785.0,1745.0,BULLISH,GOLD (BULLISH)  Gold Spot Price,1744.0,1744.0,1714.5,1723.5,29.22,
04/27/2020,GOLD,1681.0,1796.0,1735.0,BULLISH,GOLD (BULLISH)  Gold Spot Price,1731.9,1731.9,1711.9,1711.9,26.75,
04/28/2020,GOLD,1683.0,1780.0,1723.0,BULLISH,GOLD (BULLISH)  Gold Spot Price,1716.6,1716.6,1707.1,1710.5,24.43,
04/29/2020,GOLD,1685.0,1769.0,1722.0,BULLISH,GOLD (BULLISH)  Gold Spot Price,1710.0,1713.5,1702.0,1703.4,24.16,
04/30/2020,GOLD,1689.0,1765.0,1713.0,BULLISH,GOLD (BULLISH)  Gold Spot Price,1719.3,1719.3,1680.8,1684.2,24.24,
05/01/2020,GOLD,1672.0,1757.0,1694.0,BULLISH,GOLD (BULLISH)  Gold Spot Price,1686.6,1701.5,1670.5,1694.5,24.25,
05/04/2020,GOLD,1678.0,1760.0,1700.0,BULLISH,GOLD (BULLISH)  Gold Spot Price,1702.6,1709.0,1699.6,1706.9,23.68,
05/05/2020,GOLD,1686.0,1755.0,1713.0,BULLISH,GOLD (BULLISH)  Gold Spot Price,1701.5,1704.4,1697.2,1704.4,24.97,
05/06/2020,GOLD,1686.0,1749.0,1710.0,BULLISH,GOLD (BULLISH)  Gold Spot Price,1704.0,1704.0,1684.2,1684.2,24.47,
05/07/2020,GOLD,1682.0,1742.0,1688.0,BULLISH,GOLD (BULLISH)  Gold Spot Price,1686.2,1721.8,1685.6,1721.8,26.15,
05/08/2020,GOLD,1684.0,1745.0,1725.0,BULLISH,GOLD (BULLISH)  Gold Spot Price,1726.2,1728.9,1703.8,1709.9,24.89,
05/11/2020,GOLD,1684.0,1742.0,1713.0,BULLISH,GOLD (BULLISH)  Gold Spot Price,1702.3,1704.5,1690.2,1695.3,23.55,
05/12/2020,GOLD,1684.0,1738.0,1698.0,BULLISH,GOLD (BULLISH)  Gold Spot Price,1699.3,1713.1,1699.3,1704.4,22.45,
05/13/2020,GOLD,1683.0,1737.0,1706.0,BULLISH,GOLD (BULLISH)  Gold Spot Price,1702.0,1721.3,1701.9,1713.9,22.71,
05/14/2020,GOLD,1688.0,1739.0,1716.0,BULLISH,GOLD (BULLISH)  Gold Spot Price,1724.3,1743.1,1720.5,1738.1,24.15,
05/15/2020,GOLD,1701.0,1751.0,1740.0,BULLISH,GOLD (BULLISH)  Gold Spot Price,1739.7,1753.4,1739.7,1753.4,23.63,
05/18/2020,GOLD,1707.0,1777.0,1756.0,BULLISH,GOLD (BULLISH)  Gold Spot Price,1755.7,1770.5,1731.8,1731.8,22.81,
05/19/2020,GOLD,1701.0,1762.0,1734.0,BULLISH,GOLD (BULLISH)  Gold Spot Price,1744.2,1749.5,1744.2,1744.2,21.33,
05/20/2020,GOLD,1711.0,1766.0,1745.0,BULLISH,GOLD (BULLISH)  Gold Spot Price,1751.6,1752.1,1745.6,1750.6,20.12,
05/21/2020,GOLD,1713.0,1771.0,1752.0,BULLISH,GOLD (BULLISH)  Gold Spot Price,1746.8,1746.8,1720.5,1720.5,19.74,
05/22/2020,GOLD,1714.0,1770.0,1721.0,BULLISH,GOLD (BULLISH)  Gold Spot Price,1726.6,1734.6,1726.6,1734.6,18.95,
05/26/2020,GOLD,1702.0,1767.0,1735.0,BULLISH,GOLD (BULLISH)  Gold Spot Price,1726.4,1726.4,1704.8,1704.8,18.57,
05/27/2020,GOLD,1700.0,1768.0,1705.0,BULLISH,GOLD (BULLISH)  Gold Spot Price,1685.6,1710.3,1685.6,1710.3,18.51,
05/28/2020,GOLD,1704.0,1770.0,1726.0,BULLISH,GOLD (BULLISH)  Gold Spot Price,1709.3,1727.8,1705.0,1713.3,18.1,
05/29/2020,GOLD,1705.0,1765.0,1728.0,BULLISH,GOLD (BULLISH)  Gold Spot Price,1732.7,1754.5,1725.3,1751.7,18.15,
06/01/2020,GOLD,1704.0,1767.0,1751.0,BULLISH,GOLD (BULLISH)  Gold Spot Price,1749.8,1761.0,1737.6,1750.3,18.06,
06/02/2020,GOLD,1703.0,1766.0,1750.0,BULLISH,GOLD (BULLISH)  Gold Spot Price,1750.3,1757.0,1728.0,1734.0,18.1,
06/03/2020,GOLD,1702.0,1764.0,1734.0,BULLISH,GOLD (BULLISH)  Gold Spot Price,1733.7,1738.9,1690.3,1704.8,18.47,
06/04/2020,GOLD,1695.0,1762.0,1704.0,BULLISH,GOLD (BULLISH)  Gold Spot Price,1702.8,1729.0,1698.9,1727.4,18.05,
06/05/2020,GOLD,1696.0,1762.0,1727.0,BULLISH,GOLD (BULLISH)  Gold Spot Price,1720.8,1723.2,1671.7,1683.0,18.17,
06/08/2020,GOLD,1671.0,1766.0,1683.0,BULLISH,GOLD (BULLISH)  Gold Spot Price,1686.7,1707.6,1680.7,1705.1,17.94,
06/09/2020,GOLD,1679.0,1768.0,1705.0,BULLISH,GOLD (BULLISH)  Gold Spot Price,1703.9,1729.4,1697.6,1721.9,19.0,
06/10/2020,GOLD,1681.0,1769.0,1721.0,BULLISH,GOLD (BULLISH)  Gold Spot Price,1718.9,1749.4,1714.1,1720.7,20.75,
06/11/2020,GOLD,1681.0,1767.0,1720.0,BULLISH,GOLD (BULLISH)  Gold Spot Price,1746.6,1754.9,1727.5,1739.8,23.04,
06/12/2020,GOLD,1683.0,1762.0,1739.0,BULLISH,GOLD (BULLISH)  Gold Spot Price,1733.6,1753.0,1728.2,1737.3,20.39,
06/15/2020,GOLD,1683.0,1759.0,1737.0,BULLISH,GOLD (BULLISH)  Gold Spot Price,1740.7,1743.8,1706.2,1727.2,20.11,
06/16/2020,GOLD,1685.0,1754.0,1727.0,BULLISH,GOLD (BULLISH)  Gold Spot Price,1732.3,1741.3,1721.8,1736.5,19.29,
06/17/2020,GOLD,1685.0,1758.0,1736.0,BULLISH,GOLD (BULLISH)  Gold Spot Price,1735.3,1739.3,1717.3,1735.6,18.88,
06/18/2020,GOLD,1688.0,1761.0,1735.0,BULLISH,GOLD (BULLISH)  Gold Spot Price,1735.5,1749.2,1722.7,1731.1,18.31,
06/19/2020,GOLD,1697.0,1759.0,1731.0,BULLISH,GOLD (BULLISH)  Gold Spot Price,1729.8,1760.9,1728.3,1753.0,18.27,
06/22/2020,GOLD,1704.0,1766.0,1753.0,BULLISH,GOLD (BULLISH)  Gold Spot Price,1765.8,1779.0,1753.5,1766.4,19.55,
06/23/2020,GOLD,1718.0,1776.0,1766.0,BULLISH,GOLD (BULLISH)  Gold Spot Price,1764.9,1786.8,1758.3,1782.0,20.51,
06/24/2020,GOLD,1732.0,1799.0,1782.0,BULLISH,GOLD (BULLISH)  Gold Spot Price,1784.4,1796.1,1770.6,1775.1,20.01,
06/25/2020,GOLD,1735.0,1797.0,1775.0,BULLISH,GOLD (BULLISH)  Gold Spot Price,1772.3,1779.6,1764.1,1770.6,19.73,
06/26/2020,GOLD,1728.0,1794.0,1770.0,BULLISH,GOLD (BULLISH)  Gold Spot Price,1774.8,1786.2,1754.0,1780.3,20.52,
06/29/2020,GOLD,1740.0,1799.0,1780.0,BULLISH,GOLD (BULLISH)  Gold Spot Price,1789.2,1790.4,1776.5,1781.2,19.26,
06/30/2020,GOLD,1744.0,1802.0,1781.0,BULLISH,GOLD (BULLISH)  Gold Spot Price,1784.2,1804.0,1774.8,1800.5,19.65,
07/01/2020,GOLD,1748.0,1818.0,1800.0,BULLISH,GOLD (BULLISH)  Gold Spot Price,1798.9,1807.7,1767.9,1779.9,18.85,
07/02/2020,GOLD,1750.0,1804.0,1779.0,BULLISH,GOLD (BULLISH)  Gold Spot Price,1779.0,1791.7,1766.3,1790.0,17.7,
07/06/2020,GOLD,1760.0,1801.0,1790.0,BULLISH,GOLD (BULLISH)  Gold Spot Price,1787.9,1799.0,1779.2,1793.5,17.42,
07/07/2020,GOLD,1762.0,1802.0,1793.0,BULLISH,GOLD (BULLISH)  Gold Spot Price,1793.9,1810.8,1781.2,1809.9,17.37,
07/08/2020,GOLD,1764.0,1821.0,1809.0,BULLISH,GOLD (BULLISH)  Gold Spot Price,1807.9,1829.8,1803.8,1820.6,17.74,
07/09/2020,GOLD,1765.0,1828.0,1820.0,BULLISH,GOLD (BULLISH)  Gold Spot Price,1818.8,1825.5,1799.6,1803.8,17.39,
07/10/2020,GOLD,1769.0,1824.0,1803.0,BULLISH,GOLD (BULLISH)  Gold Spot Price,1808.4,1817.0,1796.5,1801.9,16.64,
07/13/2020,GOLD,1773.0,1824.0,1801.0,BULLISH,GOLD (BULLISH)  Gold Spot Price,1803.4,1818.8,1802.1,1814.1,16.53,
07/14/2020,GOLD,1775.0,1827.0,1814.0,BULLISH,GOLD (BULLISH)  Gold Spot Price,1805.2,1815.0,1791.1,1813.4,16.0,
07/15/2020,GOLD,1777.0,1828.0,1813.0,BULLISH,GOLD (BULLISH)  Gold Spot Price,1811.1,1819.5,1804.0,1813.8,15.36,
07/16/2020,,,,,,,1813.1,1816.2,1794.1,1800.3,15.37,YES
07/17/2020,GOLD,1786.0,1827.0,1800.0,BULLISH,GOLD (BULLISH)  Gold Spot Price,1796.9,1813.9,1795.2,1810.0,15.09,
07/20/2020,,,,,,,1812.3,1823.4,1806.6,1817.4,15.3,YES
07/21/2020,GOLD,1796.0,1834.0,1817.0,BULLISH,GOLD (BULLISH)  Gold Spot Price,1819.6,1844.9,1817.2,1843.9,16.67,
07/22/2020,GOLD,1788.0,1855.0,1843.0,BULLISH,GOLD (BULLISH)  Gold Spot Price,1842.8,1871.8,1842.1,1865.1,22.45,
07/23/2020,GOLD,1795.0,1885.0,1865.0,BULLISH,GOLD (BULLISH)  Gold Spot Price,1871.6,1897.7,1863.1,1890.0,21.99,
07/24/2020,GOLD,1801.0,1896.0,1890.0,BULLISH,GOLD (BULLISH)  Gold Spot Price,1884.9,1904.6,1880.5,1897.5,21.61,
07/27/2020,GOLD,1840.0,1973.0,1897.0,BULLISH,GOLD (BULLISH)  Gold Spot Price,1901.2,1941.9,1899.0,1931.0,25.52,
07/28/2020,GOLD,1852.0,1969.0,1931.0,BULLISH,GOLD (BULLISH)  Gold Spot Price,1937.1,1974.7,1900.2,1944.6,28.96,
07/29/2020,GOLD,1865.0,1976.0,1944.0,BULLISH,GOLD (BULLISH)  Gold Spot Price,1950.6,1974.9,1935.2,1953.4,26.79,
07/30/2020,GOLD,1882.0,1985.0,1953.0,BULLISH,GOLD (BULLISH)  Gold Spot Price,1963.4,1965.1,1930.0,1942.3,24.13,
07/31/2020,,,,,,,1948.6,1981.1,1948.0,1962.8,24.46,YES
08/03/2020,GOLD,1918.0,2011.0,1985.0,BULLISH,GOLD (BULLISH) Gold Spot Price,1984.3,1984.3,1955.5,1966.0,23.56,
08/04/2020,GOLD,1934.0,2018.0,1986.0,BULLISH,GOLD (BULLISH) Gold Spot Price,1993.5,2037.7,1982.6,2021.0,26.3,
08/05/2020,GOLD,1951.0,2058.0,2021.0,BULLISH,GOLD (BULLISH) Gold Spot Price,2037.0,2070.3,2027.5,2049.3,25.69,
08/06/2020,GOLD,1970.0,2068.0,2049.0,BULLISH,GOLD (BULLISH) Gold Spot Price,2055.0,2081.8,2049.0,2069.4,27.36,
08/07/2020,GOLD,1988.0,2089.0,2069.0,BULLISH,GOLD (BULLISH) Gold Spot Price,2076.4,2089.2,2024.8,2028.0,26.22,
08/10/2020,GOLD,1995.0,2084.0,2028.0,BULLISH,GOLD (BULLISH) Gold Spot Price,2044.8,2060.8,2027.8,2039.7,23.89,
08/11/2020,GOLD,1977.0,2086.0,2039.0,BULLISH,GOLD (BULLISH) Gold Spot Price,2038.4,2040.5,1911.3,1946.3,27.48,
08/12/2020,GOLD,1921.0,2088.0,1946.0,BULLISH,GOLD (BULLISH) Gold Spot Price,1921.6,1961.0,1874.2,1949.0,25.85,
08/13/2020,GOLD,1922.0,2089.0,1949.0,BULLISH,GOLD (BULLISH) Gold Spot Price,1927.3,1974.8,1923.0,1970.4,25.82,
08/14/2020,GOLD,1920.0,2092.0,1970.0,BULLISH,GOLD (BULLISH) Gold Spot Price,1963.8,1970.0,1939.1,1949.8,23.53,
08/17/2020,GOLD,1910.0,2095.0,1949.0,BULLISH,GOLD (BULLISH) Gold Spot Price,1956.4,2000.8,1939.1,1998.7,26.35,
08/18/2020,GOLD,1910.0,2092.0,1998.0,BULLISH,GOLD (BULLISH) Gold Spot Price,1993.6,2024.6,1985.2,2013.1,26.46,
08/19/2020,GOLD,1912.0,2081.0,2013.0,BULLISH,GOLD (BULLISH) Gold Spot Price,2010.5,2015.6,1930.5,1970.3,28.15,
08/20/2020,GOLD,1914.0,2055.0,1970.0,BULLISH,GOLD (BULLISH) Gold Spot Price,1934.4,1963.1,1928.9,1946.5,25.91,
08/21/2020,GOLD,1911.0,2041.0,1946.0,BULLISH,GOLD (BULLISH) Gold Spot Price,1955.6,1963.1,1916.6,1947.0,25.96,
08/24/2020,GOLD,1916.0,2022.0,1947.0,BULLISH,GOLD (BULLISH) Gold Spot Price,1947.9,1970.3,1930.8,1939.2,23.86,
08/25/2020,GOLD,1914.0,2014.0,1939.0,BULLISH,GOLD (BULLISH) Gold Spot Price,1935.9,1944.1,1919.1,1923.1,22.76,
08/26/2020,GOLD,1908.0,2018.0,1923.0,BULLISH,GOLD (BULLISH) Gold Spot Price,1939.0,1963.4,1908.4,1952.5,24.79,
08/27/2020,GOLD,1904.0,2016.0,1952.0,BULLISH,GOLD (BULLISH) Gold Spot Price,1963.0,1987.0,1914.7,1932.6,23.08,
08/28/2020,GOLD,1904.0,2019.0,1932.0,BULLISH,GOLD (BULLISH) Gold Spot Price,1937.5,1983.0,1928.2,1974.9,23.19,
08/31/2020,GOLD,1905.0,2010.0,1974.0,BULLISH,GOLD (BULLISH) Gold Spot Price,1973.9,1985.8,1962.3,1978.6,24.32,
09/01/2020,GOLD,1916.0,2009.0,1978.0,BULLISH,GOLD (BULLISH) Gold Spot Price,1973.7,2001.2,1969.2,1978.9,23.0,
09/02/2020,GOLD,1912.0,1996.0,1978.0,BULLISH,GOLD (BULLISH) Gold Spot Price,1976.8,1980.4,1938.9,1944.7,23.57,
09/03/2020,GOLD,1912.0,1993.0,1944.0,BULLISH,GOLD (BULLISH) Gold Spot Price,1948.9,1956.6,1927.2,1937.8,23.68,
09/04/2020,GOLD,1912.0,1993.0,1937.0,BULLISH,GOLD (BULLISH) Gold Spot Price,1938.0,1956.6,1921.6,1934.3,21.98,
09/08/2020,GOLD,1910.0,1993.0,1934.0,BULLISH,GOLD (BULLISH) Gold Spot Price,1938.0,1948.3,1911.7,1943.2,22.49,
09/09/2020,GOLD,1915.0,1991.0,1943.0,BULLISH,GOLD (BULLISH) Gold Spot Price,1939.4,1959.7,1926.3,1954.9,21.66,
09/10/2020,GOLD,1917.0,1999.0,1954.0,BULLISH,GOLD (BULLISH) Gold Spot Price,1955.3,1975.2,1948.6,1964.3,21.26,
09/11/2020,GOLD,1919.0,1999.0,1964.0,BULLISH,GOLD (BULLISH) Gold Spot Price,1953.8,1963.4,1944.0,1947.9,20.2,
09/14/2020,GOLD,1920.0,1991.0,1947.0,BULLISH,GOLD (BULLISH) Gold Spot Price,1948.9,1972.5,1945.2,1963.7,20.91,
09/15/2020,GOLD,1923.0,1989.0,1963.0,BULLISH,GOLD (BULLISH) Gold Spot Price,1966.2,1982.4,1955.6,1966.2,20.32,
09/16/2020,GOLD,1926.0,1983.0,1966.0,BULLISH,GOLD (BULLISH) Gold Spot Price,1961.4,1983.8,1957.2,1970.5,20.08,
09/17/2020,GOLD,1927.0,1981.0,1970.0,BULLISH,GOLD (BULLISH) Gold Spot Price,1967.6,1969.3,1938.2,1949.9,19.95,
09/18/2020,GOLD,1930.0,1980.0,1949.0,BULLISH,GOLD (BULLISH) Gold Spot Price,1951.1,1968.2,1951.1,1962.1,20.22,
09/21/2020,GOLD,1930.0,1979.0,1962.0,BULLISH,GOLD (BULLISH) Gold Spot Price,1957.3,1962.9,1885.4,1910.6,21.6,
09/22/2020,GOLD,1896.0,1985.0,1910.0,BULLISH,GOLD (BULLISH) Gold Spot Price,1918.1,1925.5,1898.9,1907.6,21.63,
09/23/2020,GOLD,1881.0,1996.0,1907.0,BULLISH,GOLD (BULLISH) Gold Spot Price,1905.1,1909.9,1856.0,1868.4,23.43,
09/24/2020,GOLD,1851.0,2001.0,1868.0,BULLISH,GOLD (BULLISH) Gold Spot Price,1866.9,1880.9,1851.0,1876.9,23.41,
09/25/2020,GOLD,1853.0,2004.0,1876.0,BULLISH,GOLD (BULLISH) Gold Spot Price,1872.7,1879.3,1854.1,1866.3,22.09,
09/28/2020,GOLD,1837.0,2002.0,1866.0,BULLISH,GOLD (BULLISH) Gold Spot Price,1862.7,1888.2,1851.1,1882.3,22.01,
09/29/2020,GOLD,1832.0,1990.0,1882.0,BULLISH,GOLD (BULLISH) Gold Spot Price,1886.4,1904.8,1880.8,1903.2,23.28,
09/30/2020,GOLD,1836.0,1977.0,1903.0,BULLISH,GOLD (BULLISH) Gold Spot Price,1903.2,1908.2,1885.8,1895.5,22.07,
10/01/2020,GOLD,1839.0,1962.0,1895.0,BULLISH,GOLD (BULLISH) Gold Spot Price,1891.2,1917.9,1890.0,1916.3,22.39,
10/02/2020,GOLD,1845.0,1937.0,1916.0,BULLISH,GOLD (BULLISH) Gold Spot Price,1911.0,1923.6,1895.2,1907.6,22.59,
10/05/2020,GOLD,1846.0,1929.0,1907.0,BULLISH,GOLD (BULLISH) Gold Spot Price,1910.9,1924.9,1891.2,1920.1,22.13,
10/06/2020,GOLD,1851.0,1933.0,1920.0,BULLISH,GOLD (BULLISH) Gold Spot Price,1917.8,1927.0,1878.2,1908.8,22.79,
10/07/2020,GOLD,1852.0,1931.0,1908.0,BULLISH,GOLD (BULLISH) Gold Spot Price,1882.6,1902.4,1877.1,1890.8,23.28,
10/08/2020,GOLD,1856.0,1932.0,1890.0,BULLISH,GOLD (BULLISH) Gold Spot Price,1890.6,1905.3,1885.3,1895.1,21.96,
10/09/2020,GOLD,1858.0,1929.0,1895.0,BULLISH,GOLD (BULLISH) Gold Spot Price,1898.4,1936.8,1898.0,1926.2,22.44,
10/12/2020,GOLD,1870.0,1934.0,1926.0,BULLISH,GOLD (BULLISH) Gold Spot Price,1935.0,1939.4,1923.8,1928.9,22.66,
10/13/2020,GOLD,1873.0,1938.0,1928.0,BULLISH,GOLD (BULLISH) Gold Spot Price,1927.3,1930.6,1889.3,1894.6,23.17,
10/14/2020,GOLD,1880.0,1938.0,1894.0,BULLISH,GOLD (BULLISH) Gold Spot Price,1895.4,1917.5,1885.0,1907.3,21.88,
10/15/2020,GOLD,1879.0,1936.0,1907.0,BULLISH,GOLD (BULLISH) Gold Spot Price,1906.0,1913.2,1892.7,1908.9,21.73,
10/16/2020,GOLD,1880.0,1937.0,1908.0,BULLISH,GOLD (BULLISH) Gold Spot Price,1912.7,1918.7,1901.1,1906.4,20.29,
10/19/2020,GOLD,1881.0,1935.0,1906.0,BULLISH,GOLD (BULLISH) Gold Spot Price,1903.2,1923.4,1900.2,1911.7,21.33,
10/20/2020,GOLD,1881.0,1934.0,1911.0,BULLISH,GOLD (BULLISH) Gold Spot Price,1906.4,1917.6,1896.6,1915.4,21.54,
10/21/2020,GOLD,1884.0,1936.0,1915.0,BULLISH,GOLD (BULLISH) Gold Spot Price,1911.6,1936.0,1911.6,1929.5,22.66,
10/22/2020,GOLD,1886.0,1937.0,1929.0,BULLISH,GOLD (BULLISH) Gold Spot Price,1927.4,1929.4,1894.2,1904.6,21.38,
10/23/2020,GOLD,1890.0,1937.0,1904.0,BULLISH,GOLD (BULLISH) Gold Spot Price,1906.5,1917.3,1895.2,1905.2,21.04,
10/26/2020,GOLD,1881.0,1931.0,1905.0,BULLISH,GOLD (BULLISH) Gold Spot Price,1906.0,1911.1,1892.5,1905.7,20.93,
10/27/2020,GOLD,1885.0,1930.0,1905.0,BULLISH,GOLD (BULLISH) Gold Spot Price,1904.4,1913.8,1898.7,1911.9,20.41,
10/28/2020,GOLD,1886.0,1931.0,1911.0,BULLISH,GOLD (BULLISH) Gold Spot Price,1909.8,1912.6,1869.1,1879.2,21.93,
10/29/2020,GOLD,1872.0,1933.0,1879.0,BULLISH,GOLD (BULLISH) Gold Spot Price,1877.5,1885.1,1859.2,1868.0,21.9,
10/30/2020,GOLD,1861.0,1940.0,1868.0,BULLISH,GOLD (BULLISH) Gold Spot Price,1867.9,1890.9,1863.3,1879.9,23.26,
11/02/2020,GOLD,1860.0,1939.0,1879.0,BULLISH,GOLD (BULLISH) Gold Spot Price,1877.0,1897.1,1873.3,1892.5,23.74,
11/03/2020,GOLD,1862.0,1935.0,1892.0,BULLISH,GOLD (BULLISH) Gold Spot Price,1896.4,1912.2,1887.6,1910.4,23.32,
11/04/2020,GOLD,1864.0,1931.0,1910.0,BULLISH,GOLD (BULLISH) Gold Spot Price,1910.3,1917.9,1881.8,1896.2,20.49,
11/05/2020,GOLD,1863.0,1929.0,1896.0,BULLISH,GOLD (BULLISH) Gold Spot Price,1903.4,1954.3,1902.2,1946.8,22.0,
11/06/2020,GOLD,1864.0,1957.0,1946.0,BULLISH,GOLD (BULLISH) Gold Spot Price,1950.0,1961.8,1937.2,1951.7,21.1,
11/09/2020,GOLD,1850.0,1962.0,1951.0,BULLISH,GOLD (BULLISH) Gold Spot Price,1956.0,1966.1,1848.0,1854.4,21.86,
11/10/2020,GOLD,1850.0,1951.0,1854.0,NEUTRAL,GOLD (NEUTRAL) Gold Spot Price,1864.1,1888.9,1858.9,1876.4,20.46,
11/11/2020,GOLD,1834.0,1962.0,1876.0,NEUTRAL,GOLD (NEUTRAL) Gold Spot Price,1876.1,1882.5,1853.9,1861.6,19.14,
11/12/2020,GOLD,1830.0,1962.0,1861.0,NEUTRAL,GOLD (NEUTRAL) Gold Spot Price,1863.9,1883.0,1860.7,1873.3,18.98,
11/13/2020,GOLD,1829.0,1899.0,1873.0,NEUTRAL,GOLD (NEUTRAL) Gold Spot Price,1875.6,1895.8,1872.1,1886.2,17.74,
11/16/2020,GOLD,1830.0,1961.0,1886.0,BULLISH,GOLD (BULLISH) Gold Spot Price,1886.6,1898.0,1861.5,1887.8,18.31,
11/17/2020,GOLD,1827.0,1907.0,1887.0,NEUTRAL,GOLD (NEUTRAL) Gold Spot Price,1888.2,1892.7,1876.3,1885.1,17.54,
11/18/2020,GOLD,1821.0,1899.0,1885.0,BEARISH,GOLD (BEARISH) Gold Spot Price,1879.5,1884.2,1860.3,1873.9,17.67,
11/19/2020,GOLD,1827.0,1895.0,1873.0,BEARISH,GOLD (BEARISH) Gold Spot Price,1872.0,1872.6,1850.0,1861.5,17.96,
11/20/2020,GOLD,1840.0,1894.0,1861.0,BEARISH,GOLD (BEARISH) Gold Spot Price,1864.8,1879.2,1859.1,1872.4,17.72,
11/23/2020,GOLD,1846.0,1895.0,1872.0,BEARISH,GOLD (BEARISH) Gold Spot Price,1869.8,1875.0,1828.0,1837.8,18.98,
11/24/2020,GOLD,1818.0,1886.0,1837.0,BEARISH,GOLD (BEARISH) Gold Spot Price,1835.7,1836.9,1797.1,1804.6,20.09,
11/25/2020,GOLD,1783.0,1881.0,1804.0,BEARISH,GOLD (BEARISH) Gold Spot Price,1805.2,1816.3,1798.6,1805.5,19.75,
11/27/2020,GOLD,1784.0,1867.0,1805.0,BEARISH,GOLD (BEARISH) Gold Spot Price,1806.1,1817.0,1770.7,1781.9,19.09,
11/30/2020,,,,,,,1785.0,1787.2,1762.3,1775.7,19.69,YES
12/01/2020,GOLD,1756.0,1834.0,1780.0,BEARISH,GOLD (BEARISH) Gold Spot Price,1775.0,1815.9,1774.9,1814.1,19.61,
12/02/2020,GOLD,1757.0,1839.0,1818.0,BEARISH,GOLD (BEARISH) Gold Spot Price,1819.1,1835.7,1810.5,1830.2,19.42,
12/03/2020,GOLD,1759.0,1854.0,1830.0,BEARISH,GOLD (BEARISH) Gold Spot Price,1833.9,1847.4,1826.7,1841.1,19.61,
12/04/2020,GOLD,1761.0,1867.0,1841.0,BEARISH,GOLD (BEARISH) Gold Spot Price,1844.7,1852.7,1832.0,1840.0,18.95,
12/07/2020,GOLD,1772.0,1856.0,1840.0,BEARISH,GOLD (BEARISH) Gold Spot Price,1841.1,1873.0,1824.8,1866.0,19.79,
12/08/2020,GOLD,1765.0,1873.0,1866.0,BEARISH,GOLD (BEARISH) Gold Spot Price,1866.1,1879.8,1863.9,1874.9,19.86,
12/09/2020,GOLD,1764.0,1887.0,1874.0,BEARISH,GOLD (BEARISH) Gold Spot Price,1875.4,1875.9,1828.2,1838.5,20.26,
12/10/2020,GOLD,1761.0,1875.0,1838.0,BEARISH,GOLD (BEARISH) Gold Spot Price,1843.0,1854.2,1831.5,1837.4,19.66,
12/11/2020,GOLD,1775.0,1873.0,1837.0,BEARISH,GOLD (BEARISH) Gold Spot Price,1840.0,1851.8,1826.8,1843.6,19.24,
12/14/2020,GOLD,1790.0,1864.0,1843.0,BEARISH,GOLD (BEARISH) Gold Spot Price,1845.0,1845.6,1820.0,1832.1,19.43,
12/15/2020,GOLD,1806.0,1872.0,1832.0,BEARISH,GOLD (BEARISH) Gold Spot Price,1830.5,1859.3,1828.5,1855.3,19.75,
12/16/2020,GOLD,1815.0,1876.0,1855.0,BEARISH,GOLD (BEARISH) Gold Spot Price,1857.7,1870.0,1848.2,1859.1,19.39,
12/17/2020,GOLD,1811.0,1882.0,1859.0,BEARISH,GOLD (BEARISH) Gold Spot Price,1868.4,1902.0,1865.9,1890.4,20.1,
12/18/2020,GOLD,1816.0,1893.0,1890.0,BEARISH,GOLD (BEARISH) Gold Spot Price,1891.3,1895.7,1881.9,1888.9,19.58,
12/21/2020,GOLD,1814.0,1898.0,1888.0,BEARISH,GOLD (BEARISH) Gold Spot Price,1892.9,1912.0,1859.0,1882.8,19.8,
12/22/2020,GOLD,1813.0,1903.0,1882.0,BEARISH,GOLD (BEARISH) Gold Spot Price,1883.0,1889.4,1863.7,1870.3,19.5,
12/23/2020,GOLD,1819.0,1905.0,1870.0,NEUTRAL,GOLD (NEUTRAL) Gold Spot Price,1865.6,1883.7,1860.9,1878.1,18.87,
12/24/2020,GOLD,1820.0,1906.0,1878.0,NEUTRAL,GOLD (NEUTRAL) Gold Spot Price,1877.3,1887.4,1873.1,1883.2,18.99,
12/28/2020,GOLD,1825.0,1906.0,1883.0,NEUTRAL,GOLD (NEUTRAL) Gold Spot Price,1887.0,1904.1,1873.0,1880.4,20.2,
12/29/2020,GOLD,1833.0,1901.0,1880.0,NEUTRAL,GOLD (NEUTRAL) Gold Spot Price,1878.0,1891.3,1875.6,1882.9,19.53,
12/30/2020,GOLD,1851.0,1899.0,1882.0,NEUTRAL,GOLD (NEUTRAL) Gold Spot Price,1881.8,1899.0,1879.5,1893.4,20.06,
12/31/2020,GOLD,1858.0,1901.0,1893.0,NEUTRAL,GOLD (NEUTRAL) Gold Spot Price,1899.0,1904.9,1889.1,1895.1,20.79,
01/04/2021,GOLD,1870.0,1939.0,1895.0,NEUTRAL,GOLD (NEUTRAL) Gold Spot Price,1908.2,1948.7,1906.1,1946.6,21.86,
01/05/2021,GOLD,1847.0,1953.0,1946.0,NEUTRAL,GOLD (NEUTRAL) Gold Spot Price,1946.0,1957.0,1938.4,1954.4,22.14,
01/06/2021,GOLD,1842.0,1965.0,1954.0,NEUTRAL,GOLD (NEUTRAL) Gold Spot Price,1952.8,1962.5,1902.6,1908.6,21.7,
01/07/2021,GOLD,1846.0,1955.0,1908.0,BEARISH,GOLD (BEARISH) Gold Spot Price,1921.5,1929.6,1907.5,1913.6,20.66,
01/08/2021,GOLD,1851.0,1955.0,1913.0,BEARISH,GOLD (BEARISH) Gold Spot Price,1915.2,1918.4,1827.8,1835.4,22.16,
01/11/2021,GOLD,1831.0,1912.0,1835.0,BEARISH,GOLD (BEARISH) Gold Spot Price,1849.4,1856.0,1817.1,1850.8,20.65,
01/12/2021,GOLD,1821.0,1899.0,1850.0,BEARISH,GOLD (BEARISH) Gold Spot Price,1845.4,1864.0,1835.8,1844.2,20.01,
01/13/2021,GOLD,1810.0,1895.0,1844.0,BEARISH,GOLD (BEARISH) Gold Spot Price,1855.0,1863.0,1841.6,1854.9,18.8,
01/14/2021,GOLD,1803.0,1877.0,1854.0,BEARISH,GOLD (BEARISH) Gold Spot Price,1845.6,1857.6,1826.6,1851.4,19.21,
01/15/2021,GOLD,1795.0,1884.0,1851.0,BEARISH,GOLD (BEARISH) Gold Spot Price,1847.3,1856.6,1822.1,1829.9,19.04,
01/19/2021,GOLD,1789.0,1877.0,1829.0,BEARISH,GOLD (BEARISH) Gold Spot Price,1828.8,1845.0,1800.8,1840.2,18.87,
01/20/2021,GOLD,1792.0,1876.0,1840.0,BEARISH,GOLD (BEARISH) Gold Spot Price,1839.9,1872.0,1831.1,1866.5,18.95,
01/21/2021,GOLD,1801.0,1886.0,1866.0,BEARISH,GOLD (BEARISH) Gold Spot Price,1871.0,1874.6,1857.5,1865.9,18.85,
01/22/2021,GOLD,1804.0,1882.0,1865.0,BEARISH,GOLD (BEARISH) Gold Spot Price,1870.1,1870.8,1836.3,1856.2,18.42,
01/25/2021,GOLD,1818.0,1876.0,1856.0,BEARISH,GOLD (BEARISH) Gold Spot Price,1855.3,1867.4,1846.2,1855.2,18.51,
01/26/2021,GOLD,1821.0,1874.0,1855.0,BEARISH,GOLD (BEARISH) Gold Spot Price,1854.9,1860.8,1847.2,1850.9,17.88,
01/27/2021,GOLD,1819.0,1872.0,1850.0,BEARISH,GOLD (BEARISH) Gold Spot Price,1849.7,1851.5,1828.4,1844.9,18.47,
01/28/2021,GOLD,1819.0,1871.0,1844.0,BEARISH,GOLD (BEARISH) Gold Spot Price,1843.4,1862.9,1831.5,1837.9,19.38,
01/29/2021,GOLD,1821.0,1874.0,1841.0,BEARISH,GOLD (BEARISH) Gold Spot Price,1842.0,1876.0,1838.7,1847.3,20.64,
02/01/2021,GOLD,1824.0,1880.0,1850.0,BEARISH,GOLD (BEARISH) Gold Spot Price,1865.0,1876.0,1851.7,1863.9,21.81,
02/02/2021,GOLD,1827.0,1872.0,1863.0,BEARISH,GOLD (BEARISH) Gold Spot Price,1863.6,1866.3,1830.4,1833.4,19.61,
02/03/2021,,,,,,,1838.5,1845.9,1830.1,1835.1,18.45,YES
02/04/2021,,,,,,,1834.5,1835.7,1784.6,1791.2,19.3,YES
02/05/2021,GOLD,1786.0,1841.0,1791.0,BEARISH,GOLD (BEARISH) Gold Spot Price,1794.3,1816.0,1792.2,1813.0,18.7,
02/08/2021,GOLD,1792.0,1850.0,1813.0,BEARISH,GOLD (BEARISH) Gold Spot Price,1818.1,1840.6,1807.3,1834.2,18.45,
02/09/2021,GOLD,1792.0,1864.0,1834.0,BEARISH,GOLD (BEARISH) Gold Spot Price,1832.4,1849.5,1830.3,1837.5,18.35,
02/10/2021,GOLD,1791.0,1863.0,1837.0,BEARISH,GOLD (BEARISH) Gold Spot Price,1838.3,1856.6,1834.0,1842.7,18.57,
02/11/2021,GOLD,1792.0,1863.0,1842.0,BEARISH,GOLD (BEARISH) Gold Spot Price,1844.3,1848.6,1821.7,1826.8,18.31,
02/12/2021,GOLD,1790.0,1856.0,1826.0,BEARISH,GOLD (BEARISH) Gold Spot Price,1825.4,1831.5,1810.1,1823.2,18.08,
02/16/2021,GOLD,1793.0,1857.0,1823.0,BEARISH,GOLD (BEARISH) Gold Spot Price,1826.0,1827.1,1788.1,1799.0,19.57,
02/17/2021,GOLD,1778.0,1842.0,1799.0,BEARISH,GOLD (BEARISH) Gold Spot Price,1793.1,1794.2,1767.9,1772.8,20.49,
02/18/2021,GOLD,1761.0,1837.0,1772.0,BEARISH,GOLD (BEARISH) Gold Spot Price,1776.0,1788.8,1766.6,1775.0,19.66,
02/19/2021,GOLD,1754.0,1831.0,1775.0,BEARISH,GOLD (BEARISH) Gold Spot Price,1774.6,1790.9,1759.0,1777.4,19.26,
02/22/2021,GOLD,1753.0,1829.0,1777.0,BEARISH,GOLD (BEARISH) Gold Spot Price,1782.0,1812.4,1778.6,1808.4,19.12,
02/23/2021,GOLD,1753.0,1827.0,1808.0,BEARISH,GOLD (BEARISH) Gold Spot Price,1809.3,1815.2,1794.5,1805.9,18.3,
02/24/2021,,,,,,,1805.0,1813.0,1782.2,1797.9,18.31,YES
02/25/2021,GOLD,1755.0,1822.0,1797.0,BEARISH,GOLD (BEARISH) Gold Spot Price,1804.9,1805.0,1763.9,1775.4,21.26,
02/26/2021,GOLD,1748.0,1818.0,1775.0,BEARISH,GOLD (BEARISH) Gold Spot Price,1770.9,1773.8,1714.9,1728.8,21.08,
03/01/2021,GOLD,1726.0,1803.0,1728.0,BEARISH,GOLD (BEARISH) Gold Spot Price,1732.8,1757.4,1717.2,1723.0,21.33,
03/02/2021,GOLD,1706.0,1794.0,1723.0,BEARISH,GOLD (BEARISH) Gold Spot Price,1722.8,1737.8,1704.6,1733.6,20.06,
03/03/2021,GOLD,1704.0,1779.0,1733.0,BEARISH,GOLD (BEARISH) Gold Spot Price,1736.5,1739.1,1699.4,1715.8,20.93,
03/04/2021,GOLD,1689.0,1785.0,1715.0,BEARISH,GOLD (BEARISH) Gold Spot Price,1708.4,1721.6,1687.6,1700.7,21.61,
03/05/2021,GOLD,1670.0,1788.0,1700.0,BEARISH,GOLD (BEARISH) Gold Spot Price,1695.3,1705.7,1683.0,1698.5,20.21,
03/08/2021,GOLD,1662.0,1780.0,1698.0,BEARISH,GOLD (BEARISH) Gold Spot Price,1701.6,1712.0,1673.3,1678.0,20.64,
03/09/2021,GOLD,1653.0,1773.0,1678.0,BEARISH,GOLD (BEARISH) Gold Spot Price,1679.3,1718.7,1676.7,1716.9,19.54,
03/10/2021,GOLD,1657.0,1769.0,1716.0,BEARISH,GOLD (BEARISH) Gold Spot Price,1714.5,1725.3,1705.6,1721.8,18.55,
03/11/2021,GOLD,1669.0,1759.0,1721.0,BEARISH,GOLD (BEARISH) Gold Spot Price,1725.0,1738.0,1716.8,1722.6,18.21,
03/12/2021,GOLD,1660.0,1747.0,1722.0,BEARISH,GOLD (BEARISH) Gold Spot Price,1720.5,1728.0,1696.6,1719.8,18.36,
03/15/2021,GOLD,1671.0,1746.0,1719.0,BEARISH,GOLD (BEARISH) Gold Spot Price,1726.5,1733.2,1719.2,1729.2,17.86,
03/16/2021,GOLD,1672.0,1748.0,1729.0,BEARISH,GOLD (BEARISH) Gold Spot Price,1730.7,1740.5,1724.4,1730.9,17.93,
03/17/2021,GOLD,1675.0,1749.0,1730.0,BEARISH,GOLD (BEARISH) Gold Spot Price,1730.0,1750.6,1722.0,1727.1,17.24,
03/18/2021,GOLD,1673.0,1749.0,1727.0,BEARISH,GOLD (BEARISH) Gold Spot Price,1744.0,1754.2,1716.6,1732.5,17.79,
03/19/2021,GOLD,1680.0,1755.0,1732.0,BEARISH,GOLD (BEARISH) Gold Spot Price,1733.7,1746.1,1727.1,1741.7,16.57,
03/22/2021,GOLD,1702.0,1751.0,1741.0,BEARISH,GOLD (BEARISH) Gold Spot Price,1745.6,1747.0,1726.4,1738.1,16.47,
03/23/2021,GOLD,1705.0,1751.0,1738.0,BEARISH,GOLD (BEARISH) Gold Spot Price,1738.5,1742.0,1722.7,1725.1,16.69,
03/24/2021,GOLD,1706.0,1750.0,1725.0,BEARISH,GOLD (BEARISH) Gold Spot Price,1725.9,1737.7,1722.3,1733.2,15.7,
03/25/2021,GOLD,1708.0,1747.0,1733.0,BEARISH,GOLD (BEARISH) Gold Spot Price,1733.2,1744.8,1720.3,1725.1,15.58,
03/26/2021,GOLD,1712.0,1747.0,1725.0,BEARISH,GOLD (BEARISH) Gold Spot Price,1725.5,1735.5,1718.8,1732.3,15.48,
03/29/2021,GOLD,1711.0,1746.0,1732.0,BEARISH,GOLD (BEARISH) Gold Spot Price,1731.5,1732.6,1703.3,1712.2,17.23,
03/30/2021,GOLD,1683.0,1743.0,1714.0,BEARISH,GOLD (BEARISH) Gold Spot Price,1711.0,1712.6,1676.5,1683.9,18.3,
03/31/2021,GOLD,1672.0,1739.0,1686.0,BEARISH,GOLD (BEARISH) Gold Spot Price,1683.7,1713.8,1676.5,1713.8,17.07,
04/01/2021,GOLD,1681.0,1739.0,1715.0,BEARISH,GOLD (BEARISH) Gold Spot Price,1709.0,1732.0,1706.4,1728.4,16.74,
04/05/2021,GOLD,1685.0,1739.0,1728.0,BEARISH,GOLD (BEARISH) Gold Spot Price,1730.0,1734.4,1721.6,1728.8,17.08,
04/06/2021,GOLD,1691.0,1747.0,1728.0,BEARISH,GOLD (BEARISH) Gold Spot Price,1729.2,1746.7,1728.2,1743.0,16.76,
04/07/2021,GOLD,1690.0,1754.0,1743.0,BEARISH,GOLD (BEARISH) Gold Spot Price,1744.4,1745.4,1731.2,1741.6,16.11,
04/08/2021,GOLD,1687.0,1755.0,1741.0,BEARISH,GOLD (BEARISH) Gold Spot Price,1738.6,1759.4,1733.6,1758.2,15.72,
04/09/2021,GOLD,1685.0,1762.0,1758.0,BEARISH,GOLD (BEARISH) Gold Spot Price,1756.5,1758.2,1730.8,1744.8,15.3,
04/12/2021,GOLD,1686.0,1761.0,1744.0,BEARISH,GOLD (BEARISH) Gold Spot Price,1744.5,1746.2,1727.0,1732.7,14.88,
04/13/2021,GOLD,1684.0,1763.0,1732.0,BEARISH,GOLD (BEARISH) Gold Spot Price,1732.2,1749.5,1723.2,1747.6,14.26,
04/14/2021,GOLD,1688.0,1761.0,1747.0,BEARISH,GOLD (BEARISH) Gold Spot Price,1746.4,1750.7,1732.3,1736.3,14.69,
04/15/2021,GOLD,1689.0,1760.0,1736.0,BEARISH,GOLD (BEARISH) Gold Spot Price,1736.6,1770.6,1734.4,1766.8,15.36,
04/16/2021,GOLD,1689.0,1775.0,1766.0,BEARISH,GOLD (BEARISH) Gold Spot Price,1764.8,1784.7,1760.3,1780.2,15.32,
04/19/2021,GOLD,1701.0,1791.0,1780.0,BEARISH,GOLD (BEARISH) Gold Spot Price,1778.8,1790.4,1766.6,1770.6,16.01,
04/20/2021,GOLD,1702.0,1782.0,1770.0,BEARISH,GOLD (BEARISH) Gold Spot Price,1770.5,1780.8,1763.5,1778.4,15.59,
04/21/2021,GOLD,1703.0,1789.0,1778.0,BEARISH,GOLD (BEARISH) Gold Spot Price,1779.1,1798.4,1776.6,1793.1,16.41,
04/22/2021,GOLD,1706.0,1794.0,1793.0,BEARISH,GOLD (BEARISH) Gold Spot Price,1794.5,1798.1,1777.1,1782.0,16.05,
04/23/2021,GOLD,1707.0,1797.0,1782.0,BEARISH,GOLD (BEARISH) Gold Spot Price,1784.0,1796.3,1769.5,1777.8,15.74,
04/26/2021,GOLD,1716.0,1802.0,1777.0,BEARISH,GOLD (BEARISH) Gold Spot Price,1776.1,1783.1,1768.2,1780.1,15.51,
04/27/2021,GOLD,1723.0,1799.0,1780.0,BEARISH,GOLD (BEARISH) Gold Spot Price,1781.1,1785.9,1773.9,1778.8,14.77,
04/28/2021,GOLD,1738.0,1793.0,1778.0,BEARISH,GOLD (BEARISH) Gold Spot Price,1776.4,1782.7,1761.8,1773.9,14.79,
04/29/2021,GOLD,1739.0,1792.0,1773.0,BEARISH,GOLD (BEARISH) Gold Spot Price,1781.9,1789.9,1754.6,1768.3,14.54,
04/30/2021,GOLD,1740.0,1793.0,1768.0,BEARISH,GOLD (BEARISH) Gold Spot Price,1772.4,1773.3,1763.3,1767.7,14.58,
05/03/2021,GOLD,1743.0,1793.0,1767.0,BEARISH,GOLD (BEARISH) Gold Spot Price,1768.1,1798.9,1765.6,1791.8,15.65,
05/04/2021,GOLD,1753.0,1797.0,1791.0,BEARISH,GOLD (BEARISH) Gold Spot Price,1793.2,1799.5,1769.2,1776.0,15.91,
05/05/2021,GOLD,1753.0,1792.0,1776.0,BEARISH,GOLD (BEARISH) Gold Spot Price,1778.4,1788.1,1769.3,1784.3,15.7,
05/06/2021,GOLD,1753.0,1797.0,1784.0,BEARISH,GOLD (BEARISH) Gold Spot Price,1787.0,1818.6,1781.8,1815.7,16.57,
05/07/2021,GOLD,1757.0,1827.0,1815.0,BEARISH,GOLD (BEARISH) Gold Spot Price,1815.4,1844.6,1813.4,1831.3,16.46,
05/10/2021,GOLD,1744.0,1839.0,1831.0,BEARISH,GOLD (BEARISH) Gold Spot Price,1835.4,1846.3,1830.5,1837.6,17.19,
05/11/2021,GOLD,1741.0,1846.0,1837.0,BEARISH,GOLD (BEARISH) Gold Spot Price,1836.2,1842.5,1817.8,1836.1,17.17,
05/12/2021,GOLD,1743.0,1855.0,1836.0,BEARISH,GOLD (BEARISH) Gold Spot Price,1838.2,1844.7,1813.0,1822.8,17.56,
05/13/2021,GOLD,1753.0,1842.0,1822.0,BEARISH,GOLD (BEARISH) Gold Spot Price,1816.2,1829.1,1808.4,1824.0,17.1,
05/14/2021,GOLD,1759.0,1858.0,1824.0,BEARISH,GOLD (BEARISH) Gold Spot Price,1826.4,1847.1,1819.0,1838.1,16.75,
05/17/2021,GOLD,1764.0,1863.0,1838.0,BEARISH,GOLD (BEARISH) Gold Spot Price,1845.9,1869.3,1841.1,1867.6,17.62,
05/18/2021,GOLD,1776.0,1872.0,1867.0,BEARISH,GOLD (BEARISH) Gold Spot Price,1867.3,1875.9,1863.5,1868.0,17.0,
05/19/2021,GOLD,1791.0,1871.0,1868.0,BEARISH,GOLD (BEARISH) Gold Spot Price,1870.2,1891.3,1852.2,1881.5,17.79,
05/20/2021,GOLD,1794.0,1886.0,1881.0,BEARISH,GOLD (BEARISH) Gold Spot Price,1869.9,1885.3,1864.2,1881.9,17.29,
05/21/2021,GOLD,1795.0,1896.0,1881.0,BEARISH,GOLD (BEARISH) Gold Spot Price,1878.1,1890.3,1870.3,1876.7,16.47,
05/24/2021,GOLD,1797.0,1899.0,1876.0,BEARISH,GOLD (BEARISH) Gold Spot Price,1883.5,1887.9,1875.7,1884.5,16.91,
05/25/2021,GOLD,1799.0,1904.0,1884.0,BEARISH,GOLD (BEARISH) Gold Spot Price,1881.2,1901.2,1873.2,1898.0,17.09,
05/26/2021,GOLD,1803.0,1914.0,1898.0,BEARISH,GOLD (BEARISH) Gold Spot Price,1900.0,1913.3,1890.7,1901.2,16.81,
05/27/2021,GOLD,1806.0,1915.0,1903.0,BEARISH,GOLD (BEARISH) Gold Spot Price,1896.8,1903.9,1888.2,1895.7,16.15,
05/28/2021,GOLD,1807.0,1910.0,1898.0,BEARISH,GOLD (BEARISH) Gold Spot Price,1897.5,1905.4,1881.9,1902.5,16.08,
06/01/2021,GOLD,1811.0,1916.0,1905.0,BEARISH,GOLD (BEARISH) Gold Spot Price,1906.8,1919.2,1894.5,1905.0,16.09,
06/02/2021,GOLD,1812.0,1916.0,1905.0,BEARISH,GOLD (BEARISH) Gold Spot Price,1903.0,1911.8,1896.4,1909.9,15.65,
06/03/2021,GOLD,1815.0,1915.0,1909.0,BEARISH,GOLD (BEARISH) Gold Spot Price,1910.5,1912.3,1866.7,1873.3,15.95,
06/04/2021,GOLD,1817.0,1917.0,1873.0,BEARISH,GOLD (BEARISH) Gold Spot Price,1872.7,1899.0,1855.6,1892.0,15.83,
06/07/2021,GOLD,1818.0,1917.0,1892.0,BEARISH,GOLD (BEARISH) Gold Spot Price,1894.3,1902.9,1883.7,1898.8,15.57,
06/08/2021,GOLD,1829.0,1918.0,1898.0,BEARISH,GOLD (BEARISH) Gold Spot Price,1901.6,1906.9,1885.7,1894.4,15.59,
06/09/2021,GOLD,1822.0,1917.0,1894.0,BEARISH,GOLD (BEARISH) Gold Spot Price,1894.4,1901.7,1889.3,1895.5,15.43,
06/10/2021,GOLD,1829.0,1916.0,1895.0,BEARISH,GOLD (BEARISH) Gold Spot Price,1891.4,1903.0,1871.8,1896.4,15.5,
06/11/2021,GOLD,1835.0,1915.0,1896.0,BEARISH,GOLD (BEARISH) Gold Spot Price,1901.9,1906.2,1876.1,1879.6,15.21,
06/14/2021,GOLD,1836.0,1913.0,1879.0,BEARISH,GOLD (BEARISH) Gold Spot Price,1879.6,1879.7,1845.7,1865.9,16.13,
06/15/2021,GOLD,1837.0,1912.0,1865.0,BEARISH,GOLD (BEARISH) Gold Spot Price,1867.8,1870.9,1853.0,1856.4,16.26,
06/16/2021,GOLD,1838.0,1893.0,1856.0,BEARISH,GOLD (BEARISH) Gold Spot Price,1861.0,1866.0,1804.4,1861.4,16.3,
06/17/2021,GOLD,1781.0,1881.0,1861.0,BEARISH,GOLD (BEARISH) Gold Spot Price,1812.3,1826.4,1767.9,1774.8,17.66,
06/18/2021,GOLD,1752.0,1860.0,1774.0,BEARISH,GOLD (BEARISH) Gold Spot Price,1773.9,1797.9,1761.2,1769.0,17.9,
06/21/2021,GOLD,1758.0,1854.0,1769.0,BEARISH,GOLD (BEARISH) Gold Spot Price,1764.3,1786.9,1764.1,1782.9,16.91,
06/22/2021,GOLD,1739.0,1842.0,1782.0,BEARISH,GOLD (BEARISH) Gold Spot Price,1783.2,1790.1,1771.2,1777.4,16.66,
06/23/2021,GOLD,1729.0,1824.0,1777.0,BEARISH,GOLD (BEARISH) Gold Spot Price,1779.1,1795.6,1773.1,1783.4,16.2,
06/24/2021,GOLD,1725.0,1838.0,1783.0,BEARISH,GOLD (BEARISH) Gold Spot Price,1778.2,1788.6,1772.7,1776.7,15.7,
06/25/2021,GOLD,1724.0,1822.0,1776.0,BEARISH,GOLD (BEARISH) Gold Spot Price,1775.7,1791.0,1773.6,1777.8,15.29,
06/28/2021,GOLD,1724.0,1829.0,1777.0,BEARISH,GOLD (BEARISH) Gold Spot Price,1782.0,1786.1,1770.4,1780.7,15.36,
06/29/2021,GOLD,1721.0,1822.0,1780.0,BEARISH,GOLD (BEARISH) Gold Spot Price,1778.8,1779.2,1750.1,1763.6,16.19,
06/30/2021,GOLD,1723.0,1808.0,1763.0,BEARISH,GOLD (BEARISH) Gold Spot Price,1761.9,1774.7,1753.2,1771.6,15.97,
07/01/2021,GOLD,1727.0,1814.0,1771.0,BEARISH,GOLD (BEARISH) Gold Spot Price,1770.8,1783.4,1765.9,1776.8,15.8,
07/02/2021,GOLD,1735.0,1808.0,1776.0,BEARISH,GOLD (BEARISH) Gold Spot Price,1777.5,1795.9,1774.4,1783.3,15.28,
07/06/2021,GOLD,1745.0,1816.0,1783.0,BEARISH,GOLD (BEARISH) Gold Spot Price,1787.5,1815.7,1784.7,1794.2,15.45,
07/07/2021,GOLD,1758.0,1814.0,1794.0,BEARISH,GOLD (BEARISH) Gold Spot Price,1797.0,1810.2,1794.1,1802.1,15.21,
07/08/2021,GOLD,1756.0,1819.0,1802.0,BEARISH,GOLD (BEARISH) Gold Spot Price,1803.8,1819.5,1793.5,1800.2,15.82,
07/09/2021,GOLD,1755.0,1812.0,1800.0,BEARISH,GOLD (BEARISH) Gold Spot Price,1803.2,1813.0,1796.6,1810.6,15.27,
07/12/2021,GOLD,1755.0,1814.0,1810.0,BEARISH,GOLD (BEARISH) Gold Spot Price,1808.5,1811.0,1791.0,1805.9,15.04,
07/13/2021,GOLD,1760.0,1823.0,1805.0,BEARISH,GOLD (BEARISH) Gold Spot Price,1806.7,1818.0,1798.7,1809.9,14.84,
07/14/2021,GOLD,1764.0,1825.0,1809.0,NEUTRAL,GOLD (NEUTRAL) Gold Spot Price,1808.3,1831.1,1804.9,1825.0,14.79,
07/15/2021,GOLD,1775.0,1838.0,1825.0,BULLISH,GOLD (BULLISH) Gold Spot Price,1828.7,1835.0,1820.6,1829.0,15.01,
07/16/2021,GOLD,1776.0,1843.0,1829.0,BULLISH,GOLD (BULLISH) Gold Spot Price,1830.7,1832.7,1809.5,1815.0,14.6,
07/19/2021,GOLD,1778.0,1834.0,1815.0,BULLISH,GOLD (BULLISH) Gold Spot Price,1811.6,1818.0,1795.0,1809.2,15.96,
07/20/2021,GOLD,1789.0,1836.0,1809.0,BULLISH,GOLD (BULLISH) Gold Spot Price,1813.5,1825.9,1805.2,1811.4,15.01,
07/21/2021,GOLD,1791.0,1839.0,1811.0,BULLISH,GOLD (BULLISH) Gold Spot Price,1810.6,1814.4,1794.3,1803.4,15.01,
07/22/2021,GOLD,1787.0,1833.0,1803.0,BULLISH,GOLD (BULLISH) Gold Spot Price,1803.9,1808.4,1791.9,1805.4,14.51,
07/23/2021,GOLD,1788.0,1832.0,1805.0,BULLISH,GOLD (BULLISH) Gold Spot Price,1807.7,1810.7,1789.1,1801.8,14.53,
07/26/2021,GOLD,1791.0,1835.0,1801.0,BULLISH,GOLD (BULLISH) Gold Spot Price,1802.3,1812.0,1796.0,1799.2,15.2,
07/27/2021,GOLD,1790.0,1833.0,1799.0,BULLISH,GOLD (BULLISH) Gold Spot Price,1797.1,1805.4,1792.8,1799.8,15.51,
07/28/2021,,,,,,,1798.6,1809.0,1790.7,1799.7,15.61,YES
07/29/2021,GOLD,1792.0,1834.0,1799.0,BULLISH,GOLD (BULLISH) Gold Spot Price,1806.6,1832.6,1806.1,1831.2,15.21,
07/30/2021,GOLD,1783.0,1836.0,1835.0,BULLISH,GOLD (BULLISH) Gold Spot Price,1828.0,1830.5,1808.9,1812.6,15.09,
08/02/2021,GOLD,1783.0,1833.0,1817.0,BULLISH,GOLD (BULLISH) Gold Spot Price,1817.0,1823.2,1808.2,1822.2,15.23,
08/03/2021,GOLD,1786.0,1838.0,1822.0,BULLISH,GOLD (BULLISH) Gold Spot Price,1816.8,1818.2,1809.5,1814.1,15.09,
08/04/2021,GOLD,1787.0,1839.0,1814.0,BULLISH,GOLD (BULLISH) Gold Spot Price,1813.7,1835.9,1808.3,1814.5,14.88,
08/05/2021,GOLD,1786.0,1837.0,1814.0,BULLISH,GOLD (BULLISH) Gold Spot Price,1814.9,1817.9,1799.7,1808.9,14.84,
08/06/2021,GOLD,1787.0,1837.0,1808.0,BULLISH,GOLD (BULLISH) Gold Spot Price,1806.7,1807.0,1759.5,1763.1,15.9,
08/09/2021,GOLD,1727.0,1812.0,1763.0,NEUTRAL,GOLD (NEUTRAL) Gold Spot Price,1765.0,1765.7,1677.9,1726.5,17.26,
08/10/2021,GOLD,1725.0,1824.0,1726.0,NEUTRAL,GOLD (NEUTRAL) Gold Spot Price,1732.0,1739.4,1718.5,1731.7,16.93,
08/11/2021,GOLD,1713.0,1808.0,1731.0,NEUTRAL,GOLD (NEUTRAL) Gold Spot Price,1730.4,1756.7,1724.6,1753.3,15.83,
08/12/2021,GOLD,1710.0,1806.0,1753.0,NEUTRAL,GOLD (NEUTRAL) Gold Spot Price,1752.9,1759.6,1742.6,1751.8,15.67,
08/13/2021,GOLD,1701.0,1792.0,1751.0,NEUTRAL,GOLD (NEUTRAL) Gold Spot Price,1754.4,1781.9,1753.0,1778.2,15.15,
08/16/2021,GOLD,1707.0,1814.0,1778.0,NEUTRAL,GOLD (NEUTRAL) Gold Spot Price,1780.7,1791.3,1772.0,1789.8,15.62,
08/17/2021,GOLD,1721.0,1830.0,1789.0,BULLISH,GOLD (BULLISH) Gold Spot Price,1789.1,1797.6,1782.1,1787.8,16.1,
08/18/2021,GOLD,1723.0,1821.0,1787.0,BULLISH,GOLD (BULLISH) Gold Spot Price,1787.8,1795.7,1778.8,1784.4,15.8,
08/19/2021,GOLD,1731.0,1812.0,1784.0,BULLISH,GOLD (BULLISH) Gold Spot Price,1789.5,1795.0,1774.6,1783.1,15.91,
08/20/2021,GOLD,1728.0,1813.0,1783.0,BULLISH,GOLD (BULLISH) Gold Spot Price,1782.8,1791.0,1780.0,1784.0,15.34,
08/23/2021,GOLD,1742.0,1818.0,1784.0,BULLISH,GOLD (BULLISH) Gold Spot Price,1781.2,1809.1,1778.0,1806.3,15.84,
08/24/2021,GOLD,1749.0,1816.0,1806.0,BULLISH,GOLD (BULLISH) Gold Spot Price,1807.6,1812.2,1802.6,1808.5,15.45,
08/25/2021,GOLD,1756.0,1819.0,1808.0,BULLISH,GOLD (BULLISH) Gold Spot Price,1805.1,1805.3,1784.0,1791.0,15.9,
08/26/2021,GOLD,1767.0,1814.0,1791.0,BULLISH,GOLD (BULLISH) Gold Spot Price,1793.0,1800.4,1781.3,1795.2,16.44,
08/27/2021,GOLD,1771.0,1820.0,1795.0,BULLISH,GOLD (BULLISH) Gold Spot Price,1795.2,1821.9,1785.2,1819.5,15.27,
08/30/2021,GOLD,1773.0,1826.0,1819.0,BULLISH,GOLD (BULLISH) Gold Spot Price,1821.6,1826.5,1810.0,1812.2,15.52,
08/31/2021,GOLD,1774.0,1829.0,1812.0,BULLISH,GOLD (BULLISH) Gold Spot Price,1812.2,1821.9,1803.4,1818.1,15.47,
09/01/2021,GOLD,1777.0,1831.0,1818.0,BULLISH,GOLD (BULLISH) Gold Spot Price,1816.7,1822.7,1810.6,1816.0,15.12,
09/02/2021,GOLD,1779.0,1832.0,1816.0,BULLISH,GOLD (BULLISH) Gold Spot Price,1816.2,1819.6,1806.5,1811.5,14.76,
09/03/2021,GOLD,1781.0,1831.0,1811.0,BULLISH,GOLD (BULLISH) Gold Spot Price,1811.5,1836.9,1810.9,1833.7,14.95,
09/07/2021,GOLD,1788.0,1838.0,1833.0,BULLISH,GOLD (BULLISH) Gold Spot Price,1833.5,1833.5,1793.7,1798.5,15.36,
09/08/2021,GOLD,1783.0,1838.0,1798.0,BULLISH,GOLD (BULLISH) Gold Spot Price,1796.1,1804.4,1783.1,1793.5,15.14,
09/09/2021,GOLD,1785.0,1837.0,1793.0,BULLISH,GOLD (BULLISH) Gold Spot Price,1790.9,1803.4,1785.1,1800.0,15.1,
09/10/2021,GOLD,1784.0,1838.0,1800.0,BULLISH,GOLD (BULLISH) Gold Spot Price,1796.2,1806.0,1788.2,1792.1,15.15,
09/13/2021,GOLD,1772.0,1835.0,1792.0,BULLISH,GOLD (BULLISH) Gold Spot Price,1789.8,1800.2,1784.4,1794.4,15.09,
09/14/2021,GOLD,1775.0,1834.0,1794.0,BULLISH,GOLD (BULLISH) Gold Spot Price,1794.8,1810.6,1780.6,1807.1,15.02,
09/15/2021,GOLD,1776.0,1832.0,1807.0,BULLISH,GOLD (BULLISH) Gold Spot Price,1806.6,1808.5,1791.7,1794.8,15.14,
09/16/2021,GOLD,1767.0,1826.0,1794.0,NEUTRAL,GOLD (NEUTRAL) Gold Spot Price,1795.5,1797.3,1745.5,1756.7,15.92,
09/17/2021,GOLD,1749.0,1797.0,1756.0,NEUTRAL,GOLD (NEUTRAL) Gold Spot Price,1754.6,1767.8,1747.1,1751.4,15.92,
09/20/2021,GOLD,1741.0,1802.0,1751.0,BEARISH,GOLD (BEARISH) Gold Spot Price,1754.2,1768.4,1742.3,1763.8,16.85,
09/21/2021,GOLD,1742.0,1793.0,1763.0,BEARISH,GOLD (BEARISH) Gold Spot Price,1765.5,1782.8,1758.3,1778.2,16.46,
09/22/2021,GOLD,1741.0,1799.0,1778.0,BEARISH,GOLD (BEARISH) Gold Spot Price,1775.0,1788.4,1764.6,1778.8,16.41,
09/23/2021,GOLD,1740.0,1799.0,1778.0,BEARISH,GOLD (BEARISH) Gold Spot Price,1769.2,1777.1,1737.5,1749.8,16.82,
09/24/2021,GOLD,1731.0,1786.0,1749.0,BEARISH,GOLD (BEARISH) Gold Spot Price,1743.7,1758.0,1740.2,1751.7,16.44,
09/27/2021,GOLD,1730.0,1785.0,1751.0,BEARISH,GOLD (BEARISH) Gold Spot Price,1751.8,1760.9,1744.7,1752.0,16.2,
09/28/2021,GOLD,1729.0,1782.0,1752.0,BEARISH,GOLD (BEARISH) Gold Spot Price,1750.0,1754.3,1727.8,1737.5,16.78,
09/29/2021,GOLD,1730.0,1779.0,1737.0,BEARISH,GOLD (BEARISH) Gold Spot Price,1734.0,1746.0,1721.1,1722.9,17.39,
09/30/2021,GOLD,1716.0,1773.0,1722.0,BEARISH,GOLD (BEARISH) Gold Spot Price,1726.0,1765.0,1721.8,1757.0,17.16,
10/01/2021,GOLD,1719.0,1778.0,1757.0,BEARISH,GOLD (BEARISH) Gold Spot Price,1757.2,1765.2,1749.9,1758.4,16.33,
10/04/2021,GOLD,1719.0,1773.0,1758.0,BEARISH,GOLD (BEARISH) Gold Spot Price,1762.6,1771.5,1747.7,1767.6,16.77,
10/05/2021,GOLD,1721.0,1773.0,1767.0,BEARISH,GOLD (BEARISH) Gold Spot Price,1770.8,1771.1,1748.6,1760.9,16.56,
10/06/2021,GOLD,1721.0,1777.0,1760.0,BEARISH,GOLD (BEARISH) Gold Spot Price,1760.5,1765.9,1745.4,1761.8,16.58,
10/07/2021,GOLD,1723.0,1779.0,1761.0,BEARISH,GOLD (BEARISH) Gold Spot Price,1763.8,1767.7,1752.0,1759.2,16.29,
10/08/2021,GOLD,1720.0,1779.0,1759.0,BEARISH,GOLD (BEARISH) Gold Spot Price,1757.0,1782.4,1753.6,1757.4,15.67,
10/11/2021,GOLD,1721.0,1778.0,1757.0,BEARISH,GOLD (BEARISH) Gold Spot Price,1757.4,1761.1,1749.9,1755.7,15.56,
10/12/2021,GOLD,1723.0,1779.0,1755.0,BEARISH,GOLD (BEARISH) Gold Spot Price,1753.6,1770.0,1750.5,1759.3,15.1,
10/13/2021,GOLD,1728.0,1776.0,1759.0,BEARISH,GOLD (BEARISH) Gold Spot Price,1760.4,1797.4,1757.9,1794.7,15.51,
10/14/2021,GOLD,1731.0,1805.0,1794.0,BEARISH,GOLD (BEARISH) Gold Spot Price,1793.6,1801.9,1787.6,1797.9,15.34,
10/15/2021,GOLD,1733.0,1801.0,1797.0,BEARISH,GOLD (BEARISH) Gold Spot Price,1797.3,1797.7,1765.1,1768.3,15.06,
10/18/2021,GOLD,1731.0,1798.0,1768.0,BEARISH,GOLD (BEARISH) Gold Spot Price,1767.5,1772.5,1760.3,1765.7,15.53,
10/19/2021,GOLD,1733.0,1799.0,1765.0,BEARISH,GOLD (BEARISH) Gold Spot Price,1764.8,1786.0,1763.4,1770.5,15.32,
10/20/2021,GOLD,1733.0,1799.0,1770.0,BEARISH,GOLD (BEARISH) Gold Spot Price,1769.4,1789.6,1767.1,1784.9,15.27,
10/21/2021,GOLD,1732.0,1800.0,1784.0,BEARISH,GOLD (BEARISH) Gold Spot Price,1782.5,1790.3,1776.8,1781.9,15.15,
10/22/2021,GOLD,1736.0,1804.0,1781.0,BEARISH,GOLD (BEARISH) Gold Spot Price,1783.7,1815.5,1783.4,1796.3,15.74,
10/25/2021,GOLD,1742.0,1809.0,1796.0,BEARISH,GOLD (BEARISH) Gold Spot Price,1794.2,1811.5,1793.0,1806.8,16.73,
10/26/2021,GOLD,1747.0,1814.0,1806.0,BEARISH,GOLD (BEARISH) Gold Spot Price,1808.7,1809.8,1783.0,1793.4,15.96,
10/27/2021,GOLD,1747.0,1812.0,1791.0,BEARISH,GOLD (BEARISH) Gold Spot Price,1795.0,1801.0,1784.3,1798.8,16.08,
10/28/2021,,,,,,,1798.7,1812.7,1793.1,1802.6,15.8,YES
10/29/2021,GOLD,1752.0,1813.0,1802.0,BEARISH,GOLD (BEARISH) Gold Spot Price,1801.5,1802.9,1772.4,1783.9,16.07,
11/01/2021,GOLD,1759.0,1814.0,1783.0,BEARISH,GOLD (BEARISH) Gold Spot Price,1785.3,1797.5,1780.2,1795.8,16.31,
11/02/2021,GOLD,1757.0,1812.0,1795.0,BEARISH,GOLD (BEARISH) Gold Spot Price,1794.8,1797.8,1787.4,1789.4,16.47,
11/03/2021,GOLD,1758.0,1809.0,1789.0,BEARISH,GOLD (BEARISH) Gold Spot Price,1789.2,1789.3,1758.5,1763.9,16.28,
11/04/2021,GOLD,1755.0,1808.0,1763.0,BEARISH,GOLD (BEARISH) Gold Spot Price,1769.9,1800.3,1769.3,1793.5,15.87,
11/05/2021,GOLD,1758.0,1817.0,1793.0,BEARISH,GOLD (BEARISH) Gold Spot Price,1792.6,1820.1,1785.3,1816.8,16.64,
11/08/2021,GOLD,1759.0,1821.0,1816.0,BEARISH,GOLD (BEARISH) Gold Spot Price,1820.6,1828.3,1813.8,1828.0,16.66,
11/09/2021,GOLD,1760.0,1832.0,1828.0,BEARISH,GOLD (BEARISH) Gold Spot Price,1826.9,1834.8,1821.0,1830.8,16.76,
11/10/2021,GOLD,1757.0,1835.0,1830.0,BEARISH,GOLD (BEARISH) Gold Spot Price,1834.5,1870.6,1823.0,1848.3,16.8,
11/11/2021,GOLD,1752.0,1868.0,1848.0,NEUTRAL,GOLD (NEUTRAL) Gold Spot Price,1851.5,1868.7,1845.1,1863.9,16.95,
11/12/2021,GOLD,1753.0,1871.0,1863.0,NEUTRAL,GOLD (NEUTRAL) Gold Spot Price,1864.3,1871.4,1847.5,1868.5,16.85,
11/15/2021,GOLD,1754.0,1886.0,1868.0,BULLISH,GOLD (BULLISH) Gold Spot Price,1872.6,1873.0,1858.5,1866.6,17.0,
11/16/2021,GOLD,1761.0,1888.0,1866.0,BULLISH,GOLD (BULLISH) Gold Spot Price,1864.9,1879.5,1851.0,1854.1,16.67,
11/17/2021,GOLD,1790.0,1890.0,1854.0,BULLISH,GOLD (BULLISH) Gold Spot Price,1851.6,1870.6,1851.1,1870.2,16.69,
11/18/2021,GOLD,1798.0,1888.0,1870.0,BULLISH,GOLD (BULLISH) Gold Spot Price,1869.5,1873.3,1856.6,1861.4,16.25,
11/19/2021,GOLD,1801.0,1886.0,1861.0,BULLISH,GOLD (BULLISH) Gold Spot Price,1860.8,1868.1,1844.2,1851.6,15.99,
11/22/2021,GOLD,1822.0,1879.0,1851.0,BULLISH,GOLD (BULLISH) Gold Spot Price,1848.3,1850.4,1802.4,1806.3,16.59,
11/23/2021,GOLD,1781.0,1858.0,1806.0,NEUTRAL,GOLD (NEUTRAL) Gold Spot Price,1807.1,1812.5,1781.7,1783.8,16.81,
11/24/2021,,,,,,,1789.8,1796.2,1777.4,1784.3,16.75,YES
11/26/2021,GOLD,1768.0,1840.0,1784.0,BEARISH,GOLD (BEARISH) Gold Spot Price,1789.6,1816.3,1778.6,1785.5,17.99,
11/29/2021,GOLD,1752.0,1830.0,1785.0,BEARISH,GOLD (BEARISH) Gold Spot Price,1791.7,1798.9,1779.1,1782.3,17.55,
11/30/2021,GOLD,1748.0,1830.0,1785.0,BEARISH,GOLD (BEARISH) Gold Spot Price,1783.9,1808.1,1768.7,1773.6,17.99,
12/01/2021,GOLD,1738.0,1821.0,1776.0,BEARISH,GOLD (BEARISH) Gold Spot Price,1777.4,1795.7,1773.7,1784.3,18.39,
12/02/2021,GOLD,1740.0,1852.0,1784.0,BEARISH,GOLD (BEARISH) Gold Spot Price,1783.8,1785.2,1762.2,1762.7,18.45,
12/03/2021,GOLD,1740.0,1837.0,1762.0,BEARISH,GOLD (BEARISH) Gold Spot Price,1769.4,1788.0,1766.0,1783.9,17.92,
12/06/2021,GOLD,1752.0,1824.0,1783.0,BEARISH,GOLD (BEARISH) Gold Spot Price,1787.7,1789.0,1776.4,1779.5,17.44,
12/07/2021,GOLD,1756.0,1801.0,1779.0,BEARISH,GOLD (BEARISH) Gold Spot Price,1779.5,1789.3,1772.4,1784.7,17.02,
12/08/2021,GOLD,1760.0,1800.0,1784.0,BEARISH,GOLD (BEARISH) Gold Spot Price,1785.1,1794.3,1780.1,1785.5,16.48,
12/09/2021,GOLD,1761.0,1799.0,1785.0,BEARISH,GOLD (BEARISH) Gold Spot Price,1784.3,1788.4,1773.3,1776.7,16.7,
12/10/2021,GOLD,1759.0,1798.0,1776.0,BEARISH,GOLD (BEARISH) Gold Spot Price,1776.3,1791.0,1770.4,1784.8,15.35,
12/13/2021,GOLD,1762.0,1797.0,1784.0,BEARISH,GOLD (BEARISH) Gold Spot Price,1784.2,1792.8,1782.2,1788.3,15.97,
12/14/2021,GOLD,1762.0,1799.0,1788.0,BEARISH,GOLD (BEARISH) Gold Spot Price,1787.6,1789.8,1766.1,1772.3,16.41,
12/15/2021,GOLD,1759.0,1796.0,1772.0,BEARISH,GOLD (BEARISH) Gold Spot Price,1771.9,1781.3,1753.0,1764.5,15.54,
12/16/2021,GOLD,1761.0,1796.0,1764.0,BEARISH,GOLD (BEARISH) Gold Spot Price,1777.9,1800.7,1775.7,1798.2,15.22,
12/17/2021,GOLD,1762.0,1811.0,1798.0,NEUTRAL,GOLD (NEUTRAL) Gold Spot Price,1801.5,1815.7,1796.5,1804.9,15.07,
12/20/2021,GOLD,1755.0,1817.0,1804.0,BULLISH,GOLD (BULLISH) Gold Spot Price,1800.2,1804.6,1789.0,1794.6,15.77,
12/21/2021,GOLD,1760.0,1815.0,1794.0,BULLISH,GOLD (BULLISH) Gold Spot Price,1791.4,1801.7,1785.0,1788.7,15.42,
12/22/2021,GOLD,1760.0,1812.0,1788.0,BULLISH,GOLD (BULLISH) Gold Spot Price,1789.4,1806.3,1785.8,1802.2,14.94,
12/23/2021,GOLD,1764.0,1819.0,1802.0,BULLISH,GOLD (BULLISH) Gold Spot Price,1805.6,1812.0,1799.0,1811.7,14.62,
12/27/2021,GOLD,1763.0,1822.0,1811.0,BULLISH,GOLD (BULLISH) Gold Spot Price,1810.2,1814.6,1803.6,1808.8,15.44,
12/28/2021,GOLD,1763.0,1828.0,1808.0,BULLISH,GOLD (BULLISH) Gold Spot Price,1812.1,1821.6,1805.5,1810.9,15.06,
12/29/2021,GOLD,1765.0,1828.0,1810.0,BULLISH,GOLD (BULLISH) Gold Spot Price,1806.6,1808.0,1789.1,1805.8,15.13,
12/30/2021,GOLD,1771.0,1825.0,1805.0,BULLISH,GOLD (BULLISH) Gold Spot Price,1805.6,1818.1,1796.2,1814.1,14.77,
12/31/2021,GOLD,1781.0,1831.0,1814.0,BULLISH,GOLD (BULLISH) Gold Spot Price,1817.0,1831.4,1815.4,1828.6,14.61,
01/03/2022,GOLD,1781.0,1832.0,1828.0,BULLISH,GOLD (BULLISH) Gold Spot Price,1830.1,1833.0,1798.2,1800.1,15.34,
01/04/2022,GOLD,1785.0,1830.0,1800.0,BULLISH,GOLD (BULLISH) Gold Spot Price,1801.1,1817.2,1798.1,1814.6,15.33,
01/05/2022,GOLD,1790.0,1836.0,1814.0,BULLISH,GOLD (BULLISH) Gold Spot Price,1815.2,1830.7,1808.2,1825.1,16.21,
01/06/2022,GOLD,1790.0,1831.0,1825.0,BULLISH,GOLD (BULLISH) Gold Spot Price,1810.6,1811.6,1785.4,1789.2,15.87,
01/07/2022,GOLD,1782.0,1835.0,1789.0,BULLISH,GOLD (BULLISH) Gold Spot Price,1791.0,1798.4,1781.3,1797.4,15.04,
01/10/2022,GOLD,1784.0,1835.0,1797.0,BULLISH,GOLD (BULLISH) Gold Spot Price,1796.4,1802.0,1789.3,1798.8,15.56,
01/11/2022,GOLD,1784.0,1837.0,1798.0,BULLISH,GOLD (BULLISH) Gold Spot Price,1801.3,1823.1,1799.7,1818.5,15.21,
01/12/2022,GOLD,1782.0,1837.0,1818.0,BULLISH,GOLD (BULLISH) Gold Spot Price,1821.3,1828.2,1814.4,1827.3,15.32,
01/13/2022,GOLD,1782.0,1840.0,1827.0,BULLISH,GOLD (BULLISH) Gold Spot Price,1825.7,1828.3,1811.8,1821.4,15.17,
01/14/2022,GOLD,1783.0,1840.0,1821.0,BULLISH,GOLD (BULLISH) Gold Spot Price,1822.1,1829.3,1814.2,1816.5,14.73,
01/18/2022,GOLD,1785.0,1838.0,1816.0,BULLISH,GOLD (BULLISH) Gold Spot Price,1818.7,1822.9,1804.7,1812.4,15.09,
01/19/2022,GOLD,1787.0,1841.0,1812.0,BULLISH,GOLD (BULLISH) Gold Spot Price,1812.9,1843.9,1809.0,1843.2,15.64,
01/20/2022,GOLD,1784.0,1848.0,1843.0,BULLISH,GOLD (BULLISH) Gold Spot Price,1840.1,1848.5,1836.2,1842.6,15.09,
01/21/2022,GOLD,1787.0,1851.0,1842.0,BULLISH,GOLD (BULLISH) Gold Spot Price,1840.6,1843.7,1828.4,1831.8,15.2,
01/24/2022,GOLD,1794.0,1855.0,1831.0,BULLISH,GOLD (BULLISH) Gold Spot Price,1835.2,1844.9,1829.3,1841.7,16.3,
01/25/2022,GOLD,1804.0,1854.0,1841.0,BULLISH,GOLD (BULLISH) Gold Spot Price,1843.6,1854.2,1834.4,1852.5,16.47,
01/26/2022,GOLD,1805.0,1862.0,1852.0,BULLISH,GOLD (BULLISH) Gold Spot Price,1848.0,1850.2,1814.1,1829.7,16.42,
01/27/2022,GOLD,1804.0,1860.0,1829.0,BULLISH,GOLD (BULLISH) Gold Spot Price,1819.0,1821.4,1790.6,1793.1,17.15,
01/28/2022,GOLD,1780.0,1866.0,1795.0,BULLISH,GOLD (BULLISH) Gold Spot Price,1797.5,1798.4,1778.8,1784.9,17.12,
01/31/2022,GOLD,1780.0,1871.0,1786.0,BULLISH,GOLD (BULLISH) Gold Spot Price,1788.5,1798.5,1785.1,1795.0,16.7,
02/01/2022,GOLD,1779.0,1873.0,1796.0,BULLISH,GOLD (BULLISH) Gold Spot Price,1798.9,1809.7,1796.2,1801.5,16.5,
02/02/2022,GOLD,1775.0,1868.0,1801.0,BULLISH,GOLD (BULLISH) Gold Spot Price,1800.8,1812.0,1794.6,1810.3,15.66,
02/03/2022,GOLD,1773.0,1862.0,1810.0,BULLISH,GOLD (BULLISH) Gold Spot Price,1807.4,1809.5,1788.5,1804.1,16.01,
02/04/2022,GOLD,1772.0,1859.0,1804.0,BULLISH,GOLD (BULLISH) Gold Spot Price,1805.4,1815.8,1792.1,1807.8,15.53,
02/07/2022,GOLD,1773.0,1851.0,1807.0,BULLISH,GOLD (BULLISH) Gold Spot Price,1808.0,1824.6,1807.5,1821.8,16.15,
02/08/2022,GOLD,1778.0,1841.0,1821.0,BULLISH,GOLD (BULLISH) Gold Spot Price,1821.5,1829.9,1816.0,1827.9,15.86,
02/09/2022,GOLD,1780.0,1837.0,1827.0,BULLISH,GOLD (BULLISH) Gold Spot Price,1827.0,1837.1,1825.5,1836.6,15.63,
02/10/2022,GOLD,1781.0,1845.0,1836.0,BULLISH,GOLD (BULLISH) Gold Spot Price,1834.0,1843.3,1821.8,1837.4,15.92,
02/11/2022,GOLD,1785.0,1849.0,1837.0,BULLISH,GOLD (BULLISH) Gold Spot Price,1827.0,1867.4,1821.1,1842.1,17.81,
02/14/2022,GOLD,1792.0,1861.0,1842.0,BULLISH,GOLD (BULLISH) Gold Spot Price,1862.2,1876.5,1851.9,1869.4,18.95,
02/15/2022,GOLD,1796.0,1871.0,1869.0,BULLISH,GOLD (BULLISH) Gold Spot Price,1873.8,1881.6,1845.4,1856.2,17.7,
02/16/2022,GOLD,1797.0,1877.0,1856.0,BULLISH,GOLD (BULLISH) Gold Spot Price,1855.5,1874.6,1851.8,1871.5,18.07,
02/17/2022,GOLD,1812.0,1891.0,1871.0,BULLISH,GOLD (BULLISH) Gold Spot Price,1872.0,1904.0,1869.7,1902.0,19.79,
02/18/2022,GOLD,1815.0,1909.0,1902.0,BULLISH,GOLD (BULLISH) Gold Spot Price,1901.4,1905.0,1888.0,1899.8,18.54,
02/22/2022,GOLD,1827.0,1914.0,1899.0,BULLISH,GOLD (BULLISH) Gold Spot Price,1903.5,1918.3,1889.7,1907.4,17.93,
02/23/2022,GOLD,1820.0,1924.0,1907.0,BULLISH,GOLD (BULLISH) Gold Spot Price,1901.2,1912.9,1891.1,1910.4,17.69,
02/24/2022,GOLD,1829.0,1971.0,1910.0,BULLISH,GOLD (BULLISH) Gold Spot Price,1911.9,1976.5,1878.6,1926.3,18.12,
02/25/2022,GOLD,1843.0,1951.0,1926.0,BULLISH,GOLD (BULLISH) Gold Spot Price,1906.5,1925.0,1884.4,1887.6,18.4,
02/28/2022,GOLD,1851.0,1943.0,1887.0,BULLISH,GOLD (BULLISH) Gold Spot Price,1921.0,1935.2,1892.2,1900.7,20.97,
03/01/2022,GOLD,1860.0,1945.0,1900.0,BULLISH,GOLD (BULLISH) Gold Spot Price,1908.4,1952.6,1903.0,1943.8,22.7,
03/02/2022,GOLD,1867.0,1954.0,1943.0,BULLISH,GOLD (BULLISH) Gold Spot Price,1945.3,1951.4,1916.0,1922.3,21.85,
03/03/2022,GOLD,1880.0,1949.0,1922.0,BULLISH,GOLD (BULLISH) Gold Spot Price,1931.7,1944.6,1923.1,1935.9,22.94,
03/04/2022,GOLD,1879.0,1958.0,1935.0,BULLISH,GOLD (BULLISH) Gold Spot Price,1938.5,1974.9,1931.5,1966.6,26.29,
03/07/2022,GOLD,1890.0,2011.0,1966.0,BULLISH,GOLD (BULLISH) Gold Spot Price,1978.5,2007.5,1964.2,1995.9,29.67,
03/08/2022,GOLD,1889.0,2015.0,1995.0,BULLISH,GOLD (BULLISH) Gold Spot Price,2001.0,2078.8,1985.8,2043.3,31.7,
03/09/2022,GOLD,1901.0,2040.0,2043.0,BULLISH,GOLD (BULLISH) Gold Spot Price,2060.2,2068.5,1981.0,1988.2,28.01,
03/10/2022,GOLD,1907.0,2049.0,1988.0,BULLISH,GOLD (BULLISH) Gold Spot Price,1992.8,2015.1,1975.0,2000.4,26.08,
03/11/2022,GOLD,1913.0,2052.0,2000.0,BULLISH,GOLD (BULLISH) Gold Spot Price,2000.3,2004.0,1960.6,1985.0,24.73,
03/14/2022,GOLD,1918.0,2048.0,1985.0,BULLISH,GOLD (BULLISH) Gold Spot Price,1988.7,1994.8,1952.0,1960.8,24.08,
03/15/2022,GOLD,1911.0,2047.0,1960.0,BULLISH,GOLD (BULLISH) Gold Spot Price,1953.7,1956.9,1908.1,1929.7,23.8,
03/16/2022,GOLD,1910.0,2046.0,1929.0,BULLISH,GOLD (BULLISH) Gold Spot Price,1920.1,1930.1,1895.2,1909.2,22.51,
03/17/2022,GOLD,1902.0,2052.0,1909.0,BULLISH,GOLD (BULLISH) Gold Spot Price,1928.4,1951.0,1924.0,1943.2,22.23,
03/18/2022,GOLD,1893.0,2053.0,1943.0,BULLISH,GOLD (BULLISH) Gold Spot Price,1943.9,1946.2,1918.0,1929.3,22.0,
03/21/2022,GOLD,1884.0,2047.0,1929.0,BULLISH,GOLD (BULLISH) Gold Spot Price,1922.4,1941.8,1917.2,1929.5,21.89,
03/22/2022,GOLD,1890.0,2043.0,1929.0,BULLISH,GOLD (BULLISH) Gold Spot Price,1936.1,1939.5,1909.8,1921.5,20.58,
03/23/2022,GOLD,1889.0,2033.0,1921.0,BULLISH,GOLD (BULLISH) Gold Spot Price,1920.9,1948.8,1915.6,1937.3,23.41,
03/24/2022,GOLD,1896.0,2025.0,1937.0,BULLISH,GOLD (BULLISH) Gold Spot Price,1944.1,1967.2,1937.4,1962.2,24.07,
03/25/2022,,,,,,,1957.8,1965.1,1942.6,1954.2,24.68,YES
03/28/2022,GOLD,1901.0,1975.0,1954.0,BULLISH,GOLD (BULLISH) Gold Spot Price,1958.7,1959.8,1915.7,1939.8,23.2,
03/29/2022,GOLD,1902.0,1986.0,1939.0,BULLISH,GOLD (BULLISH) Gold Spot Price,1922.4,1929.4,1888.3,1912.2,21.28,
03/30/2022,GOLD,1904.0,1984.0,1918.0,BULLISH,GOLD (BULLISH) Gold Spot Price,1918.4,1937.0,1914.5,1933.5,21.08,
03/31/2022,GOLD,1906.0,1983.0,1939.0,BULLISH,GOLD (BULLISH) Gold Spot Price,1933.5,1949.9,1919.1,1949.2,20.25,
04/01/2022,GOLD,1909.0,1978.0,1954.0,BULLISH,GOLD (BULLISH) Gold Spot Price,1942.4,1944.5,1921.4,1923.7,19.08,
04/04/2022,GOLD,1910.0,1978.0,1923.0,BULLISH,GOLD (BULLISH) Gold Spot Price,1927.1,1941.6,1918.2,1934.0,19.22,
04/05/2022,GOLD,1910.0,1977.0,1934.0,BULLISH,GOLD (BULLISH) Gold Spot Price,1937.3,1948.9,1920.9,1927.5,18.47,
04/06/2022,GOLD,1910.0,1977.0,1927.0,BULLISH,GOLD (BULLISH) Gold Spot Price,1927.6,1937.6,1916.2,1923.1,18.88,
04/07/2022,GOLD,1908.0,1975.0,1923.0,BULLISH,GOLD (BULLISH) Gold Spot Price,1928.1,1941.7,1923.3,1937.8,18.43,
04/08/2022,GOLD,1911.0,1973.0,1937.0,BULLISH,GOLD (BULLISH) Gold Spot Price,1934.3,1952.2,1930.4,1945.6,18.37,
04/11/2022,GOLD,1912.0,1965.0,1945.0,BULLISH,GOLD (BULLISH) Gold Spot Price,1949.6,1974.6,1942.9,1948.2,19.25,
04/12/2022,GOLD,1914.0,1967.0,1948.0,BULLISH,GOLD (BULLISH) Gold Spot Price,1957.4,1982.7,1953.0,1976.1,19.37,
04/13/2022,GOLD,1918.0,1983.0,1976.0,BULLISH,GOLD (BULLISH) Gold Spot Price,1970.5,1985.8,1966.3,1984.7,18.7,
04/14/2022,GOLD,1919.0,1987.0,1984.0,BULLISH,GOLD (BULLISH) Gold Spot Price,1981.6,1984.0,1962.7,1974.9,17.71,
04/18/2022,GOLD,1920.0,2003.0,1974.0,BULLISH,GOLD (BULLISH) Gold Spot Price,1978.5,2003.0,1974.4,1986.4,19.07,
04/19/2022,GOLD,1925.0,2008.0,1986.0,BULLISH,GOLD (BULLISH) Gold Spot Price,1981.2,1985.1,1945.5,1959.0,18.19,
04/20/2022,GOLD,1919.0,2003.0,1959.0,BULLISH,GOLD (BULLISH) Gold Spot Price,1952.7,1960.9,1941.0,1955.6,18.15,
04/21/2022,GOLD,1925.0,1999.0,1955.0,BULLISH,GOLD (BULLISH) Gold Spot Price,1960.0,1960.1,1938.0,1948.2,18.22,
04/22/2022,GOLD,1926.0,1998.0,1948.0,BULLISH,GOLD (BULLISH) Gold Spot Price,1953.1,1957.8,1928.0,1934.3,18.97,
04/25/2022,GOLD,1911.0,1999.0,1934.0,BULLISH,GOLD (BULLISH) Gold Spot Price,1931.9,1935.5,1891.8,1896.0,19.47,
04/26/2022,GOLD,1895.0,2013.0,1896.0,BULLISH,GOLD (BULLISH) Gold Spot Price,1899.8,1912.2,1896.3,1904.1,19.23,
04/27/2022,GOLD,1886.0,2012.0,1904.0,BULLISH,GOLD (BULLISH) Gold Spot Price,1907.4,1908.1,1881.6,1888.7,19.16,
04/28/2022,GOLD,1875.0,2008.0,1888.0,BULLISH,GOLD (BULLISH) Gold Spot Price,1886.8,1897.8,1870.9,1891.3,19.0,
04/29/2022,GOLD,1872.0,1999.0,1891.0,BULLISH,GOLD (BULLISH) Gold Spot Price,1895.8,1921.3,1893.5,1911.7,19.83,
05/02/2022,GOLD,1865.0,1982.0,1911.0,BULLISH,GOLD (BULLISH) Gold Spot Price,1896.2,1900.4,1853.4,1863.6,20.06,
05/03/2022,GOLD,1843.0,1977.0,1863.0,BULLISH,GOLD (BULLISH) Gold Spot Price,1863.6,1878.4,1849.7,1870.6,19.71,
05/04/2022,GOLD,1848.0,1962.0,1870.0,BULLISH,GOLD (BULLISH) Gold Spot Price,1868.3,1892.0,1861.1,1868.8,18.81,
05/05/2022,GOLD,1848.0,1951.0,1868.0,BULLISH,GOLD (BULLISH) Gold Spot Price,1884.1,1910.7,1872.3,1875.7,19.36,
05/06/2022,GOLD,1850.0,1937.0,1875.0,BULLISH,GOLD (BULLISH) Gold Spot Price,1877.5,1894.0,1865.0,1882.8,18.71,
05/09/2022,GOLD,1849.0,1930.0,1882.0,BULLISH,GOLD (BULLISH) Gold Spot Price,1883.7,1885.6,1851.0,1858.6,20.49,
05/10/2022,GOLD,1847.0,1920.0,1858.0,BULLISH,GOLD (BULLISH) Gold Spot Price,1853.9,1864.7,1834.5,1841.0,20.02,
05/11/2022,GOLD,1834.0,1931.0,1841.0,BULLISH,GOLD (BULLISH) Gold Spot Price,1836.6,1857.8,1830.6,1853.7,20.26,
05/12/2022,GOLD,1829.0,1917.0,1853.0,BULLISH,GOLD (BULLISH) Gold Spot Price,1852.3,1858.8,1820.1,1824.6,21.51,
05/13/2022,GOLD,1813.0,1899.0,1824.0,NEUTRAL,GOLD (NEUTRAL) Gold Spot Price,1821.4,1827.6,1797.2,1808.2,21.2,
05/16/2022,GOLD,1796.0,1899.0,1808.0,NEUTRAL,GOLD (NEUTRAL) Gold Spot Price,1809.4,1826.0,1785.0,1814.0,21.16,
05/17/2022,GOLD,1795.0,1899.0,1814.0,BULLISH,GOLD (BULLISH) Gold Spot Price,1823.9,1834.8,1811.0,1818.9,20.05,
05/18/2022,GOLD,1790.0,1895.0,1818.0,NEUTRAL,GOLD (NEUTRAL) Gold Spot Price,1813.2,1822.9,1805.0,1815.9,19.69,
05/19/2022,GOLD,1789.0,1887.0,1815.0,BULLISH,GOLD (BULLISH) Gold Spot Price,1815.1,1848.2,1808.4,1841.2,20.25,
05/20/2022,GOLD,1798.0,1882.0,1841.0,BULLISH,GOLD (BULLISH) Gold Spot Price,1839.6,1847.8,1830.6,1842.1,19.31,
05/23/2022,GOLD,1799.0,1894.0,1842.0,BULLISH,GOLD (BULLISH) Gold Spot Price,1844.4,1864.3,1843.3,1847.8,19.63,
05/24/2022,GOLD,1799.0,1890.0,1847.0,BULLISH,GOLD (BULLISH) Gold Spot Price,1852.3,1869.1,1847.6,1865.4,19.13,
05/25/2022,GOLD,1796.0,1882.0,1865.0,BULLISH,GOLD (BULLISH) Gold Spot Price,1865.4,1866.7,1838.7,1846.3,18.27,
05/26/2022,GOLD,1795.0,1872.0,1846.0,BULLISH,GOLD (BULLISH) Gold Spot Price,1851.8,1852.8,1836.3,1847.6,17.81,
05/27/2022,,,,,,,1848.3,1860.7,1845.9,1851.3,17.5,YES
05/31/2022,GOLD,1809.0,1881.0,1857.0,BULLISH,GOLD (BULLISH) Gold Spot Price,1850.3,1862.1,1832.8,1842.7,17.19,
06/01/2022,GOLD,1813.0,1879.0,1848.0,BULLISH,GOLD (BULLISH) Gold Spot Price,1840.0,1853.0,1830.2,1848.7,16.94,
06/02/2022,GOLD,1825.0,1879.0,1848.0,BULLISH,GOLD (BULLISH) Gold Spot Price,1849.9,1874.4,1846.5,1871.4,17.13,
06/03/2022,GOLD,1828.0,1881.0,1871.0,BULLISH,GOLD (BULLISH) Gold Spot Price,1872.6,1878.6,1849.7,1850.2,16.51,
06/06/2022,GOLD,1829.0,1878.0,1850.0,BULLISH,GOLD (BULLISH) Gold Spot Price,1853.7,1861.2,1843.0,1843.7,16.81,
06/07/2022,GOLD,1831.0,1880.0,1843.0,BULLISH,GOLD (BULLISH) Gold Spot Price,1843.5,1858.2,1838.5,1852.1,16.64,
06/08/2022,GOLD,1833.0,1877.0,1852.0,BULLISH,GOLD (BULLISH) Gold Spot Price,1855.0,1862.4,1846.6,1856.5,16.04,
06/09/2022,GOLD,1834.0,1877.0,1856.0,BULLISH,GOLD (BULLISH) Gold Spot Price,1855.1,1857.8,1841.9,1852.8,16.29,
06/10/2022,GOLD,1835.0,1876.0,1852.0,BULLISH,GOLD (BULLISH) Gold Spot Price,1850.4,1879.6,1826.5,1875.5,17.58,
06/13/2022,GOLD,1834.0,1877.0,1875.0,BULLISH,GOLD (BULLISH) Gold Spot Price,1879.0,1882.5,1819.0,1831.8,20.84,
06/14/2022,GOLD,1818.0,1880.0,1831.0,BULLISH,GOLD (BULLISH) Gold Spot Price,1820.9,1833.3,1806.1,1813.5,21.99,
06/15/2022,GOLD,1811.0,1887.0,1813.0,BULLISH,GOLD (BULLISH) Gold Spot Price,1809.7,1845.4,1808.4,1819.6,19.4,
06/16/2022,,,,,,,1835.8,1860.2,1816.3,1849.9,20.65,YES
06/17/2022,GOLD,1806.0,1879.0,1849.0,BULLISH,GOLD (BULLISH) Gold Spot Price,1859.3,1861.5,1836.1,1840.6,20.28,
06/21/2022,GOLD,1806.0,1879.0,1840.0,BULLISH,GOLD (BULLISH) Gold Spot Price,1840.6,1848.4,1830.7,1838.8,18.24,
06/22/2022,GOLD,1804.0,1880.0,1838.0,BULLISH,GOLD (BULLISH) Gold Spot Price,1834.9,1850.3,1824.5,1838.4,18.29,
06/23/2022,GOLD,1804.0,1872.0,1838.0,BULLISH,GOLD (BULLISH) Gold Spot Price,1839.7,1848.9,1823.5,1829.8,18.65,
06/24/2022,GOLD,1802.0,1873.0,1829.0,BULLISH,GOLD (BULLISH) Gold Spot Price,1824.2,1833.7,1817.7,1830.3,17.92,
06/27/2022,GOLD,1808.0,1867.0,1830.0,BULLISH,GOLD (BULLISH) Gold Spot Price,1839.6,1842.8,1821.8,1824.8,17.88,
06/28/2022,GOLD,1809.0,1864.0,1824.0,BULLISH,GOLD (BULLISH) Gold Spot Price,1823.6,1830.9,1819.1,1821.2,17.95,
06/29/2022,GOLD,1809.0,1861.0,1821.0,BULLISH,GOLD (BULLISH) Gold Spot Price,1821.4,1834.9,1810.7,1817.5,18.08,
06/30/2022,GOLD,1808.0,1858.0,1817.0,BULLISH,GOLD (BULLISH) Gold Spot Price,1819.2,1826.8,1802.5,1807.3,19.61,
07/01/2022,GOLD,1795.0,1855.0,1807.0,BULLISH,GOLD (BULLISH) Gold Spot Price,1808.1,1813.6,1783.4,1801.5,20.17,
07/05/2022,GOLD,1797.0,1850.0,1801.0,BULLISH,GOLD (BULLISH) Gold Spot Price,1814.4,1815.2,1763.0,1763.9,21.33,
07/06/2022,GOLD,1751.0,1832.0,1763.0,NEUTRAL,GOLD (NEUTRAL) Gold Spot Price,1764.2,1771.5,1730.7,1736.5,21.91,
07/07/2022,GOLD,1731.0,1825.0,1736.0,NEUTRAL,GOLD (NEUTRAL) Gold Spot Price,1737.2,1748.2,1734.7,1739.7,20.5,
07/08/2022,GOLD,1722.0,1853.0,1739.0,NEUTRAL,GOLD (NEUTRAL) Gold Spot Price,1738.7,1751.7,1726.0,1742.3,19.41,
07/11/2022,GOLD,1711.0,1849.0,1742.0,BEARISH,GOLD (BEARISH) Gold Spot Price,1741.5,1743.0,1729.0,1731.7,19.72,
07/12/2022,GOLD,1709.0,1845.0,1731.0,BEARISH,GOLD (BEARISH) Gold Spot Price,1731.3,1742.2,1721.6,1724.8,19.78,
07/13/2022,GOLD,1704.0,1841.0,1724.0,BEARISH,GOLD (BEARISH) Gold Spot Price,1723.6,1744.3,1704.5,1735.5,18.36,
07/14/2022,GOLD,1694.0,1799.0,1735.0,BEARISH,GOLD (BEARISH) Gold Spot Price,1733.6,1734.8,1695.0,1705.8,19.6,
07/15/2022,GOLD,1690.0,1791.0,1705.0,BEARISH,GOLD (BEARISH) Gold Spot Price,1708.2,1714.2,1696.6,1703.6,19.27,
07/18/2022,GOLD,1698.0,1781.0,1703.0,BEARISH,GOLD (BEARISH) Gold Spot Price,1706.4,1722.0,1704.4,1710.2,19.42,
07/19/2022,GOLD,1697.0,1764.0,1710.0,BEARISH,GOLD (BEARISH) Gold Spot Price,1707.2,1716.5,1702.6,1710.7,18.63,
07/20/2022,GOLD,1692.0,1755.0,1710.0,BEARISH,GOLD (BEARISH) Gold Spot Price,1709.5,1712.7,1690.1,1700.2,19.26,
07/21/2022,GOLD,1679.0,1750.0,1700.0,BEARISH,GOLD (BEARISH) Gold Spot Price,1693.7,1719.5,1678.4,1713.4,18.71,
07/22/2022,GOLD,1689.0,1748.0,1713.0,BEARISH,GOLD (BEARISH) Gold Spot Price,1717.2,1738.3,1711.7,1727.4,18.3,
07/25/2022,GOLD,1690.0,1739.0,1727.0,BEARISH,GOLD (BEARISH) Gold Spot Price,1726.3,1734.6,1712.9,1719.1,18.3,
07/26/2022,GOLD,1690.0,1738.0,1719.0,BEARISH,GOLD (BEARISH) Gold Spot Price,1717.9,1726.4,1711.5,1717.7,18.06,
07/27/2022,GOLD,1694.0,1736.0,1717.0,NEUTRAL,GOLD (NEUTRAL) Gold Spot Price,1715.2,1739.6,1709.1,1719.1,17.39,
07/28/2022,GOLD,1696.0,1749.0,1719.0,NEUTRAL,GOLD (NEUTRAL) Gold Spot Price,1732.3,1755.0,1732.0,1750.3,16.84,
07/29/2022,GOLD,1693.0,1781.0,1769.0,BULLISH,GOLD (BULLISH) Gold Spot Price,1754.0,1765.7,1750.0,1762.9,16.49,
08/01/2022,GOLD,1701.0,1792.0,1781.0,BULLISH,GOLD (BULLISH) Gold Spot Price,1782.5,1792.5,1774.3,1787.7,17.52,
08/02/2022,GOLD,1695.0,1801.0,1787.0,BULLISH,GOLD (BULLISH) Gold Spot Price,1789.2,1805.0,1776.0,1789.7,17.34,
08/03/2022,GOLD,1693.0,1810.0,1789.0,BULLISH,GOLD (BULLISH) Gold Spot Price,1777.3,1789.4,1770.0,1776.4,16.76,
08/04/2022,GOLD,1695.0,1817.0,1776.0,BULLISH,GOLD (BULLISH) Gold Spot Price,1782.1,1812.0,1779.4,1806.9,16.95,
08/05/2022,GOLD,1699.0,1830.0,1806.0,BULLISH,GOLD (BULLISH) Gold Spot Price,1807.7,1811.6,1780.2,1791.2,16.37,
08/08/2022,GOLD,1709.0,1832.0,1791.0,BULLISH,GOLD (BULLISH) Gold Spot Price,1790.3,1806.4,1786.9,1805.2,16.76,
08/09/2022,GOLD,1725.0,1832.0,1805.0,BULLISH,GOLD (BULLISH) Gold Spot Price,1805.5,1817.0,1799.4,1812.3,16.69,
08/10/2022,GOLD,1743.0,1825.0,1812.0,BULLISH,GOLD (BULLISH) Gold Spot Price,1811.5,1824.6,1803.3,1813.7,16.27,
08/11/2022,GOLD,1763.0,1826.0,1813.0,BULLISH,GOLD (BULLISH) Gold Spot Price,1807.9,1814.9,1798.6,1807.2,15.81,
08/12/2022,GOLD,1766.0,1825.0,1807.0,BULLISH,GOLD (BULLISH) Gold Spot Price,1805.2,1819.1,1799.6,1815.5,15.22,
08/15/2022,GOLD,1761.0,1828.0,1815.0,BULLISH,GOLD (BULLISH) Gold Spot Price,1818.9,1818.9,1787.6,1798.1,15.37,
08/16/2022,GOLD,1769.0,1827.0,1798.0,BULLISH,GOLD (BULLISH) Gold Spot Price,1795.5,1798.0,1785.4,1789.7,15.27,
08/17/2022,GOLD,1772.0,1825.0,1789.0,BULLISH,GOLD (BULLISH) Gold Spot Price,1790.8,1796.6,1773.9,1776.7,15.32,
08/18/2022,GOLD,1770.0,1827.0,1776.0,BULLISH,GOLD (BULLISH) Gold Spot Price,1777.1,1786.3,1768.8,1771.2,15.36,
08/19/2022,GOLD,1758.0,1831.0,1771.0,BULLISH,GOLD (BULLISH) Gold Spot Price,1773.1,1773.3,1759.1,1762.9,15.91,
08/22/2022,GOLD,1746.0,1833.0,1762.0,BULLISH,GOLD (BULLISH) Gold Spot Price,1760.6,1762.1,1740.2,1748.4,16.57,
08/23/2022,GOLD,1741.0,1833.0,1748.0,BULLISH,GOLD (BULLISH) Gold Spot Price,1750.0,1767.5,1743.1,1761.2,15.8,
08/24/2022,GOLD,1737.0,1828.0,1761.0,BULLISH,GOLD (BULLISH) Gold Spot Price,1761.3,1769.5,1754.8,1761.5,15.9,
08/25/2022,GOLD,1732.0,1820.0,1761.0,BULLISH,GOLD (BULLISH) Gold Spot Price,1764.4,1778.8,1763.0,1771.4,15.57,
08/26/2022,GOLD,1740.0,1811.0,1771.0,BULLISH,GOLD (BULLISH) Gold Spot Price,1771.8,1772.3,1746.2,1749.8,15.42,
08/29/2022,GOLD,1729.0,1801.0,1749.0,BULLISH,GOLD (BULLISH) Gold Spot Price,1748.4,1757.9,1731.4,1749.7,16.02,
08/30/2022,GOLD,1735.0,1799.0,1749.0,BULLISH,GOLD (BULLISH) Gold Spot Price,1749.8,1752.8,1732.9,1736.3,16.52,
08/31/2022,GOLD,1724.0,1797.0,1736.0,BULLISH,GOLD (BULLISH) Gold Spot Price,1735.5,1738.0,1720.6,1726.2,17.02,
09/01/2022,GOLD,1711.0,1780.0,1726.0,BULLISH,GOLD (BULLISH) Gold Spot Price,1723.0,1723.0,1699.1,1709.3,17.8,
09/02/2022,GOLD,1704.0,1784.0,1709.0,BULLISH,GOLD (BULLISH) Gold Spot Price,1707.8,1729.5,1705.9,1722.6,16.88,
09/06/2022,GOLD,1702.0,1783.0,1722.0,BULLISH,GOLD (BULLISH) Gold Spot Price,1724.2,1737.4,1710.6,1712.9,17.68,
09/07/2022,GOLD,1696.0,1779.0,1712.0,BULLISH,GOLD (BULLISH) Gold Spot Price,1712.9,1731.2,1701.7,1727.8,16.77,
09/08/2022,GOLD,1698.0,1774.0,1727.0,BULLISH,GOLD (BULLISH) Gold Spot Price,1729.5,1739.4,1713.7,1720.2,16.4,
09/09/2022,GOLD,1701.0,1757.0,1720.0,BULLISH,GOLD (BULLISH) Gold Spot Price,1719.6,1740.5,1719.4,1728.6,15.91,
09/12/2022,GOLD,1701.0,1750.0,1728.0,BULLISH,GOLD (BULLISH) Gold Spot Price,1728.4,1746.4,1722.3,1740.6,15.79,
09/13/2022,GOLD,1702.0,1751.0,1740.0,BULLISH,GOLD (BULLISH) Gold Spot Price,1736.0,1742.9,1706.7,1717.4,16.93,
09/14/2022,GOLD,1700.0,1749.0,1717.0,BULLISH,GOLD (BULLISH) Gold Spot Price,1711.6,1717.3,1703.3,1709.1,17.17,
09/15/2022,GOLD,1691.0,1745.0,1709.0,NEUTRAL,GOLD (NEUTRAL) Gold Spot Price,1707.2,1707.8,1668.9,1677.3,19.66,
09/16/2022,GOLD,1651.0,1739.0,1677.0,NEUTRAL,GOLD (NEUTRAL) Gold Spot Price,1673.7,1689.9,1661.9,1683.5,18.31,
09/19/2022,GOLD,1651.0,1735.0,1683.0,BEARISH,GOLD (BEARISH) Gold Spot Price,1685.4,1688.8,1667.6,1678.2,18.37,
09/20/2022,GOLD,1654.0,1732.0,1678.0,BEARISH,GOLD (BEARISH) Gold Spot Price,1684.9,1688.8,1668.1,1671.1,18.59,
09/21/2022,GOLD,1652.0,1737.0,1671.0,BEARISH,GOLD (BEARISH) Gold Spot Price,1673.2,1696.9,1661.3,1675.7,18.48,
09/22/2022,GOLD,1649.0,1724.0,1675.0,BEARISH,GOLD (BEARISH) Gold Spot Price,1682.8,1693.5,1663.3,1681.1,17.93,
09/23/2022,GOLD,1637.0,1720.0,1681.0,BEARISH,GOLD (BEARISH) Gold Spot Price,1680.1,1685.0,1646.6,1655.6,19.42,
09/26/2022,GOLD,1643.0,1716.0,1655.0,BEARISH,GOLD (BEARISH) Gold Spot Price,1651.0,1657.2,1627.7,1633.4,20.26,
09/27/2022,GOLD,1631.0,1711.0,1633.0,BEARISH,GOLD (BEARISH) Gold Spot Price,1629.2,1650.1,1628.7,1636.2,19.26,
09/28/2022,GOLD,1619.0,1699.0,1636.0,BEARISH,GOLD (BEARISH) Gold Spot Price,1636.5,1671.6,1622.2,1670.0,19.27,
09/29/2022,GOLD,1627.0,1698.0,1670.0,BEARISH,GOLD (BEARISH) Gold Spot Price,1669.0,1673.1,1649.3,1668.6,19.78,
09/30/2022,GOLD,1624.0,1695.0,1668.0,BEARISH,GOLD (BEARISH) Gold Spot Price,1669.5,1684.4,1667.5,1672.0,19.52,
10/03/2022,GOLD,1629.0,1697.0,1672.0,BEARISH,GOLD (BEARISH) Gold Spot Price,1670.5,1710.4,1666.5,1702.0,20.29,
10/04/2022,GOLD,1622.0,1719.0,1702.0,BEARISH,GOLD (BEARISH) Gold Spot Price,1708.4,1738.7,1704.0,1730.5,19.55,
10/05/2022,GOLD,1618.0,1732.0,1730.0,BEARISH,GOLD (BEARISH) Gold Spot Price,1734.4,1736.6,1708.8,1720.8,19.69,
10/06/2022,GOLD,1610.0,1743.0,1720.0,BEARISH,GOLD (BEARISH) Gold Spot Price,1725.5,1734.2,1714.8,1720.8,19.67,
10/07/2022,GOLD,1613.0,1749.0,1720.0,BEARISH,GOLD (BEARISH) Gold Spot Price,1721.0,1722.8,1698.4,1709.3,19.66,
10/10/2022,GOLD,1630.0,1737.0,1709.0,BEARISH,GOLD (BEARISH) Gold Spot Price,1703.4,1707.4,1672.5,1675.2,20.54,
10/11/2022,GOLD,1645.0,1739.0,1675.0,BEARISH,GOLD (BEARISH) Gold Spot Price,1675.6,1691.3,1667.5,1686.0,20.59,
10/12/2022,GOLD,1649.0,1741.0,1686.0,BEARISH,GOLD (BEARISH) Gold Spot Price,1673.4,1685.1,1668.0,1677.5,20.4,
10/13/2022,GOLD,1655.0,1743.0,1677.0,BEARISH,GOLD (BEARISH) Gold Spot Price,1680.2,1688.9,1648.3,1677.0,20.07,
10/14/2022,GOLD,1651.0,1735.0,1677.0,BEARISH,GOLD (BEARISH) Gold Spot Price,1672.8,1677.8,1645.6,1648.9,20.07,
10/17/2022,GOLD,1645.0,1736.0,1648.0,BEARISH,GOLD (BEARISH) Gold Spot Price,1649.9,1674.3,1649.1,1664.0,19.96,
10/18/2022,GOLD,1635.0,1692.0,1664.0,BEARISH,GOLD (BEARISH) Gold Spot Price,1655.9,1666.0,1650.6,1655.8,19.19,
10/19/2022,GOLD,1630.0,1692.0,1655.0,BEARISH,GOLD (BEARISH) Gold Spot Price,1657.2,1659.8,1632.2,1634.2,19.41,
10/20/2022,GOLD,1623.0,1688.0,1634.0,BEARISH,GOLD (BEARISH) Gold Spot Price,1634.6,1650.3,1626.3,1636.8,19.23,
10/21/2022,GOLD,1616.0,1681.0,1636.0,BEARISH,GOLD (BEARISH) Gold Spot Price,1632.4,1663.1,1621.1,1656.3,19.05,
10/24/2022,GOLD,1622.0,1681.0,1656.0,BEARISH,GOLD (BEARISH) Gold Spot Price,1662.9,1675.5,1648.0,1654.1,19.58,
10/25/2022,GOLD,1624.0,1680.0,1654.0,BEARISH,GOLD (BEARISH) Gold Spot Price,1654.5,1666.8,1641.2,1658.0,19.33,
10/26/2022,GOLD,1625.0,1682.0,1658.0,BEARISH,GOLD (BEARISH) Gold Spot Price,1657.7,1679.4,1653.8,1669.2,18.67,
10/27/2022,GOLD,1627.0,1679.0,1669.0,BEARISH,GOLD (BEARISH) Gold Spot Price,1668.8,1674.8,1658.5,1665.6,18.51,
10/28/2022,GOLD,1628.0,1678.0,1665.0,BEARISH,GOLD (BEARISH) Gold Spot Price,1667.2,1670.9,1640.7,1644.8,18.01,
10/31/2022,GOLD,1625.0,1673.0,1644.0,BEARISH,GOLD (BEARISH) Gold Spot Price,1647.2,1648.5,1634.5,1640.7,18.27,
11/01/2022,GOLD,1626.0,1676.0,1640.0,BEARISH,GOLD (BEARISH) Gold Spot Price,1636.1,1660.3,1633.6,1649.7,18.45,
11/02/2022,GOLD,1629.0,1675.0,1649.0,BEARISH,GOLD (BEARISH) Gold Spot Price,1651.4,1673.1,1637.4,1650.0,17.84,
11/03/2022,GOLD,1615.0,1673.0,1650.0,BEARISH,GOLD (BEARISH) Gold Spot Price,1639.1,1643.2,1618.3,1630.9,18.03,
11/04/2022,GOLD,1621.0,1675.0,1630.0,BEARISH,GOLD (BEARISH) Gold Spot Price,1631.7,1686.4,1631.1,1676.6,18.03,
11/07/2022,GOLD,1624.0,1684.0,1676.0,BEARISH,GOLD (BEARISH) Gold Spot Price,1678.6,1685.6,1670.0,1680.5,18.12,
11/08/2022,GOLD,1623.0,1683.0,1680.0,BEARISH,GOLD (BEARISH) Gold Spot Price,1678.0,1720.4,1667.1,1716.0,18.91,
11/09/2022,GOLD,1616.0,1718.0,1716.0,BEARISH,GOLD (BEARISH) Gold Spot Price,1715.2,1725.8,1705.1,1713.7,18.91,
11/10/2022,GOLD,1605.0,1725.0,1713.0,BEARISH,GOLD (BEARISH) Gold Spot Price,1709.7,1760.6,1705.5,1753.7,17.69,
11/11/2022,GOLD,1621.0,1776.0,1753.0,BULLISH,GOLD (BULLISH) Gold Spot Price,1758.3,1775.6,1750.3,1769.4,17.57,
11/14/2022,GOLD,1630.0,1785.0,1769.0,BULLISH,GOLD (BULLISH) Gold Spot Price,1769.4,1778.4,1755.8,1776.9,17.41,
11/15/2022,GOLD,1629.0,1790.0,1776.0,BULLISH,GOLD (BULLISH) Gold Spot Price,1774.0,1791.8,1770.2,1776.8,17.72,
11/16/2022,GOLD,1625.0,1791.0,1776.0,BULLISH,GOLD (BULLISH) Gold Spot Price,1782.0,1788.2,1773.4,1775.8,17.23,
11/17/2022,GOLD,1655.0,1795.0,1775.0,BULLISH,GOLD (BULLISH) Gold Spot Price,1777.0,1777.6,1756.6,1763.0,16.77,
11/18/2022,GOLD,1682.0,1815.0,1763.0,BULLISH,GOLD (BULLISH) Gold Spot Price,1763.1,1769.9,1749.2,1754.4,16.51,
11/21/2022,,,,,,,1752.0,1755.0,1733.9,1739.6,16.68,YES
11/22/2022,GOLD,1713.0,1799.0,1739.0,BULLISH,GOLD (BULLISH) Gold Spot Price,1739.7,1751.0,1737.6,1739.9,16.07,
11/23/2022,GOLD,1716.0,1798.0,1739.0,BULLISH,GOLD (BULLISH) Gold Spot Price,1740.8,1754.9,1719.0,1745.6,15.84,
11/25/2022,GOLD,1717.0,1795.0,1745.0,BULLISH,GOLD (BULLISH) Gold Spot Price,1751.0,1761.2,1745.9,1754.0,15.23,
11/28/2022,GOLD,1721.0,1792.0,1754.0,BULLISH,GOLD (BULLISH) Gold Spot Price,1755.0,1763.5,1738.2,1740.3,15.77,
11/29/2022,GOLD,1725.0,1785.0,1740.0,BULLISH,GOLD (BULLISH) Gold Spot Price,1739.5,1758.2,1737.9,1748.4,15.71,
11/30/2022,GOLD,1726.0,1783.0,1763.0,BULLISH,GOLD (BULLISH) Gold Spot Price,1748.1,1769.4,1745.1,1746.0,15.45,
12/01/2022,,,,,,,1783.1,1818.4,1782.9,1815.2,15.92,YES
12/02/2022,GOLD,1727.0,1815.0,1815.0,BULLISH,GOLD (BULLISH) Gold Spot Price,1817.0,1818.7,1791.8,1809.6,15.42,
12/05/2022,GOLD,1729.0,1821.0,1809.0,BULLISH,GOLD (BULLISH) Gold Spot Price,1810.5,1822.9,1778.1,1781.3,15.81,
12/06/2022,GOLD,1724.0,1823.0,1781.0,BULLISH,GOLD (BULLISH) Gold Spot Price,1780.8,1793.2,1779.1,1782.4,16.19,
12/07/2022,GOLD,1731.0,1824.0,1782.0,BULLISH,GOLD (BULLISH) Gold Spot Price,1783.3,1803.2,1780.5,1798.0,16.55,
12/08/2022,GOLD,1733.0,1829.0,1798.0,BULLISH,GOLD (BULLISH) Gold Spot Price,1799.5,1806.9,1793.2,1801.5,16.45,
12/09/2022,GOLD,1735.0,1833.0,1801.0,BULLISH,GOLD (BULLISH) Gold Spot Price,1801.9,1819.0,1800.1,1810.7,16.26,
12/12/2022,GOLD,1743.0,1833.0,1810.0,BULLISH,GOLD (BULLISH) Gold Spot Price,1808.0,1809.3,1789.0,1792.3,15.51,
12/13/2022,GOLD,1752.0,1830.0,1792.0,BULLISH,GOLD (BULLISH) Gold Spot Price,1792.3,1836.9,1791.8,1825.5,14.71,
12/14/2022,GOLD,1760.0,1835.0,1825.0,BULLISH,GOLD (BULLISH) Gold Spot Price,1822.6,1825.4,1806.2,1818.7,14.06,
12/15/2022,GOLD,1765.0,1832.0,1818.0,BULLISH,GOLD (BULLISH) Gold Spot Price,1818.7,1819.7,1782.0,1787.8,14.39,
12/16/2022,GOLD,1765.0,1832.0,1787.0,BULLISH,GOLD (BULLISH) Gold Spot Price,1786.9,1804.2,1783.9,1800.2,14.14,
12/19/2022,GOLD,1770.0,1832.0,1800.0,BULLISH,GOLD (BULLISH) Gold Spot Price,1801.6,1808.6,1793.2,1797.7,14.49,
12/20/2022,GOLD,1772.0,1833.0,1797.0,BULLISH,GOLD (BULLISH) Gold Spot Price,1796.8,1832.4,1793.7,1825.4,15.03,
12/21/2022,GOLD,1776.0,1836.0,1825.0,BULLISH,GOLD (BULLISH) Gold Spot Price,1827.9,1833.8,1821.3,1825.4,14.78,
12/22/2022,GOLD,1775.0,1840.0,1825.0,BULLISH,GOLD (BULLISH) Gold Spot Price,1823.8,1829.3,1792.7,1795.3,14.88,
12/23/2022,GOLD,1776.0,1841.0,1795.0,BULLISH,GOLD (BULLISH) Gold Spot Price,1801.0,1812.2,1798.9,1804.2,14.86,
12/27/2022,GOLD,1777.0,1839.0,1804.0,BULLISH,GOLD (BULLISH) Gold Spot Price,1808.2,1841.9,1808.0,1823.1,16.3,
12/28/2022,GOLD,1780.0,1837.0,1823.0,BULLISH,GOLD (BULLISH) Gold Spot Price,1822.4,1822.8,1804.2,1815.8,15.99,
12/29/2022,GOLD,1780.0,1839.0,1815.0,BULLISH,GOLD (BULLISH) Gold Spot Price,1812.3,1827.3,1811.2,1826.0,16.18,
12/30/2022,GOLD,1783.0,1841.0,1826.0,BULLISH,GOLD (BULLISH) Gold Spot Price,1821.8,1832.4,1819.8,1826.2,16.25,
01/03/2023,GOLD,1793.0,1849.0,1826.0,BULLISH,GOLD (BULLISH) Gold Spot Price,1831.8,1856.6,1831.3,1846.1,17.26,
01/04/2023,GOLD,1797.0,1869.0,1846.0,BULLISH,GOLD (BULLISH) Gold Spot Price,1845.2,1871.3,1842.0,1859.0,17.35,
01/05/2023,GOLD,1801.0,1868.0,1859.0,BULLISH,GOLD (BULLISH) Gold Spot Price,1861.2,1864.3,1829.9,1840.6,16.78,
01/06/2023,GOLD,1804.0,1866.0,1840.0,BULLISH,GOLD (BULLISH) Gold Spot Price,1835.9,1875.2,1835.2,1869.7,16.44,
01/09/2023,GOLD,1809.0,1879.0,1869.0,BULLISH,GOLD (BULLISH) Gold Spot Price,1872.8,1886.4,1869.3,1877.8,16.92,
01/10/2023,GOLD,1812.0,1886.0,1877.0,BULLISH,GOLD (BULLISH) Gold Spot Price,1875.7,1885.2,1872.0,1876.5,16.59,
01/11/2023,GOLD,1819.0,1894.0,1876.0,BULLISH,GOLD (BULLISH) Gold Spot Price,1881.3,1890.9,1870.9,1878.9,16.32,
01/12/2023,GOLD,1815.0,1897.0,1878.0,BULLISH,GOLD (BULLISH) Gold Spot Price,1879.7,1906.5,1872.4,1898.8,15.95,
01/13/2023,GOLD,1829.0,1911.0,1898.0,BULLISH,GOLD (BULLISH) Gold Spot Price,1898.8,1925.3,1895.1,1921.7,16.37,
01/17/2023,GOLD,1833.0,1924.0,1921.0,BULLISH,GOLD (BULLISH) Gold Spot Price,1923.8,1931.8,1906.2,1909.9,16.49,
01/18/2023,GOLD,1838.0,1931.0,1909.0,BULLISH,GOLD (BULLISH) Gold Spot Price,1911.1,1929.8,1898.6,1907.0,16.19,
01/19/2023,GOLD,1842.0,1935.0,1907.0,BULLISH,GOLD (BULLISH) Gold Spot Price,1907.0,1936.9,1902.0,1923.9,16.71,
01/20/2023,GOLD,1851.0,1945.0,1923.0,BULLISH,GOLD (BULLISH) Gold Spot Price,1933.7,1939.0,1922.0,1928.2,16.4,
01/23/2023,GOLD,1856.0,1951.0,1928.0,BULLISH,GOLD (BULLISH) Gold Spot Price,1928.4,1936.7,1912.5,1928.6,16.2,
01/24/2023,GOLD,1860.0,1956.0,1928.0,BULLISH,GOLD (BULLISH) Gold Spot Price,1932.0,1943.8,1918.2,1935.4,16.17,
01/25/2023,GOLD,1867.0,1951.0,1935.0,BULLISH,GOLD (BULLISH) Gold Spot Price,1938.7,1949.5,1920.6,1942.6,16.12,
01/26/2023,GOLD,1871.0,1951.0,1942.0,BULLISH,GOLD (BULLISH) Gold Spot Price,1948.0,1949.8,1918.4,1930.0,15.59,
01/27/2023,GOLD,1877.0,1949.0,1930.0,BULLISH,GOLD (BULLISH) Gold Spot Price,1929.3,1935.4,1916.5,1929.4,15.23,
01/30/2023,GOLD,1880.0,1951.0,1929.0,BULLISH,GOLD (BULLISH) Gold Spot Price,1928.3,1933.6,1920.3,1922.9,15.59,
01/31/2023,GOLD,1885.0,1949.0,1939.0,BULLISH,GOLD (BULLISH) Gold Spot Price,1923.0,1930.4,1900.6,1929.5,15.75,
02/01/2023,GOLD,1890.0,1954.0,1945.0,BULLISH,GOLD (BULLISH) Gold Spot Price,1944.0,1970.8,1936.1,1942.8,15.22,
02/02/2023,GOLD,1893.0,1975.0,1942.0,BULLISH,GOLD (BULLISH) Gold Spot Price,1967.1,1975.2,1925.6,1930.8,15.14,
02/03/2023,GOLD,1895.0,1951.0,1930.0,BULLISH,GOLD (BULLISH) Gold Spot Price,1926.3,1932.4,1874.5,1876.6,15.06,
02/06/2023,GOLD,1871.0,1965.0,1876.0,BULLISH,GOLD (BULLISH) Gold Spot Price,1878.0,1894.0,1873.2,1879.5,15.81,
02/07/2023,GOLD,1870.0,1976.0,1879.0,BULLISH,GOLD (BULLISH) Gold Spot Price,1880.3,1897.2,1877.5,1884.8,15.62,
02/08/2023,GOLD,1868.0,1975.0,1884.0,BULLISH,GOLD (BULLISH) Gold Spot Price,1885.1,1898.9,1881.4,1890.7,15.46,
02/09/2023,GOLD,1867.0,1970.0,1890.0,BULLISH,GOLD (BULLISH) Gold Spot Price,1888.3,1902.3,1870.2,1878.5,15.52,
02/10/2023,GOLD,1859.0,1968.0,1878.0,BULLISH,GOLD (BULLISH) Gold Spot Price,1873.5,1883.5,1863.5,1874.5,15.46,
02/13/2023,GOLD,1855.0,1960.0,1874.0,BULLISH,GOLD (BULLISH) Gold Spot Price,1876.7,1877.2,1860.8,1863.5,15.58,
02/14/2023,GOLD,1851.0,1953.0,1863.0,BULLISH,GOLD (BULLISH) Gold Spot Price,1864.1,1881.6,1852.5,1865.4,14.88,
02/15/2023,GOLD,1840.0,1940.0,1865.0,BULLISH,GOLD (BULLISH) Gold Spot Price,1865.1,1870.9,1839.3,1845.3,14.9,
02/16/2023,GOLD,1842.0,1930.0,1845.0,BULLISH,GOLD (BULLISH) Gold Spot Price,1846.5,1854.9,1836.6,1851.8,14.92,
02/17/2023,GOLD,1831.0,1920.0,1851.0,BULLISH,GOLD (BULLISH) Gold Spot Price,1845.7,1853.1,1827.7,1850.2,14.69,
02/21/2023,GOLD,1834.0,1917.0,1850.0,BULLISH,GOLD (BULLISH) Gold Spot Price,1850.5,1856.4,1839.0,1842.5,15.48,
02/22/2023,GOLD,1830.0,1913.0,1842.0,BULLISH,GOLD (BULLISH) Gold Spot Price,1843.7,1855.0,1831.9,1841.5,15.05,
02/23/2023,GOLD,1827.0,1913.0,1841.0,BULLISH,GOLD (BULLISH) Gold Spot Price,1834.7,1841.2,1824.8,1826.8,14.84,
02/24/2023,GOLD,1821.0,1908.0,1826.0,BULLISH,GOLD (BULLISH) Gold Spot Price,1829.7,1835.1,1815.5,1817.1,14.56,
02/27/2023,GOLD,1801.0,1894.0,1817.0,BULLISH,GOLD (BULLISH) Gold Spot Price,1818.0,1827.3,1812.0,1824.9,14.35,
02/28/2023,GOLD,1809.0,1889.0,1824.0,BULLISH,GOLD (BULLISH) Gold Spot Price,1823.9,1838.6,1810.8,1836.7,14.17,
03/01/2023,GOLD,1811.0,1891.0,1836.0,BULLISH,GOLD (BULLISH) Gold Spot Price,1834.0,1852.5,1829.6,1845.4,14.16,
03/02/2023,GOLD,1814.0,1880.0,1845.0,BULLISH,GOLD (BULLISH) Gold Spot Price,1843.8,1845.3,1835.9,1840.5,13.94,
03/03/2023,GOLD,1816.0,1879.0,1840.0,BULLISH,GOLD (BULLISH) Gold Spot Price,1842.1,1864.4,1842.0,1854.6,13.93,
03/06/2023,GOLD,1815.0,1875.0,1854.0,BULLISH,GOLD (BULLISH) Gold Spot Price,1861.0,1864.3,1850.6,1854.6,14.24,
03/07/2023,GOLD,1811.0,1872.0,1854.0,BULLISH,GOLD (BULLISH) Gold Spot Price,1852.6,1856.9,1817.1,1820.0,14.2,
03/08/2023,GOLD,1803.0,1869.0,1820.0,BULLISH,GOLD (BULLISH) Gold Spot Price,1818.0,1828.7,1813.4,1818.6,13.79,
03/09/2023,GOLD,1804.0,1868.0,1818.0,BULLISH,GOLD (BULLISH) Gold Spot Price,1818.0,1839.4,1815.4,1834.6,14.3,
03/10/2023,GOLD,1809.0,1869.0,1834.0,BULLISH,GOLD (BULLISH) Gold Spot Price,1835.1,1874.3,1830.0,1867.2,16.57,
03/13/2023,GOLD,1812.0,1899.0,1867.0,BULLISH,GOLD (BULLISH) Gold Spot Price,1877.1,1919.5,1875.7,1916.5,20.0,
03/14/2023,GOLD,1816.0,1919.0,1916.0,BULLISH,GOLD (BULLISH) Gold Spot Price,1919.4,1919.4,1899.8,1910.9,17.95,
03/15/2023,GOLD,1828.0,1929.0,1910.0,BULLISH,GOLD (BULLISH) Gold Spot Price,1908.2,1942.5,1889.5,1931.3,19.75,
03/16/2023,GOLD,1841.0,1949.0,1931.0,BULLISH,GOLD (BULLISH) Gold Spot Price,1922.8,1938.0,1911.5,1923.0,17.38,
03/17/2023,GOLD,1843.0,1963.0,1923.0,BULLISH,GOLD (BULLISH) Gold Spot Price,1925.9,1993.7,1922.3,1973.5,22.83,
03/20/2023,GOLD,1867.0,2021.0,1973.0,BULLISH,GOLD (BULLISH) Gold Spot Price,1989.7,2014.9,1970.0,1982.8,21.4,
03/21/2023,GOLD,1859.0,2023.0,1982.0,BULLISH,GOLD (BULLISH) Gold Spot Price,1983.1,1988.7,1938.6,1941.1,19.14,
03/22/2023,GOLD,1852.0,2018.0,1941.0,BULLISH,GOLD (BULLISH) Gold Spot Price,1943.5,1982.3,1936.5,1949.6,19.22,
03/23/2023,GOLD,1894.0,2008.0,1949.0,BULLISH,GOLD (BULLISH) Gold Spot Price,1974.0,2006.1,1967.3,1995.9,20.95,
03/24/2023,GOLD,1891.0,2014.0,1995.0,BULLISH,GOLD (BULLISH) Gold Spot Price,1996.1,2006.5,1977.7,1983.8,19.96,
03/27/2023,GOLD,1907.0,2020.0,1983.0,BULLISH,GOLD (BULLISH) Gold Spot Price,1982.6,1984.0,1945.0,1953.8,19.18,
03/28/2023,GOLD,1909.0,2017.0,1953.0,BULLISH,GOLD (BULLISH) Gold Spot Price,1957.8,1977.1,1949.9,1973.5,19.03,
03/29/2023,GOLD,1917.0,2011.0,1973.0,BULLISH,GOLD (BULLISH) Gold Spot Price,1975.4,1976.0,1959.5,1966.9,17.77,
03/30/2023,GOLD,1925.0,2016.0,1984.0,BULLISH,GOLD (BULLISH) Gold Spot Price,1965.9,1984.4,1954.9,1980.3,18.39,
03/31/2023,GOLD,1927.0,2015.0,1997.0,BULLISH,GOLD (BULLISH) Gold Spot Price,1981.3,1986.8,1968.0,1969.0,17.31,
04/03/2023,GOLD,1930.0,2016.0,1986.0,BULLISH,GOLD (BULLISH) Gold Spot Price,1990.0,2008.0,1965.9,2000.4,18.25,
04/04/2023,GOLD,1935.0,2019.0,2000.0,BULLISH,GOLD (BULLISH) Gold Spot Price,2001.3,2043.4,1994.0,2038.2,19.73,
04/05/2023,GOLD,1945.0,2053.0,2038.0,BULLISH,GOLD (BULLISH) Gold Spot Price,2038.2,2049.2,2026.1,2035.6,18.98,
04/06/2023,GOLD,1948.0,2056.0,2035.0,BULLISH,GOLD (BULLISH) Gold Spot Price,2037.1,2037.7,2016.5,2026.4,18.44,
04/10/2023,GOLD,1943.0,2058.0,2026.0,BULLISH,GOLD (BULLISH) Gold Spot Price,2008.6,2021.5,1996.5,2003.8,18.54,
04/11/2023,GOLD,1963.0,2059.0,2003.0,BULLISH,GOLD (BULLISH) Gold Spot Price,2007.0,2022.5,2003.7,2019.0,18.33,
04/12/2023,GOLD,1970.0,2058.0,2019.0,BULLISH,GOLD (BULLISH) Gold Spot Price,2019.1,2043.9,2015.7,2024.9,17.69,
04/13/2023,GOLD,1975.0,2061.0,2024.0,BULLISH,GOLD (BULLISH) Gold Spot Price,2029.5,2063.4,2028.3,2055.3,18.48,
04/14/2023,GOLD,1979.0,2064.0,2055.0,BULLISH,GOLD (BULLISH) Gold Spot Price,2054.7,2061.6,2006.0,2015.8,17.16,
04/17/2023,GOLD,1982.0,2060.0,2015.0,BULLISH,GOLD (BULLISH) Gold Spot Price,2014.1,2028.0,1993.4,2007.0,17.37,
04/18/2023,GOLD,1989.0,2058.0,2007.0,BULLISH,GOLD (BULLISH) Gold Spot Price,2007.9,2024.6,2003.3,2019.7,17.14,
04/19/2023,GOLD,1983.0,2055.0,2019.0,BULLISH,GOLD (BULLISH) Gold Spot Price,2017.9,2020.3,1980.9,2007.3,17.21,
04/20/2023,GOLD,1988.0,2053.0,2007.0,BULLISH,GOLD (BULLISH) Gold Spot Price,2007.7,2024.2,2002.2,2019.1,17.21,
04/21/2023,GOLD,1989.0,2053.0,2019.0,BULLISH,GOLD (BULLISH) Gold Spot Price,2016.1,2016.8,1982.3,1990.5,16.42,
04/24/2023,GOLD,1982.0,2054.0,1990.0,BULLISH,GOLD (BULLISH) Gold Spot Price,1992.0,2001.5,1984.4,1999.8,16.88,
04/25/2023,GOLD,1981.0,2052.0,1999.0,BULLISH,GOLD (BULLISH) Gold Spot Price,1999.4,2014.5,1986.2,2004.5,17.72,
04/26/2023,GOLD,1976.0,2049.0,2004.0,BULLISH,GOLD (BULLISH) Gold Spot Price,2007.7,2020.2,1993.7,1996.0,17.74,
04/27/2023,GOLD,1984.0,2045.0,1996.0,BULLISH,GOLD (BULLISH) Gold Spot Price,1999.8,2013.3,1982.0,1999.0,17.28,
04/28/2023,GOLD,1984.0,2043.0,1999.0,BULLISH,GOLD (BULLISH) Gold Spot Price,1997.2,2004.1,1984.4,1999.1,16.47,
05/01/2023,GOLD,1980.0,2042.0,1999.0,BULLISH,GOLD (BULLISH) Gold Spot Price,2000.2,2015.4,1985.7,1992.2,16.63,
05/02/2023,GOLD,1983.0,2037.0,1992.0,BULLISH,GOLD (BULLISH) Gold Spot Price,1990.5,2028.8,1986.9,2023.3,18.69,
05/03/2023,GOLD,1990.0,2034.0,2023.0,BULLISH,GOLD (BULLISH) Gold Spot Price,2026.4,2050.0,2016.0,2037.0,18.7,
05/04/2023,GOLD,1993.0,2043.0,2037.0,BULLISH,GOLD (BULLISH) Gold Spot Price,2054.7,2085.4,2038.5,2055.7,20.35,
05/05/2023,GOLD,1999.0,2063.0,2055.0,BULLISH,GOLD (BULLISH) Gold Spot Price,2058.0,2061.3,2007.0,2024.8,18.5,
05/08/2023,GOLD,1993.0,2059.0,2024.0,BULLISH,GOLD (BULLISH) Gold Spot Price,2024.6,2037.1,2022.0,2033.2,18.67,
05/09/2023,GOLD,1994.0,2061.0,2033.0,BULLISH,GOLD (BULLISH) Gold Spot Price,2028.4,2045.1,2026.4,2042.9,18.73,
05/10/2023,GOLD,1991.0,2068.0,2042.0,BULLISH,GOLD (BULLISH) Gold Spot Price,2041.6,2056.0,2028.3,2037.1,18.37,
05/11/2023,GOLD,1987.0,2068.0,2037.0,BULLISH,GOLD (BULLISH) Gold Spot Price,2036.8,2047.6,2016.7,2020.5,17.77,
05/12/2023,GOLD,1994.0,2065.0,2020.0,BULLISH,GOLD (BULLISH) Gold Spot Price,2020.5,2027.8,2005.7,2019.8,17.37,
05/15/2023,GOLD,2001.0,2059.0,2019.0,BULLISH,GOLD (BULLISH) Gold Spot Price,2013.4,2027.5,2011.2,2022.7,17.52,
05/16/2023,GOLD,2002.0,2058.0,2022.0,BULLISH,GOLD (BULLISH) Gold Spot Price,2021.3,2022.7,1989.1,1993.0,17.62,
05/17/2023,GOLD,1980.0,2063.0,1993.0,BULLISH,GOLD (BULLISH) Gold Spot Price,1993.0,1997.0,1978.1,1984.9,16.99,
05/18/2023,GOLD,1973.0,2058.0,1984.0,BULLISH,GOLD (BULLISH) Gold Spot Price,1985.6,1988.8,1954.4,1959.8,16.95,
05/19/2023,GOLD,1953.0,2069.0,1959.0,BULLISH,GOLD (BULLISH) Gold Spot Price,1960.5,1987.4,1956.3,1981.6,17.22,
05/22/2023,GOLD,1953.0,2062.0,1981.0,BULLISH,GOLD (BULLISH) Gold Spot Price,1979.4,1984.8,1970.7,1977.2,17.55,
05/23/2023,GOLD,1950.0,2051.0,1977.0,BULLISH,GOLD (BULLISH) Gold Spot Price,1973.9,1980.0,1955.8,1974.5,17.66,
05/24/2023,GOLD,1947.0,2046.0,1974.0,BULLISH,GOLD (BULLISH) Gold Spot Price,1977.3,1987.9,1958.4,1964.6,17.56,
05/25/2023,GOLD,1947.0,2046.0,1964.0,BULLISH,GOLD (BULLISH) Gold Spot Price,1959.5,1965.4,1939.0,1943.7,16.84,
05/26/2023,GOLD,1939.0,2031.0,1943.0,BULLISH,GOLD (BULLISH) Gold Spot Price,1941.7,1957.1,1936.0,1944.3,16.3,
05/30/2023,GOLD,1935.0,2022.0,1944.0,BULLISH,GOLD (BULLISH) Gold Spot Price,1942.7,1962.6,1931.0,1958.0,15.88,
05/31/2023,GOLD,1936.0,2016.0,1977.0,BULLISH,GOLD (BULLISH) Gold Spot Price,1958.2,1973.0,1953.0,1963.9,15.63,
06/01/2023,GOLD,1937.0,2005.0,1982.0,BULLISH,GOLD (BULLISH) Gold Spot Price,1981.3,2000.7,1970.1,1995.5,15.5,
06/02/2023,GOLD,1940.0,2020.0,1995.0,BULLISH,GOLD (BULLISH) Gold Spot Price,1994.6,2000.5,1963.7,1969.6,14.32,
06/05/2023,GOLD,1935.0,2018.0,1969.0,BULLISH,GOLD (BULLISH) Gold Spot Price,1962.3,1980.4,1953.8,1974.3,14.27,
06/06/2023,GOLD,1935.0,2019.0,1974.0,BULLISH,GOLD (BULLISH) Gold Spot Price,1978.0,1982.9,1970.3,1981.5,13.94,
06/07/2023,GOLD,1936.0,2022.0,1981.0,BULLISH,GOLD (BULLISH) Gold Spot Price,1980.0,1986.5,1955.4,1958.4,13.81,
06/08/2023,GOLD,1934.0,2019.0,1958.0,BULLISH,GOLD (BULLISH) Gold Spot Price,1956.2,1985.7,1955.2,1978.6,13.94,
06/09/2023,GOLD,1940.0,2013.0,1978.0,BULLISH,GOLD (BULLISH) Gold Spot Price,1980.5,1987.8,1971.0,1977.2,13.69,
06/12/2023,GOLD,1955.0,2005.0,1977.0,BULLISH,GOLD (BULLISH) Gold Spot Price,1975.6,1981.4,1963.1,1969.7,13.7,
06/13/2023,GOLD,1954.0,2005.0,1969.0,BULLISH,GOLD (BULLISH) Gold Spot Price,1971.4,1985.9,1953.0,1958.6,13.45,
06/14/2023,GOLD,1950.0,2004.0,1958.0,BULLISH,GOLD (BULLISH) Gold Spot Price,1957.2,1973.9,1952.5,1968.9,12.84,
06/15/2023,GOLD,1933.0,1996.0,1968.0,BULLISH,GOLD (BULLISH) Gold Spot Price,1955.7,1972.8,1936.1,1970.7,13.0,
06/16/2023,GOLD,1953.0,1996.0,1970.0,BULLISH,GOLD (BULLISH) Gold Spot Price,1970.3,1980.4,1965.4,1971.2,12.4,
06/20/2023,GOLD,1953.0,1995.0,1971.0,BULLISH,GOLD (BULLISH) Gold Spot Price,1970.7,1971.8,1940.8,1947.7,12.73,
06/21/2023,GOLD,1941.0,1992.0,1947.0,BULLISH,GOLD (BULLISH) Gold Spot Price,1948.0,1950.4,1929.3,1944.9,12.98,
06/22/2023,GOLD,1932.0,1998.0,1944.0,BULLISH,GOLD (BULLISH) Gold Spot Price,1943.3,1945.1,1922.0,1923.7,12.96,
06/23/2023,GOLD,1920.0,2001.0,1923.0,BULLISH,GOLD (BULLISH) Gold Spot Price,1923.5,1949.0,1919.5,1929.6,12.73,
06/26/2023,GOLD,1920.0,1998.0,1929.0,BULLISH,GOLD (BULLISH) Gold Spot Price,1936.3,1943.4,1931.1,1933.8,13.08,
06/27/2023,GOLD,1919.0,1994.0,1933.0,BULLISH,GOLD (BULLISH) Gold Spot Price,1932.7,1940.3,1919.8,1923.8,12.88,
06/28/2023,GOLD,1906.0,1993.0,1923.0,BULLISH,GOLD (BULLISH) Gold Spot Price,1923.1,1926.1,1911.4,1922.2,12.53,
06/29/2023,GOLD,1900.0,1987.0,1922.0,BULLISH,GOLD (BULLISH) Gold Spot Price,1916.5,1921.3,1900.6,1917.9,12.21,
06/30/2023,GOLD,1899.0,1985.0,1917.0,BULLISH,GOLD (BULLISH) Gold Spot Price,1916.4,1930.8,1908.1,1929.4,12.04,
07/03/2023,GOLD,1901.0,1975.0,1929.0,BULLISH,GOLD (BULLISH) Gold Spot Price,1927.8,1939.9,1917.7,1929.5,12.22,
07/05/2023,GOLD,1904.0,1973.0,1929.0,BULLISH,GOLD (BULLISH) Gold Spot Price,1929.1,1942.9,1922.1,1927.1,12.46,
07/06/2023,GOLD,1911.0,1972.0,1927.0,BULLISH,GOLD (BULLISH) Gold Spot Price,1922.4,1934.0,1908.5,1915.4,12.25,
07/07/2023,GOLD,1911.0,1969.0,1915.0,BULLISH,GOLD (BULLISH) Gold Spot Price,1916.6,1941.1,1915.4,1932.5,12.12,
07/10/2023,GOLD,1910.0,1961.0,1932.0,BULLISH,GOLD (BULLISH) Gold Spot Price,1930.7,1933.7,1918.0,1931.0,12.41,
07/11/2023,GOLD,1912.0,1961.0,1931.0,BULLISH,GOLD (BULLISH) Gold Spot Price,1930.8,1944.5,1929.8,1937.1,12.64,
07/12/2023,GOLD,1914.0,1963.0,1937.0,BULLISH,GOLD (BULLISH) Gold Spot Price,1938.0,1965.1,1937.5,1961.7,13.12,
07/13/2023,GOLD,1916.0,1971.0,1961.0,BULLISH,GOLD (BULLISH) Gold Spot Price,1962.7,1968.5,1956.6,1963.8,12.73,
07/14/2023,GOLD,1910.0,1968.0,1963.0,BULLISH,GOLD (BULLISH) Gold Spot Price,1965.2,1967.8,1954.7,1964.4,12.05,
07/17/2023,GOLD,1915.0,1976.0,1964.0,BULLISH,GOLD (BULLISH) Gold Spot Price,1958.6,1963.6,1949.0,1956.4,12.34,
07/18/2023,GOLD,1918.0,1980.0,1956.0,BULLISH,GOLD (BULLISH) Gold Spot Price,1958.3,1988.3,1958.1,1980.8,12.62,
07/19/2023,GOLD,1919.0,1991.0,1980.0,BULLISH,GOLD (BULLISH) Gold Spot Price,1982.5,1984.6,1973.3,1980.8,12.89,
07/20/2023,GOLD,1921.0,1994.0,1980.0,BULLISH,GOLD (BULLISH) Gold Spot Price,1980.0,1989.8,1967.7,1970.9,12.67,
07/21/2023,GOLD,1925.0,1995.0,1970.0,BULLISH,GOLD (BULLISH) Gold Spot Price,1972.1,1975.9,1958.8,1966.6,12.23,
07/24/2023,GOLD,1934.0,1992.0,1966.0,BULLISH,GOLD (BULLISH) Gold Spot Price,1963.6,1969.8,1955.3,1962.2,12.35,
07/25/2023,GOLD,1945.0,1993.0,1962.0,BULLISH,GOLD (BULLISH) Gold Spot Price,1957.0,1967.1,1951.6,1963.7,12.42,
07/26/2023,GOLD,1949.0,1992.0,1963.0,BULLISH,GOLD (BULLISH) Gold Spot Price,1966.3,1979.9,1963.2,1970.1,12.11,
07/27/2023,GOLD,1950.0,1993.0,1970.0,BULLISH,GOLD (BULLISH) Gold Spot Price,1973.3,1982.6,1941.7,1945.7,12.29,
07/28/2023,GOLD,1942.0,1997.0,1945.0,BULLISH,GOLD (BULLISH) Gold Spot Price,1945.5,1962.2,1944.2,1960.4,11.78,
07/31/2023,GOLD,1945.0,1999.0,1957.0,BULLISH,GOLD (BULLISH) Gold Spot Price,1959.2,1971.6,1950.0,1970.5,12.16,
08/01/2023,GOLD,1942.0,2001.0,1955.0,BULLISH,GOLD (BULLISH) Gold Spot Price,2004.2,2004.4,1978.3,1978.8,11.83,
08/02/2023,GOLD,1940.0,2012.0,1978.0,BULLISH,GOLD (BULLISH) Gold Spot Price,1988.9,1992.2,1969.1,1975.0,12.45,
08/03/2023,GOLD,1933.0,2010.0,1975.0,BULLISH,GOLD (BULLISH) Gold Spot Price,1970.8,1974.5,1964.5,1968.8,12.79,
08/04/2023,GOLD,1928.0,2012.0,1968.0,BULLISH,GOLD (BULLISH) Gold Spot Price,1969.6,1984.2,1954.5,1976.1,12.22,
08/07/2023,GOLD,1930.0,2010.0,1934.0,BULLISH,GOLD (BULLISH) Gold Spot Price,1977.6,1981.7,1966.1,1970.0,12.24,
08/08/2023,GOLD,1922.0,2008.0,1929.0,BULLISH,GOLD (BULLISH) Gold Spot Price,1971.5,1972.8,1956.5,1959.9,12.21,
08/09/2023,GOLD,1919.0,2010.0,1959.0,BULLISH,GOLD (BULLISH) Gold Spot Price,1959.3,1966.1,1947.2,1950.6,12.33,
08/10/2023,GOLD,1911.0,2001.0,1950.0,BULLISH,GOLD (BULLISH) Gold Spot Price,1947.7,1963.5,1944.4,1948.9,11.84,
08/11/2023,GOLD,1915.0,2003.0,1948.0,BULLISH,GOLD (BULLISH) Gold Spot Price,1944.9,1953.6,1942.7,1946.6,11.54,
08/14/2023,GOLD,1909.0,1990.0,1912.0,BULLISH,GOLD (BULLISH) Gold Spot Price,1945.6,1948.2,1934.2,1944.0,11.97,
08/15/2023,GOLD,1901.0,1986.0,1903.0,BULLISH,GOLD (BULLISH) Gold Spot Price,1939.4,1944.3,1927.5,1935.2,12.11,
08/16/2023,GOLD,1900.0,1982.0,1903.0,BULLISH,GOLD (BULLISH) Gold Spot Price,1933.1,1938.2,1922.0,1928.3,12.43,
08/17/2023,GOLD,1895.0,1981.0,1928.0,BULLISH,GOLD (BULLISH) Gold Spot Price,1922.4,1933.5,1914.2,1915.2,12.89,
08/18/2023,GOLD,1891.0,1977.0,1891.0,BULLISH,GOLD (BULLISH) Gold Spot Price,1919.2,1926.0,1915.9,1916.5,12.63,
08/21/2023,GOLD,1885.0,1969.0,1916.0,BULLISH,GOLD (BULLISH) Gold Spot Price,1918.4,1927.9,1913.6,1923.0,12.91,
08/22/2023,GOLD,1891.0,1964.0,1894.0,BULLISH,GOLD (BULLISH) Gold Spot Price,1924.0,1933.2,1917.5,1926.0,12.58,
08/23/2023,GOLD,1895.0,1961.0,1932.0,BULLISH,GOLD (BULLISH) Gold Spot Price,1926.8,1949.7,1926.2,1948.1,12.67,
08/24/2023,GOLD,1895.0,1961.0,1946.0,BULLISH,GOLD (BULLISH) Gold Spot Price,1944.9,1951.3,1939.2,1947.1,12.53,
08/25/2023,GOLD,1901.0,1965.0,1944.0,BULLISH,GOLD (BULLISH) Gold Spot Price,1944.9,1950.4,1931.0,1939.9,12.09,
08/28/2023,GOLD,1903.0,1959.0,1939.0,BULLISH,GOLD (BULLISH) Gold Spot Price,1944.0,1954.2,1940.1,1946.8,12.21,
08/29/2023,GOLD,1907.0,1957.0,1946.0,BULLISH,GOLD (BULLISH) Gold Spot Price,1948.1,1966.5,1941.7,1965.1,12.5,
08/30/2023,GOLD,1915.0,1969.0,1965.0,BULLISH,GOLD (BULLISH) Gold Futures Price,1966.0,1977.1,1962.8,1973.0,12.39,
08/31/2023,,,,,,,1970.2,1974.9,1965.5,1965.9,11.78,YES
09/01/2023,,,,,,,1966.4,1980.2,1960.7,1967.1,11.28,YES
09/05/2023,GOLD,1914.0,1983.0,1956.0,BULLISH,GOLD (BULLISH) Gold Continuous Contract,1966.7,1972.6,1950.6,1952.6,11.36,
09/06/2023,GOLD,1911.0,1975.0,1926.0,BULLISH,GOLD (BULLISH) Gold Spot Price,1951.5,1954.5,1940.0,1944.2,11.31,
09/07/2023,GOLD,1912.0,1975.0,1921.0,BULLISH,GOLD (BULLISH) Gold Spot Price,1942.2,1947.9,1940.3,1942.5,11.11,
09/08/2023,GOLD,1913.0,1972.0,1922.0,BULLISH,GOLD (BULLISH) Gold Spot Price,1943.8,1954.0,1940.8,1942.7,10.99,
09/11/2023,GOLD,1914.0,1978.0,1925.0,BULLISH,GOLD (BULLISH) Gold Spot Price,1943.3,1954.6,1939.5,1947.2,10.75,
09/12/2023,GOLD,1911.0,1975.0,1912.0,BULLISH,GOLD (BULLISH) Gold Spot Price,1945.6,1947.5,1929.9,1935.1,10.82,
09/13/2023,GOLD,1907.0,1970.0,1912.0,BULLISH,GOLD (BULLISH) Gold Spot Price,1935.2,1938.4,1927.2,1932.5,10.33,
09/14/2023,GOLD,1901.0,1965.0,1907.0,BULLISH,GOLD (BULLISH) Gold Spot Price,1930.7,1934.5,1921.7,1932.8,10.22,
09/15/2023,GOLD,1903.0,1966.0,1918.0,BULLISH,GOLD (BULLISH) Gold Spot Price,1932.5,1952.4,1931.2,1946.2,10.34,
09/18/2023,GOLD,1906.0,1955.0,1926.0,BULLISH,GOLD (BULLISH) Gold Spot Price,1945.7,1955.7,1943.8,1953.4,11.1,
09/19/2023,GOLD,1908.0,1955.0,1935.0,BULLISH,GOLD (BULLISH) Gold Spot Price,1955.3,1958.9,1950.9,1953.7,11.09,
09/20/2023,GOLD,1907.0,1959.0,1931.0,BULLISH,GOLD (BULLISH) Gold Spot Price,1953.0,1968.9,1948.6,1967.1,10.96,
09/21/2023,GOLD,1904.0,1968.0,1921.0,BULLISH,GOLD (BULLISH) Gold Spot Price,1952.0,1952.2,1933.1,1939.6,11.11,
09/22/2023,GOLD,1911.0,1967.0,1926.0,BULLISH,GOLD (BULLISH) Gold Spot Price,1939.6,1949.1,1939.6,1945.6,10.87,
09/25/2023,GOLD,1910.0,1956.0,1924.0,BULLISH,GOLD (BULLISH) Gold Spot Price,1944.7,1946.8,1933.8,1936.6,11.43,
09/26/2023,GOLD,1907.0,1956.0,1912.0,BULLISH,GOLD (BULLISH) Gold Spot Price,1935.1,1935.5,1917.2,1919.8,13.63,
09/27/2023,GOLD,1890.0,1950.0,1893.0,BULLISH,GOLD (BULLISH) Gold Spot Price,1918.8,1921.7,1890.3,1890.9,13.86,
09/28/2023,GOLD,1860.0,1939.0,1875.0,NEUTRAL,GOLD (NEUTRAL) Gold Spot Price,1893.3,1896.8,1874.5,1878.6,13.09,
09/29/2023,GOLD,1865.0,1937.0,1868.0,NEUTRAL,GOLD (NEUTRAL) Gold Spot Price,1882.3,1896.7,1862.3,1866.1,12.94,
10/02/2023,GOLD,1817.0,1932.0,1835.0,NEUTRAL,GOLD (NEUTRAL) Gold Spot Price,1864.4,1864.7,1842.7,1847.2,14.13,
10/03/2023,GOLD,1816.0,1910.0,1825.0,NEUTRAL,GOLD (NEUTRAL) Gold Spot Price,1844.9,1849.3,1830.9,1841.5,15.31,
10/04/2023,GOLD,1814.0,1896.0,1824.0,NEUTRAL,GOLD (NEUTRAL) Gold Spot Price,1838.7,1846.8,1831.6,1834.8,14.58,
10/05/2023,GOLD,1803.0,1883.0,1822.0,NEUTRAL,GOLD (NEUTRAL) Gold Spot Price,1837.6,1843.5,1826.2,1831.8,14.7,
10/06/2023,GOLD,1801.0,1871.0,1822.0,NEUTRAL,GOLD (NEUTRAL) Gold Spot Price,1834.3,1849.0,1823.5,1845.2,14.03,
10/09/2023,GOLD,1806.0,1903.0,1849.0,BULLISH,GOLD (BULLISH) Gold Spot Price,1861.0,1877.3,1857.5,1864.3,15.18,
10/10/2023,GOLD,1814.0,1894.0,1856.0,NEUTRAL,GOLD (NEUTRAL) Gold Spot Price,1875.4,1879.1,1866.1,1875.3,14.49,
10/11/2023,GOLD,1820.0,1888.0,1872.0,BULLISH,GOLD (BULLISH) Gold Spot Price,1873.7,1890.9,1871.7,1887.3,14.38,
10/12/2023,GOLD,1817.0,1898.0,1882.0,BULLISH,GOLD (BULLISH) Gold Spot Price,1888.1,1898.3,1880.6,1883.0,13.98,
10/13/2023,GOLD,1818.0,1899.0,1893.0,BULLISH,GOLD (BULLISH) Gold Spot Price,1881.7,1946.2,1881.5,1941.5,18.91,
10/16/2023,GOLD,1831.0,1943.0,1915.0,BULLISH,GOLD (BULLISH) Gold Spot Price,1941.3,1943.0,1921.2,1934.3,16.22,
10/17/2023,GOLD,1830.0,1943.0,1924.0,BULLISH,GOLD (BULLISH) Gold Spot Price,1933.3,1944.5,1924.6,1935.7,16.59,
10/18/2023,GOLD,1840.0,1966.0,1935.0,BULLISH,GOLD (BULLISH) Gold Spot Price,1936.7,1975.8,1935.9,1968.3,17.38,
10/19/2023,GOLD,1832.0,1985.0,1968.0,BULLISH,GOLD (BULLISH) Gold Spot Price,1960.1,1990.2,1957.0,1980.5,19.4,
10/20/2023,GOLD,1848.0,2001.0,1995.0,BULLISH,GOLD (BULLISH) Gold Spot Price,1988.0,2009.2,1983.7,1994.4,18.56,
10/23/2023,GOLD,1855.0,2017.0,1978.0,BULLISH,GOLD (BULLISH) Gold Spot Price,1987.7,1994.3,1971.0,1987.8,17.28,
10/24/2023,GOLD,1870.0,2013.0,1961.0,BULLISH,GOLD (BULLISH) Gold Spot Price,1984.1,1992.0,1964.6,1986.1,16.05,
10/25/2023,GOLD,1891.0,2027.0,1975.0,BULLISH,GOLD (BULLISH) Gold Spot Price,1982.7,1998.6,1973.6,1994.9,16.76,
10/26/2023,GOLD,1922.0,2021.0,1994.0,BULLISH,GOLD (BULLISH) Gold Spot Price,1991.2,2003.7,1981.6,1997.4,16.53,
10/27/2023,GOLD,1937.0,2025.0,1995.0,BULLISH,GOLD (BULLISH) Gold Spot Price,1995.0,2019.7,1986.4,1998.5,17.69,
10/30/2023,GOLD,1943.0,2023.0,1992.0,BULLISH,GOLD (BULLISH) Gold Spot Price,2013.5,2016.8,1999.7,2005.6,16.84,
10/31/2023,GOLD,1951.0,2021.0,1999.0,BULLISH,GOLD (BULLISH) Gold Spot Price,2005.6,2017.7,1987.4,1994.3,16.23,
11/01/2023,GOLD,1961.0,2017.0,1983.0,BULLISH,GOLD (BULLISH) Gold Spot Price,1993.3,2005.9,1978.2,1987.5,15.36,
11/02/2023,GOLD,1965.0,2015.0,1988.0,BULLISH,GOLD (BULLISH) Gold Spot Price,1992.0,1999.2,1986.3,1993.5,14.76,
11/03/2023,GOLD,1970.0,2015.0,1988.0,BULLISH,GOLD (BULLISH) Gold Spot Price,1993.5,2011.9,1989.3,1999.2,14.04,
11/06/2023,GOLD,1973.0,2008.0,1985.0,BULLISH,GOLD (BULLISH) Gold Spot Price,1999.4,2000.1,1984.2,1988.6,13.25,
11/07/2023,GOLD,1959.0,2006.0,1959.0,BULLISH,GOLD (BULLISH) Gold Spot Price,1984.8,1985.2,1962.8,1973.5,13.33,
11/08/2023,GOLD,1952.0,2011.0,1963.0,BULLISH,GOLD (BULLISH) Gold Spot Price,1975.3,1977.5,1953.2,1957.8,14.07,
11/09/2023,GOLD,1937.0,2019.0,1946.0,BULLISH,GOLD (BULLISH) Gold Spot Price,1955.5,1971.5,1948.3,1969.8,14.06,
11/10/2023,GOLD,1938.0,2014.0,1947.0,BULLISH,GOLD (BULLISH) Gold Spot Price,1964.1,1965.6,1936.9,1937.7,13.96,
11/13/2023,GOLD,1930.0,2015.0,1937.0,BULLISH,GOLD (BULLISH) Gold Spot Price,1943.4,1953.5,1935.6,1950.2,13.92,
11/14/2023,GOLD,1932.0,2013.0,1945.0,BULLISH,GOLD (BULLISH) Gold Spot Price,1950.3,1975.3,1938.8,1966.5,13.73,
11/15/2023,GOLD,1937.0,2011.0,1970.0,BULLISH,GOLD (BULLISH) Gold Spot Price,1966.9,1979.2,1958.8,1964.3,12.98,
11/16/2023,GOLD,1933.0,2005.0,1963.0,BULLISH,GOLD (BULLISH) Gold Spot Price,1963.0,1991.1,1959.0,1987.3,13.04,
11/17/2023,GOLD,1931.0,2006.0,1989.0,BULLISH,GOLD (BULLISH) Gold Spot Price,1984.2,1996.4,1981.1,1984.7,12.97,
11/20/2023,GOLD,1934.0,2005.0,1971.0,BULLISH,GOLD (BULLISH) Gold Spot Price,1980.9,1987.8,1967.2,1980.3,12.59,
11/21/2023,GOLD,1951.0,2018.0,1988.0,BULLISH,GOLD (BULLISH) Gold Spot Price,1980.0,2009.8,1979.9,2001.6,14.09,
11/22/2023,GOLD,1952.0,2019.0,2002.0,BULLISH,GOLD (BULLISH) Gold Spot Price,2000.3,2008.3,1988.6,1992.8,13.35,
11/23/2023,,,,,,,1991.2,1999.5,1990.9,1993.3,,YES
11/24/2023,GOLD,1953.0,2018.0,1995.0,BULLISH,GOLD (BULLISH) Gold Spot Price,1991.2,2004.5,1990.9,2003.0,13.05,
11/27/2023,GOLD,1962.0,2024.0,2012.0,BULLISH,GOLD (BULLISH) Gold Spot Price,2002.5,2018.9,2001.4,2012.4,13.31,
11/28/2023,GOLD,1964.0,2025.0,2015.0,BULLISH,GOLD (BULLISH) Gold Spot Price,2014.3,2044.1,2011.5,2040.0,15.54,
11/29/2023,GOLD,1982.0,2069.0,2041.0,BULLISH,GOLD (BULLISH) Gold Spot Price,2041.7,2052.1,2036.0,2047.1,15.04,
11/30/2023,GOLD,1987.0,2075.0,2038.0,BULLISH,GOLD (BULLISH) Gold Spot Price,2046.1,2047.1,2033.1,2038.1,14.22,
12/01/2023,GOLD,1991.0,2084.0,2038.0,BULLISH,GOLD (BULLISH) Gold Spot Price,2056.5,2095.7,2052.6,2089.7,16.96,
12/04/2023,GOLD,2001.0,2105.0,2068.0,BULLISH,GOLD (BULLISH) Gold Spot Price,2094.4,2152.3,2038.4,2042.2,17.13,
12/05/2023,GOLD,2002.0,2103.0,2025.0,BULLISH,GOLD (BULLISH) Gold Spot Price,2049.0,2059.6,2027.6,2036.3,15.46,
12/06/2023,GOLD,2005.0,2105.0,2024.0,BULLISH,GOLD (BULLISH) Gold Spot Price,2037.8,2053.4,2035.3,2047.9,15.4,
12/07/2023,GOLD,2006.0,2099.0,2032.0,BULLISH,GOLD (BULLISH) Gold Spot Price,2043.4,2057.2,2036.6,2046.4,14.93,
12/08/2023,GOLD,2008.0,2096.0,2028.0,BULLISH,GOLD (BULLISH) Gold Spot Price,2045.7,2050.4,2010.6,2014.5,14.14,
12/11/2023,GOLD,1985.0,2092.0,1995.0,BULLISH,GOLD (BULLISH) Gold Spot Price,2020.0,2023.7,1991.2,1993.7,13.99,
12/12/2023,GOLD,1975.0,2099.0,1988.0,BULLISH,GOLD (BULLISH) Gold Spot Price,1997.8,2012.5,1992.3,1993.2,12.82,
12/13/2023,GOLD,1977.0,2096.0,1981.0,BULLISH,GOLD (BULLISH) Gold Spot Price,1995.1,2043.3,1987.9,1997.3,13.67,
12/14/2023,GOLD,1986.0,2092.0,2037.0,BULLISH,GOLD (BULLISH) Gold Spot Price,2043.2,2062.9,2039.1,2044.9,13.96,
12/15/2023,GOLD,1988.0,2090.0,2043.0,BULLISH,GOLD (BULLISH) Gold Spot Price,2051.3,2059.6,2029.2,2035.7,13.49,
12/18/2023,GOLD,1993.0,2087.0,2023.0,BULLISH,GOLD (BULLISH) Gold Spot Price,2033.3,2048.0,2029.5,2040.5,13.79,
12/19/2023,GOLD,1991.0,2078.0,2029.0,BULLISH,GOLD (BULLISH) Gold Spot Price,2041.1,2061.0,2034.8,2052.1,13.75,
12/20/2023,GOLD,1993.0,2089.0,2034.0,BULLISH,GOLD (BULLISH) Gold Spot Price,2053.8,2056.9,2040.6,2047.7,13.82,
12/21/2023,GOLD,1985.0,2080.0,2034.0,BULLISH,GOLD (BULLISH) Gold Spot Price,2044.4,2058.0,2043.3,2051.3,14.27,
12/22/2023,GOLD,1988.0,2087.0,2064.0,BULLISH,GOLD (BULLISH) Gold Spot Price,2061.2,2083.0,2058.2,2069.1,15.25,
12/26/2023,GOLD,1992.0,2090.0,2062.0,BULLISH,GOLD (BULLISH) Gold Spot Price,2066.0,2080.5,2065.1,2069.8,15.83,
12/27/2023,GOLD,2001.0,2090.0,2069.0,BULLISH,GOLD (BULLISH) Gold Spot Price,2079.3,2095.8,2072.8,2093.1,16.96,
12/28/2023,GOLD,2020.0,2100.0,2076.0,BULLISH,GOLD (BULLISH) Gold Spot Price,2089.5,2098.2,2074.6,2083.5,16.05,
12/29/2023,GOLD,2026.0,2101.0,2065.0,BULLISH,GOLD (BULLISH) Gold Spot Price,2076.1,2084.1,2067.6,2071.8,15.85,
01/02/2024,GOLD,2038.0,2099.0,2066.0,BULLISH,GOLD (BULLISH) Gold Spot Price,2072.7,2088.1,2064.3,2073.4,15.73,
01/03/2024,GOLD,2039.0,2099.0,2073.0,BULLISH,GOLD (BULLISH) Gold Spot Price,2067.9,2074.3,2038.3,2042.8,14.85,
01/04/2024,GOLD,2036.0,2100.0,2042.0,BULLISH,GOLD (BULLISH) Gold Spot Price,2049.3,2058.1,2043.3,2050.0,14.2,
01/05/2024,GOLD,2035.0,2101.0,2050.0,BULLISH,GOLD (BULLISH) Gold Spot Price,2051.4,2071.1,2030.8,2049.8,13.81,
01/08/2024,GOLD,2025.0,2099.0,2020.0,BULLISH,GOLD (BULLISH) Gold Spot Price,2052.6,2053.3,2022.7,2033.5,13.56,
01/09/2024,GOLD,2022.0,2102.0,2035.0,BULLISH,GOLD (BULLISH) Gold Spot Price,2034.5,2048.6,2031.9,2033.0,13.16,
01/10/2024,GOLD,2015.0,2095.0,2031.0,BULLISH,GOLD (BULLISH) Gold Spot Price,2036.0,2046.2,2025.9,2027.8,13.26,
01/11/2024,GOLD,2011.0,2091.0,2033.0,BULLISH,GOLD (BULLISH) Gold Spot Price,2029.4,2056.1,2017.3,2019.2,12.8,
01/12/2024,GOLD,2010.0,2084.0,2028.0,BULLISH,GOLD (BULLISH) Gold Spot Price,2033.2,2067.3,2033.1,2051.6,13.49,
01/16/2024,GOLD,2012.0,2082.0,2049.0,BULLISH,GOLD (BULLISH) Gold Spot Price,2053.4,2062.8,2027.6,2030.2,13.55,
01/17/2024,GOLD,2013.0,2079.0,2028.0,BULLISH,GOLD (BULLISH) Gold Spot Price,2031.7,2036.1,2004.6,2006.5,13.53,
01/18/2024,GOLD,2005.0,2072.0,2006.0,BULLISH,GOLD (BULLISH) Gold Spot Price,2009.1,2025.6,2007.7,2021.6,13.09,
01/19/2024,GOLD,2006.0,2077.0,2023.0,BULLISH,GOLD (BULLISH) Gold Spot Price,2027.4,2041.9,2022.2,2029.3,12.95,
01/22/2024,GOLD,2003.0,2061.0,2029.0,BULLISH,GOLD (BULLISH) Gold Spot Price,2031.8,2034.1,2017.4,2022.2,12.83,
01/23/2024,GOLD,2002.0,2060.0,2021.0,BULLISH,GOLD (BULLISH) Gold Spot Price,2023.2,2039.3,2020.8,2025.8,12.73,
01/24/2024,GOLD,2006.0,2058.0,2029.0,BULLISH,GOLD (BULLISH) Gold Spot Price,2030.7,2037.9,2011.7,2016.0,12.7,
01/25/2024,GOLD,2000.0,2058.0,2013.0,BULLISH,GOLD (BULLISH) Gold Spot Price,2014.8,2025.6,2004.0,2017.8,12.79,
01/26/2024,GOLD,2000.0,2056.0,2020.0,BULLISH,GOLD (BULLISH) Gold Spot Price,2021.0,2028.1,2015.6,2017.3,11.91,
01/29/2024,GOLD,2003.0,2054.0,2018.0,BULLISH,GOLD (BULLISH) Gold Spot Price,2024.4,2037.2,2018.8,2025.4,13.08,
01/30/2024,GOLD,2005.0,2052.0,2033.0,BULLISH,GOLD (BULLISH) Gold Spot Price,2032.5,2048.5,2028.1,2031.5,13.05,
01/31/2024,GOLD,2009.0,2052.0,2037.0,BULLISH,GOLD (BULLISH) Gold Spot Price,2035.4,2055.0,2030.0,2048.4,13.16,
02/01/2024,GOLD,2007.0,2070.0,2039.0,BULLISH,GOLD (BULLISH) Gold Spot Price,2057.9,2083.2,2046.4,2071.1,13.72,
02/02/2024,GOLD,2013.0,2086.0,2054.0,BULLISH,GOLD (BULLISH) Gold Spot Price,2072.0,2074.7,2044.2,2053.7,12.66,
02/05/2024,GOLD,2006.0,2081.0,2023.0,BULLISH,GOLD (BULLISH) Gold Spot Price,2057.9,2059.1,2030.8,2042.9,12.49,
02/06/2024,GOLD,2006.0,2084.0,2025.0,BULLISH,GOLD (BULLISH) Gold Spot Price,2041.4,2055.3,2038.8,2051.4,12.31,
02/07/2024,GOLD,2011.0,2083.0,2036.0,BULLISH,GOLD (BULLISH) Gold Spot Price,2052.6,2061.3,2046.4,2051.7,11.84,
02/08/2024,GOLD,2014.0,2082.0,2026.0,BULLISH,GOLD (BULLISH) Gold Spot Price,2051.0,2053.8,2034.6,2047.9,11.71,
02/09/2024,GOLD,2017.0,2079.0,2034.0,BULLISH,GOLD (BULLISH) Gold Spot Price,2049.7,2051.9,2034.3,2038.7,11.2,
02/12/2024,GOLD,2011.0,2075.0,2024.0,BULLISH,GOLD (BULLISH) Gold Spot Price,2038.2,2041.8,2025.4,2033.0,11.81,
02/13/2024,GOLD,2018.0,2076.0,2020.0,BULLISH,GOLD (BULLISH) Gold Spot Price,2033.7,2047.3,2002.8,2007.2,12.15,
02/14/2024,GOLD,1985.0,2071.0,1993.0,NEUTRAL,GOLD (NEUTRAL) Gold Spot Price,2006.3,2008.8,1996.4,2004.3,12.02,
02/15/2024,GOLD,1984.0,2070.0,1992.0,NEUTRAL,GOLD (NEUTRAL) Gold Spot Price,2004.8,2020.2,2001.8,2014.9,11.79,
02/16/2024,GOLD,1992.0,2069.0,2004.0,NEUTRAL,GOLD (NEUTRAL) Gold Spot Price,2016.1,2027.2,2006.6,2024.1,11.75,
02/20/2024,GOLD,1984.0,2051.0,2017.0,NEUTRAL,GOLD (NEUTRAL) Gold Spot Price,2027.7,2042.7,2023.9,2039.8,11.81,
02/21/2024,GOLD,1995.0,2062.0,2028.0,BULLISH,GOLD (BULLISH) Gold Spot Price,2036.2,2043.5,2030.9,2034.3,11.46,
02/22/2024,GOLD,1997.0,2058.0,2025.0,BULLISH,GOLD (BULLISH) Gold Spot Price,2036.5,2045.5,2029.3,2030.7,11.19,
02/23/2024,GOLD,1995.0,2052.0,2024.0,BULLISH,GOLD (BULLISH) Gold Spot Price,2034.1,2053.2,2025.4,2049.4,11.5,
02/26/2024,GOLD,1998.0,2056.0,2035.0,BULLISH,GOLD (BULLISH) Gold Spot Price,2044.2,2046.8,2034.1,2038.9,11.29,
02/27/2024,GOLD,1995.0,2059.0,2031.0,BULLISH,GOLD (BULLISH) Gold Spot Price,2041.2,2049.1,2038.1,2044.1,10.95,
02/28/2024,GOLD,1995.0,2059.0,2030.0,BULLISH,GOLD (BULLISH) Gold Spot Price,2039.7,2047.4,2033.4,2042.7,10.93,
02/29/2024,GOLD,2005.0,2057.0,2029.0,BULLISH,GOLD (BULLISH) Gold Spot Price,2043.8,2059.4,2036.0,2054.7,11.16,
03/01/2024,GOLD,2012.0,2061.0,2044.0,BULLISH,GOLD (BULLISH) Gold Spot Price,2052.8,2097.1,2047.0,2095.7,13.47,
03/04/2024,GOLD,2023.0,2099.0,2082.0,BULLISH,GOLD (BULLISH) Gold Spot Price,2091.6,2128.4,2088.1,2126.3,14.61,
03/05/2024,GOLD,2047.0,2135.0,2114.0,BULLISH,GOLD (BULLISH) Gold Spot Price,2123.3,2150.5,2118.5,2141.9,14.54,
03/06/2024,GOLD,2054.0,2150.0,2128.0,BULLISH,GOLD (BULLISH) Gold Spot Price,2136.4,2160.7,2131.9,2158.2,15.17,
03/07/2024,GOLD,2061.0,2175.0,2148.0,BULLISH,GOLD (BULLISH) Gold Spot Price,2156.7,2172.2,2151.7,2165.2,15.09,
03/08/2024,GOLD,2070.0,2197.0,2159.0,BULLISH,GOLD (BULLISH) Gold Spot Price,2166.6,2203.0,2161.2,2185.5,15.47,
03/11/2024,GOLD,2077.0,2215.0,2178.0,BULLISH,GOLD (BULLISH) Gold Spot Price,2187.6,2195.5,2180.9,2188.6,15.5,
03/12/2024,GOLD,2086.0,2225.0,2182.0,BULLISH,GOLD (BULLISH) Gold Spot Price,2189.1,2190.8,2156.2,2166.1,14.1,
03/13/2024,GOLD,2091.0,2189.0,2158.0,BULLISH,GOLD (BULLISH) Gold Spot Price,2163.6,2185.6,2161.3,2180.8,14.09,
03/14/2024,GOLD,2097.0,2215.0,2174.0,BULLISH,GOLD (BULLISH) Gold Spot Price,2179.5,2181.3,2157.0,2167.5,13.3,
03/15/2024,GOLD,2116.0,2206.0,2162.0,BULLISH,GOLD (BULLISH) Gold Spot Price,2166.2,2176.9,2158.7,2161.5,13.54,
03/18/2024,GOLD,2130.0,2199.0,2155.0,BULLISH,GOLD (BULLISH) Gold Spot Price,2159.9,2167.2,2149.2,2164.3,13.83,
03/19/2024,GOLD,2139.0,2195.0,2160.0,BULLISH,GOLD (BULLISH) Gold Spot Price,2164.0,2166.3,2150.2,2159.7,13.48,
03/20/2024,GOLD,2140.0,2188.0,2157.0,BULLISH,GOLD (BULLISH) Gold Spot Price,2161.4,2192.2,2152.3,2161.0,13.62,
03/21/2024,GOLD,2150.0,2225.0,2186.0,BULLISH,GOLD (BULLISH) Gold Spot Price,2190.2,2225.3,2168.2,2184.7,13.42,
03/22/2024,GOLD,2141.0,2199.0,2181.0,BULLISH,GOLD (BULLISH) Gold Spot Price,2183.4,2188.0,2158.4,2160.0,12.53,
03/25/2024,GOLD,2139.0,2187.0,2165.0,BULLISH,GOLD (BULLISH) Gold Spot Price,2166.6,2182.5,2164.4,2176.4,12.09,
03/26/2024,GOLD,2144.0,2205.0,2171.0,BULLISH,GOLD (BULLISH) Gold Spot Price,2173.0,2200.6,2168.3,2177.2,12.57,
03/27/2024,GOLD,2145.0,2211.0,2178.0,BULLISH,GOLD (BULLISH) Gold Spot Price,2179.4,2196.2,2172.1,2190.6,13.58,
03/28/2024,GOLD,2160.0,2232.0,2194.0,BULLISH,GOLD (BULLISH) Gold Spot Price,2193.6,2234.1,2187.1,2217.4,15.44,
04/01/2024,GOLD,2156.0,2275.0,2229.0,BULLISH,GOLD (BULLISH) Gold Spot Price,2259.2,2286.4,2249.1,2257.1,16.25,
04/02/2024,GOLD,2184.0,2281.0,2251.0,BULLISH,GOLD (BULLISH) Gold Spot Price,2272.7,2301.9,2267.1,2281.8,17.13,
04/03/2024,GOLD,2184.0,2295.0,2271.0,BULLISH,GOLD (BULLISH) Gold Spot Price,2301.7,2321.8,2285.7,2315.0,17.49,
04/04/2024,GOLD,2198.0,2325.0,2292.0,BULLISH,GOLD (BULLISH) Gold Spot Price,2321.0,2325.3,2298.7,2308.5,17.29,
04/05/2024,GOLD,2185.0,2346.0,2290.0,BULLISH,GOLD (BULLISH) Gold Spot Price,2309.5,2350.0,2286.2,2345.4,16.92,
04/08/2024,GOLD,2196.0,2370.0,2329.0,BULLISH,GOLD (BULLISH) Gold Spot Price,2343.6,2372.5,2321.7,2351.0,18.17,
04/09/2024,GOLD,2201.0,2388.0,2339.0,BULLISH,GOLD (BULLISH) Gold Spot Price,2358.1,2384.5,2355.7,2362.4,18.3,
04/10/2024,GOLD,2216.0,2399.0,2352.0,BULLISH,GOLD (BULLISH) Gold Spot Price,2372.4,2378.1,2337.1,2348.4,18.67,
04/11/2024,GOLD,2229.0,2391.0,2334.0,BULLISH,GOLD (BULLISH) Gold Spot Price,2351.7,2395.6,2343.1,2372.7,18.97,
04/12/2024,GOLD,2225.0,2410.0,2392.0,BULLISH,GOLD (BULLISH) Gold Spot Price,2389.4,2448.8,2350.6,2374.1,20.21,
04/15/2024,GOLD,2275.0,2404.0,2344.0,BULLISH,GOLD (BULLISH) Gold Spot Price,2369.4,2404.3,2340.2,2383.0,22.25,
04/16/2024,GOLD,2300.0,2406.0,2383.0,BULLISH,GOLD (BULLISH) Gold Spot Price,2399.1,2414.8,2379.2,2407.8,20.56,
04/17/2024,GOLD,2305.0,2421.0,2388.0,BULLISH,GOLD (BULLISH) Gold Spot Price,2398.0,2412.0,2370.7,2388.4,19.01,
04/18/2024,GOLD,2334.0,2418.0,2361.0,BULLISH,GOLD (BULLISH) Gold Spot Price,2377.9,2408.0,2377.2,2398.0,18.65,
04/19/2024,GOLD,2336.0,2424.0,2398.0,BULLISH,GOLD (BULLISH) Gold Spot Price,2394.0,2433.3,2386.8,2413.8,18.51,
04/22/2024,GOLD,2330.0,2425.0,2391.0,BULLISH,GOLD (BULLISH) Gold Spot Price,2403.7,2404.3,2338.2,2346.4,17.76,
04/23/2024,GOLD,2275.0,2423.0,2327.0,BULLISH,GOLD (BULLISH) Gold Spot Price,2342.3,2347.9,2304.6,2342.1,17.73,
04/24/2024,GOLD,2300.0,2431.0,2322.0,BULLISH,GOLD (BULLISH) Gold Spot Price,2335.7,2350.9,2324.8,2338.4,17.45,
04/25/2024,GOLD,2302.0,2435.0,2316.0,BULLISH,GOLD (BULLISH) Gold Spot Price,2327.4,2357.6,2316.4,2342.5,17.32,
04/26/2024,GOLD,2305.0,2435.0,2332.0,BULLISH,GOLD (BULLISH) Gold Spot Price,2344.2,2364.4,2338.0,2347.2,16.92,
04/29/2024,GOLD,2306.0,2431.0,2337.0,BULLISH,GOLD (BULLISH) Gold Spot Price,2347.6,2358.9,2331.0,2357.7,16.92,
04/30/2024,GOLD,2302.0,2420.0,2318.0,BULLISH,GOLD (BULLISH) Gold Spot Price,2347.0,2347.6,2296.2,2302.9,16.54,
05/01/2024,GOLD,2275.0,2419.0,2286.0,BULLISH,GOLD (BULLISH) Gold Spot Price,2298.2,2339.5,2291.7,2311.0,16.25,
05/02/2024,GOLD,2274.0,2413.0,2319.0,BULLISH,GOLD (BULLISH) Gold Spot Price,2329.9,2336.1,2294.3,2309.6,16.05,
05/03/2024,GOLD,2276.0,2390.0,2303.0,BULLISH,GOLD (BULLISH) Gold Spot Price,2313.5,2330.7,2285.2,2308.6,15.83,
05/06/2024,GOLD,2288.0,2397.0,2308.0,BULLISH,GOLD (BULLISH) Gold Spot Price,2312.8,2341.9,2300.6,2331.2,16.23,
05/07/2024,GOLD,2288.0,2375.0,2324.0,BULLISH,GOLD (BULLISH) Gold Spot Price,2334.8,2338.7,2318.2,2324.2,15.75,
05/08/2024,GOLD,2287.0,2374.0,2317.0,BULLISH,GOLD (BULLISH) Gold Spot Price,2322.0,2329.6,2311.4,2322.3,15.29,
05/09/2024,GOLD,2289.0,2370.0,2322.0,BULLISH,GOLD (BULLISH) Gold Spot Price,2316.5,2354.2,2312.9,2340.3,16.27,
05/10/2024,GOLD,2299.0,2386.0,2340.0,BULLISH,GOLD (BULLISH) Gold Spot Price,2353.5,2385.3,2352.0,2375.0,16.2,
05/13/2024,GOLD,2302.0,2385.0,2360.0,BULLISH,GOLD (BULLISH) Gold Spot Price,2369.1,2370.8,2337.6,2343.0,16.52,
05/14/2024,GOLD,2302.0,2379.0,2336.0,BULLISH,GOLD (BULLISH) Gold Spot Price,2342.3,2365.2,2340.5,2359.9,16.61,
05/15/2024,GOLD,2303.0,2386.0,2358.0,BULLISH,GOLD (BULLISH) Gold Spot Price,2362.9,2396.1,2357.1,2394.9,16.99,
05/16/2024,GOLD,2309.0,2397.0,2385.0,BULLISH,GOLD (BULLISH) Gold Spot Price,2391.5,2402.7,2375.2,2385.5,16.26,
05/17/2024,GOLD,2311.0,2408.0,2376.0,BULLISH,GOLD (BULLISH) Gold Spot Price,2381.4,2427.4,2377.8,2417.4,17.4,
05/20/2024,GOLD,2335.0,2475.0,2415.0,BULLISH,GOLD (BULLISH) Gold Spot Price,2422.2,2454.2,2411.1,2438.5,17.58,
05/21/2024,GOLD,2345.0,2450.0,2425.0,BULLISH,GOLD (BULLISH) Gold Spot Price,2431.5,2438.2,2408.5,2425.9,16.76,
05/22/2024,GOLD,2350.0,2467.0,2421.0,BULLISH,GOLD (BULLISH) Gold Spot Price,2425.4,2430.5,2378.0,2392.9,16.45,
05/23/2024,GOLD,2335.0,2453.0,2378.0,BULLISH,GOLD (BULLISH) Gold Spot Price,2383.0,2385.7,2328.1,2337.2,16.03,
05/24/2024,GOLD,2315.0,2458.0,2329.0,BULLISH,GOLD (BULLISH) Gold Spot Price,2330.4,2349.0,2326.3,2334.5,15.26,
05/28/2024,GOLD,2315.0,2459.0,2350.0,BULLISH,GOLD (BULLISH) Gold Spot Price,2338.0,2365.5,2333.8,2356.5,15.92,
05/29/2024,GOLD,2316.0,2460.0,2361.0,BULLISH,GOLD (BULLISH) Gold Spot Price,2362.5,2363.7,2334.2,2341.2,15.83,
05/30/2024,GOLD,2312.0,2457.0,2338.0,BULLISH,GOLD (BULLISH) Gold Spot Price,2336.9,2349.5,2320.8,2342.9,15.74,
05/31/2024,GOLD,2310.0,2457.0,2343.0,BULLISH,GOLD (BULLISH) Gold Spot Price,2344.1,2354.0,2319.0,2322.9,15.26,
06/03/2024,GOLD,2305.0,2454.0,2327.0,BULLISH,GOLD (BULLISH) Gold Spot Price,2348.0,2375.5,2334.8,2369.3,16.0,
06/04/2024,GOLD,2307.0,2438.0,2350.0,BULLISH,GOLD (BULLISH) Gold Spot Price,2371.3,2373.1,2335.1,2347.4,16.22,
06/05/2024,GOLD,2310.0,2455.0,2327.0,BULLISH,GOLD (BULLISH) Gold Spot Price,2347.1,2377.6,2345.3,2375.5,16.5,
06/06/2024,GOLD,2317.0,2392.0,2355.0,BULLISH,GOLD (BULLISH) Gold Spot Price,2375.3,2397.8,2372.2,2390.9,16.85,
06/07/2024,GOLD,2323.0,2415.0,2376.0,BULLISH,GOLD (BULLISH) Gold Spot Price,2395.7,2406.7,2304.2,2325.0,17.13,
06/10/2024,GOLD,2276.0,2399.0,2293.0,BULLISH,GOLD (BULLISH) Gold Spot Price,2311.0,2331.3,2304.5,2327.0,16.66,
06/11/2024,GOLD,2290.0,2400.0,2310.0,BULLISH,GOLD (BULLISH) Gold Spot Price,2329.5,2337.3,2314.5,2326.6,16.45,
06/12/2024,GOLD,2295.0,2398.0,2317.0,BULLISH,GOLD (BULLISH) Gold Spot Price,2334.0,2358.8,2327.2,2354.8,15.92,
06/13/2024,GOLD,2304.0,2397.0,2324.0,BULLISH,GOLD (BULLISH) Gold Spot Price,2340.9,2342.4,2310.9,2318.0,15.71,
06/14/2024,GOLD,2298.0,2398.0,2333.0,BULLISH,GOLD (BULLISH) Gold Spot Price,2319.6,2352.3,2316.7,2349.1,16.07,
06/17/2024,GOLD,2300.0,2394.0,2333.0,BULLISH,GOLD (BULLISH) Gold Spot Price,2348.5,2348.7,2324.3,2329.0,15.63,
06/18/2024,GOLD,2296.0,2395.0,2310.0,BULLISH,GOLD (BULLISH) Gold Spot Price,2333.7,2348.2,2320.2,2346.9,15.64,
06/20/2024,GOLD,2300.0,2393.0,2328.0,BULLISH,GOLD (BULLISH) Gold Spot Price,2344.2,2379.5,2338.5,2369.0,16.4,
06/21/2024,GOLD,2303.0,2390.0,2360.0,BULLISH,GOLD (BULLISH) Gold Spot Price,2373.8,2382.6,2329.2,2331.2,15.86,
06/24/2024,GOLD,2305.0,2390.0,2321.0,BULLISH,GOLD (BULLISH) Gold Spot Price,2333.5,2347.5,2329.5,2344.4,15.49,
06/25/2024,GOLD,2308.0,2391.0,2334.0,BULLISH,GOLD (BULLISH) Gold Spot Price,2346.8,2349.7,2327.1,2330.8,14.88,
06/26/2024,GOLD,2300.0,2381.0,2319.0,BULLISH,GOLD (BULLISH) Gold Spot Price,2331.8,2335.8,2304.7,2313.2,14.88,
06/27/2024,GOLD,2301.0,2379.0,2298.0,BULLISH,GOLD (BULLISH) Gold Spot Price,2309.4,2342.0,2306.8,2336.6,15.01,
06/28/2024,GOLD,2304.0,2378.0,2334.0,BULLISH,GOLD (BULLISH) Gold Spot Price,2338.6,2350.6,2329.7,2339.6,14.72,
07/01/2024,GOLD,2305.0,2370.0,2337.0,BULLISH,GOLD (BULLISH) Gold Spot Price,2336.2,2348.8,2328.2,2338.9,14.86,
07/02/2024,GOLD,2309.0,2371.0,2331.0,BULLISH,GOLD (BULLISH) Gold Spot Price,2341.6,2346.1,2327.4,2333.4,14.35,
07/03/2024,GOLD,2311.0,2369.0,2345.0,BULLISH,GOLD (BULLISH) Gold Spot Price,2338.6,2374.5,2335.7,2369.4,14.89,
07/05/2024,GOLD,2313.0,2380.0,2356.0,BULLISH,GOLD (BULLISH) Gold Spot Price,2365.8,2401.5,2356.0,2397.7,15.62,
07/08/2024,GOLD,2314.0,2399.0,2382.0,BULLISH,GOLD (BULLISH) Gold Spot Price,2396.2,2399.3,2358.3,2363.5,15.13,
07/09/2024,GOLD,2314.0,2396.0,2359.0,BULLISH,GOLD (BULLISH) Gold Spot Price,2366.5,2378.3,2356.0,2367.9,14.64,
07/10/2024,GOLD,2316.0,2401.0,2364.0,BULLISH,GOLD (BULLISH) Gold Spot Price,2371.0,2393.4,2369.7,2379.7,14.89,
07/11/2024,GOLD,2318.0,2406.0,2371.0,BULLISH,GOLD (BULLISH) Gold Spot Price,2377.4,2430.4,2376.8,2421.9,15.74,
07/12/2024,GOLD,2337.0,2432.0,2415.0,BULLISH,GOLD (BULLISH) Gold Spot Price,2421.0,2423.2,2396.1,2420.7,15.12,
07/15/2024,GOLD,2352.0,2445.0,2411.0,BULLISH,GOLD (BULLISH) Gold Spot Price,2419.3,2445.0,2406.1,2428.9,15.98,
07/16/2024,GOLD,2346.0,2459.0,2422.0,BULLISH,GOLD (BULLISH) Gold Spot Price,2427.1,2474.5,2424.5,2467.8,17.15,
07/17/2024,GOLD,2375.0,2497.0,2469.0,BULLISH,GOLD (BULLISH) Gold Spot Price,2473.2,2488.4,2455.5,2459.9,16.7,
07/18/2024,GOLD,2381.0,2493.0,2458.0,BULLISH,GOLD (BULLISH) Gold Spot Price,2462.5,2478.5,2442.9,2456.4,16.25,
07/19/2024,GOLD,2384.0,2495.0,2445.0,BULLISH,GOLD (BULLISH) Gold Spot Price,2448.0,2448.4,2395.7,2399.1,16.34,
07/22/2024,GOLD,2376.0,2495.0,2400.0,BULLISH,GOLD (BULLISH) Gold Spot Price,2403.7,2414.4,2385.2,2394.7,15.74,
07/23/2024,GOLD,2387.0,2490.0,2396.0,BULLISH,GOLD (BULLISH) Gold Spot Price,2398.0,2413.5,2389.2,2407.3,15.44,
07/24/2024,GOLD,2375.0,2482.0,2409.0,BULLISH,GOLD (BULLISH) Gold Spot Price,2410.7,2433.0,2397.0,2415.7,15.98,
07/25/2024,GOLD,2363.0,2475.0,2397.0,BULLISH,GOLD (BULLISH) Gold Spot Price,2398.1,2400.8,2351.9,2353.5,15.54,
07/26/2024,GOLD,2349.0,2492.0,2364.0,BULLISH,GOLD (BULLISH) Gold Spot Price,2363.8,2389.7,2354.6,2381.0,15.2,
07/29/2024,GOLD,2343.0,2487.0,2387.0,BULLISH,GOLD (BULLISH) Gold Spot Price,2386.9,2402.1,2367.3,2377.8,15.64,
07/30/2024,GOLD,2352.0,2478.0,2384.0,BULLISH,GOLD (BULLISH) Gold Spot Price,2380.9,2409.3,2373.8,2405.0,16.3,
07/31/2024,GOLD,2355.0,2481.0,2410.0,BULLISH,GOLD (BULLISH) Gold Spot Price,2407.1,2447.6,2402.8,2426.5,17.88,
08/01/2024,GOLD,2361.0,2499.0,2439.0,BULLISH,GOLD (BULLISH) Gold Spot Price,2493.4,2506.6,2474.0,2480.8,17.61,
08/02/2024,GOLD,2363.0,2502.0,2446.0,BULLISH,GOLD (BULLISH) Gold Spot Price,2490.8,2522.5,2453.1,2469.8,18.7,
08/05/2024,GOLD,2354.0,2501.0,2383.0,BULLISH,GOLD (BULLISH) Gold Spot Price,2490.3,2500.8,2403.8,2444.4,21.95,
08/06/2024,GOLD,2356.0,2516.0,2410.0,BULLISH,GOLD (BULLISH) Gold Spot Price,2451.7,2459.5,2421.8,2431.6,19.1,
08/07/2024,GOLD,2360.0,2517.0,2390.0,BULLISH,GOLD (BULLISH) Gold Spot Price,2432.6,2447.3,2418.8,2432.4,18.12,
08/08/2024,GOLD,2363.0,2511.0,2382.0,BULLISH,GOLD (BULLISH) Gold Spot Price,2422.8,2467.9,2420.2,2463.3,18.45,
08/09/2024,GOLD,2401.0,2499.0,2427.0,BULLISH,GOLD (BULLISH) Gold Spot Price,2467.3,2476.5,2456.1,2473.4,17.8,
08/12/2024,GOLD,2412.0,2499.0,2431.0,BULLISH,GOLD (BULLISH) Gold Spot Price,2470.1,2513.4,2462.7,2504.0,20.61,
08/13/2024,GOLD,2424.0,2518.0,2472.0,BULLISH,GOLD (BULLISH) Gold Spot Price,2512.6,2517.3,2498.2,2507.8,19.18,
08/14/2024,GOLD,2424.0,2524.0,2465.0,BULLISH,GOLD (BULLISH) Gold Spot Price,2506.3,2519.7,2476.2,2479.7,18.49,
08/15/2024,GOLD,2432.0,2520.0,2461.0,BULLISH,GOLD (BULLISH) Gold Spot Price,2486.2,2508.0,2469.2,2492.4,18.16,
08/16/2024,GOLD,2440.0,2526.0,2470.0,BULLISH,GOLD (BULLISH) Gold Spot Price,2494.4,2548.3,2488.2,2537.8,20.09,
08/19/2024,GOLD,2448.0,2550.0,2506.0,BULLISH,GOLD (BULLISH) Gold Spot Price,2549.7,2549.9,2523.7,2541.3,18.77,
08/20/2024,GOLD,2455.0,2560.0,2504.0,BULLISH,GOLD (BULLISH) Gold Spot Price,2542.4,2570.4,2535.1,2550.6,18.47,
08/21/2024,GOLD,2461.0,2567.0,2513.0,BULLISH,GOLD (BULLISH) Gold Spot Price,2552.2,2558.0,2528.2,2547.5,18.63,
08/22/2024,GOLD,2467.0,2561.0,2512.0,BULLISH,GOLD (BULLISH) Gold Spot Price,2549.9,2551.4,2506.4,2516.7,17.89,
08/23/2024,GOLD,2470.0,2575.0,2484.0,BULLISH,GOLD (BULLISH) Gold Spot Price,2521.1,2554.5,2519.8,2546.3,17.49,
08/26/2024,GOLD,2478.0,2575.0,2512.0,BULLISH,GOLD (BULLISH) Gold Spot Price,2545.1,2563.2,2544.0,2555.2,17.9,
08/27/2024,GOLD,2480.0,2583.0,2518.0,BULLISH,GOLD (BULLISH) Gold Spot Price,2553.8,2561.4,2538.5,2552.9,17.69,
08/28/2024,GOLD,2487.0,2586.0,2507.0,BULLISH,GOLD (BULLISH) Gold Spot Price,2559.8,2564.3,2527.8,2537.8,17.18,
08/29/2024,GOLD,2489.0,2574.0,2522.0,BULLISH,GOLD (BULLISH) Gold Spot Price,2539.2,2562.2,2536.5,2560.3,17.22,
08/30/2024,GOLD,2501.0,2579.0,2521.0,BULLISH,GOLD (BULLISH) Gold Spot Price,2553.6,2560.1,2526.6,2527.6,16.4,
09/03/2024,GOLD,2490.0,2572.0,2499.0,BULLISH,GOLD (BULLISH) Gold Spot Price,2536.0,2539.5,2504.4,2523.0,16.55,
09/04/2024,GOLD,2465.0,2564.0,2492.0,BULLISH,GOLD (BULLISH) Gold Spot Price,2524.6,2531.5,2502.7,2526.0,16.19,
09/05/2024,GOLD,2475.0,2570.0,2516.0,BULLISH,GOLD (BULLISH) Gold Spot Price,2526.4,2554.0,2523.7,2543.1,16.48,
09/06/2024,GOLD,2477.0,2567.0,2516.0,BULLISH,GOLD (BULLISH) Gold Spot Price,2547.1,2559.8,2513.9,2524.6,16.49,
09/09/2024,GOLD,2475.0,2561.0,2497.0,BULLISH,GOLD (BULLISH) Gold Spot Price,2526.5,2536.5,2514.2,2532.7,16.16,
09/10/2024,GOLD,2476.0,2559.0,2505.0,BULLISH,GOLD (BULLISH) Gold Spot Price,2536.0,2547.5,2528.9,2543.1,16.08,
09/11/2024,GOLD,2491.0,2560.0,2522.0,BULLISH,GOLD (BULLISH) Gold Spot Price,2545.7,2558.0,2529.0,2542.4,15.52,
09/12/2024,GOLD,2492.0,2549.0,2519.0,BULLISH,GOLD (BULLISH) Gold Spot Price,2540.6,2588.5,2538.7,2580.6,16.74,
09/13/2024,GOLD,2507.0,2599.0,2566.0,BULLISH,GOLD (BULLISH) Gold Spot Price,2587.5,2614.6,2585.0,2610.7,16.88,
09/16/2024,GOLD,2525.0,2619.0,2583.0,BULLISH,GOLD (BULLISH) Gold Spot Price,2608.0,2617.4,2602.5,2608.9,17.03,
09/17/2024,GOLD,2526.0,2623.0,2579.0,BULLISH,GOLD (BULLISH) Gold Spot Price,2609.8,2613.7,2587.3,2592.4,17.49,
09/18/2024,GOLD,2524.0,2630.0,2580.0,BULLISH,GOLD (BULLISH) Gold Spot Price,2596.0,2627.2,2572.5,2598.6,17.13,
09/19/2024,GOLD,2529.0,2640.0,2589.0,BULLISH,GOLD (BULLISH) Gold Spot Price,2585.1,2620.5,2575.3,2614.6,16.76,
09/20/2024,GOLD,2544.0,2644.0,2613.0,BULLISH,GOLD (BULLISH) Gold Spot Price,2611.2,2651.0,2608.7,2646.2,17.08,
09/23/2024,GOLD,2550.0,2658.0,2624.0,BULLISH,GOLD (BULLISH) Gold Spot Price,2646.2,2659.8,2638.6,2652.5,17.72,
09/24/2024,GOLD,2561.0,2669.0,2627.0,BULLISH,GOLD (BULLISH) Gold Spot Price,2653.3,2689.4,2647.1,2677.0,19.26,
09/25/2024,GOLD,2568.0,2680.0,2656.0,BULLISH,GOLD (BULLISH) Gold Spot Price,2682.8,2694.9,2673.4,2684.7,19.13,
09/26/2024,GOLD,2576.0,2701.0,2684.0,BULLISH,GOLD (BULLISH) Gold Spot Price,2681.2,2708.7,2677.5,2694.9,18.82,
09/27/2024,GOLD,2585.0,2724.0,2668.0,BULLISH,GOLD (BULLISH) Gold Spot Price,2695.1,2696.9,2665.3,2668.1,18.59,
09/30/2024,GOLD,2590.0,2721.0,2641.0,BULLISH,GOLD (BULLISH) Gold Spot Price,2680.5,2687.7,2646.2,2659.4,18.08,
10/01/2024,GOLD,2590.0,2724.0,2653.0,BULLISH,GOLD (BULLISH) Gold Spot Price,2656.1,2694.7,2653.8,2690.3,18.57,
10/02/2024,GOLD,2601.0,2723.0,2649.0,BULLISH,GOLD (BULLISH) Gold Spot Price,2684.6,2684.8,2662.1,2669.7,18.07,
10/03/2024,GOLD,2619.0,2713.0,2669.0,BULLISH,GOLD (BULLISH) Gold Spot Price,2679.9,2683.4,2657.8,2679.2,18.28,
10/04/2024,GOLD,2628.0,2711.0,2679.0,BULLISH,GOLD (BULLISH) Gold Spot Price,2675.7,2690.6,2651.6,2667.8,17.48,
10/07/2024,GOLD,2624.0,2711.0,2657.0,BULLISH,GOLD (BULLISH) Gold Spot Price,2671.7,2679.2,2657.3,2666.0,17.71,
10/08/2024,GOLD,2620.0,2701.0,2650.0,BULLISH,GOLD (BULLISH) Gold Spot Price,2662.8,2672.4,2623.4,2635.4,17.64,
10/09/2024,GOLD,2606.0,2705.0,2621.0,BULLISH,GOLD (BULLISH) Gold Spot Price,2640.7,2642.9,2622.8,2626.0,17.62,
10/10/2024,GOLD,2601.0,2702.0,2612.0,BULLISH,GOLD (BULLISH) Gold Spot Price,2625.8,2648.9,2618.8,2639.3,17.27,
10/11/2024,GOLD,2608.0,2695.0,2643.0,BULLISH,GOLD (BULLISH) Gold Spot Price,2647.4,2679.0,2645.3,2676.3,17.27,
10/14/2024,GOLD,2619.0,2712.0,2667.0,BULLISH,GOLD (BULLISH) Gold Spot Price,2673.1,2684.2,2660.0,2665.6,17.47,
10/15/2024,GOLD,2623.0,2699.0,2665.0,BULLISH,GOLD (BULLISH) Gold Spot Price,2663.5,2685.9,2654.4,2678.9,17.38,
10/16/2024,GOLD,2631.0,2701.0,2679.0,BULLISH,GOLD (BULLISH) Gold Spot Price,2679.5,2702.5,2674.9,2691.3,17.31,
10/17/2024,GOLD,2635.0,2712.0,2684.0,BULLISH,GOLD (BULLISH) Gold Spot Price,2690.4,2712.7,2688.2,2707.5,17.57,
10/18/2024,GOLD,2645.0,2726.0,2709.0,BULLISH,GOLD (BULLISH) Gold Spot Price,2707.8,2737.8,2707.3,2730.0,17.77,
10/21/2024,GOLD,2648.0,2750.0,2735.0,BULLISH,GOLD (BULLISH) Gold Spot Price,2736.3,2755.4,2728.5,2738.9,18.19,
10/22/2024,GOLD,2650.0,2764.0,2730.0,BULLISH,GOLD (BULLISH) Gold Spot Price,2734.7,2763.3,2733.5,2759.8,18.73,
10/23/2024,GOLD,2662.0,2774.0,2751.0,BULLISH,GOLD (BULLISH) Gold Spot Price,2762.6,2772.6,2722.1,2729.4,18.98,
10/24/2024,GOLD,2665.0,2775.0,2739.0,BULLISH,GOLD (BULLISH) Gold Spot Price,2729.2,2756.3,2728.7,2748.9,18.66,
10/25/2024,GOLD,2657.0,2780.0,2728.0,BULLISH,GOLD (BULLISH) Gold Spot Price,2748.6,2760.9,2729.1,2754.6,18.88,
10/28/2024,GOLD,2679.0,2782.0,2733.0,BULLISH,GOLD (BULLISH) Gold Spot Price,2749.2,2758.3,2736.9,2755.9,18.34,
10/29/2024,,,,,,,2754.3,2787.7,2752.0,2781.1,18.51,YES
10/30/2024,GOLD,2692.0,2795.0,2780.0,BULLISH,GOLD (BULLISH) Gold Spot Price,2786.9,2801.8,2782.4,2800.8,18.68,
10/31/2024,GOLD,2701.0,2811.0,2777.0,BULLISH,GOLD (BULLISH) Gold Spot Price,2799.1,2801.2,2741.8,2749.3,19.46,
11/01/2024,GOLD,2706.0,2800.0,2753.0,BULLISH,GOLD (BULLISH) Gold Spot Price,2754.0,2772.4,2742.6,2749.2,19.29,
11/04/2024,GOLD,2709.0,2800.0,2740.0,BULLISH,GOLD (BULLISH) Gold Spot Price,2743.5,2757.5,2739.4,2746.2,19.91,
11/05/2024,GOLD,2711.0,2800.0,2739.0,BULLISH,GOLD (BULLISH) Gold Spot Price,2746.0,2759.5,2733.4,2749.7,19.59,
11/06/2024,GOLD,2714.0,2798.0,2743.0,BULLISH,GOLD (BULLISH) Gold Spot Price,2752.6,2758.8,2660.7,2676.3,17.63,
11/07/2024,GOLD,2659.0,2824.0,2659.0,BULLISH,GOLD (BULLISH) Gold Spot Price,2667.7,2718.3,2650.3,2705.8,17.37,
11/08/2024,GOLD,2670.0,2825.0,2706.0,BULLISH,GOLD (BULLISH) Gold Spot Price,2713.6,2717.8,2687.3,2694.8,15.91,
11/11/2024,GOLD,2660.0,2820.0,2684.0,BULLISH,GOLD (BULLISH) Gold Spot Price,2692.1,2693.4,2617.1,2617.7,16.02,
11/12/2024,GOLD,2575.0,2812.0,2618.0,BULLISH,GOLD (BULLISH) Gold Spot Price,2625.7,2633.4,2595.7,2606.3,16.25,
11/13/2024,GOLD,2582.0,2816.0,2598.0,BULLISH,GOLD (BULLISH) Gold Spot Price,2604.7,2625.0,2578.1,2586.5,17.05,
11/14/2024,GOLD,2525.0,2804.0,2572.0,BULLISH,GOLD (BULLISH) Gold Spot Price,2578.1,2585.8,2541.5,2572.9,17.39,
11/15/2024,GOLD,2530.0,2798.0,2564.0,BULLISH,GOLD (BULLISH) Gold Spot Price,2570.4,2580.8,2558.9,2570.1,17.17,
11/18/2024,GOLD,2565.0,2786.0,2597.0,BULLISH,GOLD (BULLISH) Gold Spot Price,2571.5,2619.5,2568.5,2614.6,16.97,
11/19/2024,GOLD,2570.0,2736.0,2611.0,BULLISH,GOLD (BULLISH) Gold Spot Price,2616.3,2643.4,2614.2,2631.0,17.85,
11/20/2024,GOLD,2532.0,2725.0,2632.0,BULLISH,GOLD (BULLISH) Gold Spot Price,2635.8,2659.0,2621.9,2651.7,18.34,
11/21/2024,GOLD,2545.0,2692.0,2650.0,BULLISH,GOLD (BULLISH) Gold Spot Price,2653.5,2676.5,2651.6,2674.9,17.59,
11/22/2024,GOLD,2537.0,2728.0,2669.0,BULLISH,GOLD (BULLISH) Gold Spot Price,2672.0,2718.5,2670.1,2712.2,17.54,
11/25/2024,GOLD,2553.0,2719.0,2716.0,BULLISH,GOLD (BULLISH) Gold Spot Price,2716.9,2723.2,2616.6,2618.5,17.8,
11/26/2024,GOLD,2555.0,2717.0,2625.0,BULLISH,GOLD (BULLISH) Gold Spot Price,2626.2,2642.7,2605.3,2621.3,17.0,
11/27/2024,GOLD,2550.0,2716.0,2633.0,BULLISH,GOLD (BULLISH) Gold Spot Price,2633.5,2657.9,2627.2,2639.9,16.54,
11/29/2024,GOLD,2569.0,2719.0,2637.0,BULLISH,GOLD (BULLISH) Gold Spot Price,2636.4,2664.3,2620.7,2657.0,16.37,
12/02/2024,GOLD,2578.0,2714.0,2672.0,BULLISH,GOLD (BULLISH) Gold Spot Price,2673.8,2678.5,2644.5,2658.5,16.33,
12/03/2024,GOLD,2589.0,2716.0,2640.0,BULLISH,GOLD (BULLISH) Gold Spot Price,2662.0,2678.4,2656.6,2667.9,16.21,
12/04/2024,GOLD,2596.0,2713.0,2648.0,BULLISH,GOLD (BULLISH) Gold Spot Price,2665.8,2682.0,2654.2,2676.2,15.92,
12/05/2024,GOLD,2601.0,2712.0,2651.0,BULLISH,GOLD (BULLISH) Gold Spot Price,2674.2,2680.0,2646.3,2648.4,15.93,
12/06/2024,GOLD,2599.0,2713.0,2640.0,BULLISH,GOLD (BULLISH) Gold Spot Price,2655.0,2667.9,2635.6,2659.6,15.04,
12/09/2024,GOLD,2603.0,2705.0,2654.0,BULLISH,GOLD (BULLISH) Gold Spot Price,2665.0,2700.0,2649.7,2685.8,15.75,
12/10/2024,GOLD,2620.0,2701.0,2677.0,BULLISH,GOLD (BULLISH) Gold Spot Price,2684.4,2721.7,2680.7,2718.4,16.34,
12/11/2024,GOLD,2622.0,2729.0,2695.0,BULLISH,GOLD (BULLISH) Gold Spot Price,2721.2,2759.7,2719.1,2756.7,16.86,
12/12/2024,GOLD,2625.0,2759.0,2706.0,BULLISH,GOLD (BULLISH) Gold Spot Price,2753.6,2761.3,2696.7,2709.4,15.43,
12/13/2024,GOLD,2627.0,2755.0,2672.0,BULLISH,GOLD (BULLISH) Gold Spot Price,2704.9,2716.4,2663.3,2675.8,15.63,
12/16/2024,GOLD,2626.0,2751.0,2660.0,BULLISH,GOLD (BULLISH) Gold Spot Price,2668.0,2683.4,2661.4,2670.0,15.38,
12/17/2024,GOLD,2624.0,2750.0,2645.0,BULLISH,GOLD (BULLISH) Gold Spot Price,2670.2,2675.8,2646.1,2662.0,15.64,
12/18/2024,GOLD,2619.0,2749.0,2644.0,BULLISH,GOLD (BULLISH) Gold Spot Price,2663.3,2667.6,2598.1,2653.3,16.54,
12/19/2024,GOLD,2600.0,2749.0,2608.0,BULLISH,GOLD (BULLISH) Gold Spot Price,2600.6,2640.9,2596.7,2608.1,15.83,
12/20/2024,GOLD,2570.0,2682.0,2603.0,BEARISH,GOLD (BEARISH) Gold Spot Price,2609.7,2653.8,2603.7,2645.1,15.73,
12/23/2024,GOLD,2574.0,2698.0,2645.0,BEARISH,GOLD (BEARISH) Gold Spot Price,2639.1,2646.8,2623.2,2628.2,15.54,
12/24/2024,GOLD,2571.0,2698.0,2628.0,BEARISH,GOLD (BEARISH) Gold Spot Price,2629.4,2635.8,2624.2,2635.5,14.71,
12/26/2024,GOLD,2578.0,2699.0,2635.0,BEARISH,GOLD (BEARISH) Gold Spot Price,2638.0,2655.7,2634.1,2653.9,15.19,
12/27/2024,GOLD,2587.0,2690.0,2653.0,BEARISH,GOLD (BEARISH) Gold Spot Price,2653.7,2654.6,2625.2,2631.9,14.67,
12/30/2024,GOLD,2590.0,2678.0,2631.0,BEARISH,GOLD (BEARISH) Gold Spot Price,2636.1,2640.7,2608.4,2618.1,15.02,
12/31/2024,GOLD,2591.0,2672.0,2618.0,BEARISH,GOLD (BEARISH) Gold Spot Price,2620.0,2642.0,2614.3,2641.0,14.62,
01/02/2025,GOLD,2601.0,2674.0,2641.0,BEARISH,GOLD (BEARISH) Gold Spot Price,2641.0,2674.2,2636.1,2669.0,15.07,
01/03/2025,GOLD,2599.0,2674.0,2669.0,BEARISH,GOLD (BEARISH) Gold Spot Price,2671.1,2681.0,2649.7,2654.7,14.49,
01/06/2025,GOLD,2602.0,2672.0,2645.0,BEARISH,GOLD (BEARISH) Gold Spot Price,2652.8,2663.8,2624.6,2647.4,14.76,
01/07/2025,GOLD,2603.0,2673.0,2648.0,BEARISH,GOLD (BEARISH) Gold Spot Price,2647.1,2678.5,2643.5,2665.4,14.68,
01/08/2025,GOLD,2605.0,2679.0,2650.0,BEARISH,GOLD (BEARISH) Gold Spot Price,2662.9,2687.0,2658.4,2672.4,14.82,
01/09/2025,,,,,,,2679.9,2696.8,2673.7,2690.8,,YES
01/10/2025,GOLD,2611.0,2689.0,2679.0,BULLISH,GOLD (BULLISH) Gold Spot Price,2692.9,2735.0,2686.9,2715.0,15.77,
01/13/2025,GOLD,2618.0,2717.0,2670.0,BULLISH,GOLD (BULLISH) Gold Spot Price,2716.8,2723.8,2675.2,2678.6,15.27,
01/14/2025,GOLD,2610.0,2714.0,2668.0,BULLISH,GOLD (BULLISH) Gold Spot Price,2682.0,2693.7,2672.0,2682.3,15.0,
01/15/2025,GOLD,2621.0,2713.0,2685.0,BULLISH,GOLD (BULLISH) Gold Spot Price,2693.3,2722.7,2685.4,2717.8,15.23,
01/16/2025,GOLD,2629.0,2733.0,2702.0,BULLISH,GOLD (BULLISH) Gold Spot Price,2722.3,2757.9,2720.4,2750.9,15.4,
01/17/2025,GOLD,2642.0,2766.0,2710.0,BULLISH,GOLD (BULLISH) Gold Spot Price,2746.8,2759.2,2729.2,2748.7,14.98,
01/21/2025,GOLD,2645.0,2774.0,2725.0,BULLISH,GOLD (BULLISH) Gold Spot Price,2739.6,2762.0,2715.6,2759.2,15.5,
01/22/2025,GOLD,2650.0,2775.0,2756.0,BULLISH,GOLD (BULLISH) Gold Spot Price,2758.7,2774.4,2756.2,2770.9,15.24,
01/23/2025,GOLD,2651.0,2790.0,2744.0,BULLISH,GOLD (BULLISH) Gold Spot Price,2765.9,2767.1,2741.0,2765.0,14.95,
01/24/2025,GOLD,2675.0,2797.0,2778.0,BULLISH,GOLD (BULLISH) Gold Spot Price,2761.8,2794.8,2761.0,2778.9,14.85,
01/27/2025,GOLD,2676.0,2805.0,2761.0,BULLISH,GOLD (BULLISH) Gold Spot Price,2778.1,2778.1,2732.0,2738.4,15.23,
01/28/2025,GOLD,2681.0,2778.0,2745.0,BULLISH,GOLD (BULLISH) Gold Spot Price,2742.4,2774.0,2737.4,2767.5,15.46,
01/29/2025,GOLD,2708.0,2793.0,2756.0,BULLISH,GOLD (BULLISH) Gold Spot Price,2771.6,2778.1,2761.0,2769.8,14.84,
01/30/2025,GOLD,2715.0,2800.0,2780.0,BULLISH,GOLD (BULLISH) Gold Spot Price,2772.5,2829.5,2770.0,2823.0,16.09,
01/31/2025,GOLD,2726.0,2874.0,2805.0,BULLISH,GOLD (BULLISH) Gold Spot Price,2829.0,2838.0,2804.0,2812.5,15.82,
02/03/2025,GOLD,2732.0,2852.0,2810.0,BULLISH,GOLD (BULLISH) Gold Spot Price,2846.5,2872.0,2802.2,2857.1,16.81,
02/04/2025,GOLD,2742.0,2874.0,2820.0,BULLISH,GOLD (BULLISH) Gold Spot Price,2850.4,2877.1,2837.4,2875.8,17.11,
02/05/2025,GOLD,2752.0,2901.0,2868.0,BULLISH,GOLD (BULLISH) Gold Spot Price,2873.7,2906.0,2870.1,2893.0,17.19,
02/06/2025,GOLD,2761.0,2923.0,2866.0,BULLISH,GOLD (BULLISH) Gold Spot Price,2885.0,2894.2,2855.0,2876.7,16.27,
02/07/2025,GOLD,2768.0,2934.0,2866.0,BULLISH,GOLD (BULLISH) Gold Spot Price,2880.2,2910.6,2876.1,2887.6,16.23,
02/10/2025,GOLD,2787.0,2939.0,2904.0,BULLISH,GOLD (BULLISH) Gold Spot Price,2884.8,2938.1,2879.9,2934.4,17.59,
02/11/2025,GOLD,2801.0,2951.0,2893.0,BULLISH,GOLD (BULLISH) Gold Spot Price,2937.0,2968.5,2907.0,2932.6,17.48,
02/12/2025,GOLD,2814.0,2950.0,2882.0,BULLISH,GOLD (BULLISH) Gold Spot Price,2927.0,2936.5,2886.5,2928.7,17.34,
02/13/2025,GOLD,2834.0,2967.0,2910.0,BULLISH,GOLD (BULLISH) Gold Spot Price,2928.8,2958.8,2925.8,2945.4,17.13,
02/14/2025,GOLD,2853.0,2973.0,2930.0,BULLISH,GOLD (BULLISH) Gold Spot Price,2957.3,2964.1,2889.9,2900.7,17.23,
02/18/2025,GOLD,2851.0,2961.0,2918.0,BULLISH,GOLD (BULLISH) Gold Spot Price,2895.1,2956.5,2887.6,2949.0,18.03,
02/19/2025,GOLD,2874.0,2978.0,2935.0,BULLISH,GOLD (BULLISH) Gold Spot Price,2954.1,2964.4,2933.7,2936.1,16.76,
02/20/2025,GOLD,2875.0,2976.0,2943.0,BULLISH,GOLD (BULLISH) Gold Spot Price,2949.5,2973.4,2939.3,2956.1,16.45,
02/21/2025,GOLD,2884.0,2974.0,2930.0,BULLISH,GOLD (BULLISH) Gold Spot Price,2955.7,2964.7,2930.1,2953.2,16.55,
02/24/2025,GOLD,2900.0,2979.0,2946.0,BULLISH,GOLD (BULLISH) Gold Spot Price,2950.4,2974.0,2936.8,2963.2,16.73,
02/25/2025,GOLD,2901.0,2985.0,2929.0,BULLISH,GOLD (BULLISH) Gold Spot Price,2968.5,2970.4,2897.0,2918.8,16.72,
02/26/2025,GOLD,2900.0,2986.0,2913.0,BULLISH,GOLD (BULLISH) Gold Spot Price,2929.0,2942.0,2903.3,2930.6,16.36,
02/27/2025,GOLD,2876.0,2986.0,2887.0,BULLISH,GOLD (BULLISH) Gold Spot Price,2931.4,2935.8,2879.0,2895.9,16.45,
02/28/2025,GOLD,2843.0,2989.0,2859.0,BULLISH,GOLD (BULLISH) Gold Spot Price,2889.0,2896.1,2844.1,2848.5,15.82,
03/03/2025,GOLD,2845.0,2998.0,2876.0,BULLISH,GOLD (BULLISH) Gold Spot Price,2872.0,2906.4,2866.3,2901.1,16.81,
03/04/2025,GOLD,2850.0,2995.0,2893.0,BULLISH,GOLD (BULLISH) Gold Spot Price,2904.2,2939.8,2892.5,2920.6,17.25,
03/05/2025,GOLD,2853.0,2998.0,2917.0,BULLISH,GOLD (BULLISH) Gold Spot Price,2929.0,2941.3,2903.4,2926.0,16.92,
03/06/2025,GOLD,2854.0,2991.0,2901.0,BULLISH,GOLD (BULLISH) Gold Spot Price,2929.5,2935.9,2897.6,2926.6,16.83,
03/07/2025,GOLD,2856.0,2983.0,2911.0,BULLISH,GOLD (BULLISH) Gold Spot Price,2919.2,2938.8,2905.3,2914.1,16.19,
03/10/2025,GOLD,2857.0,2966.0,2900.0,BULLISH,GOLD (BULLISH) Gold Spot Price,2919.6,2926.4,2885.2,2899.4,17.06,
03/11/2025,GOLD,2859.0,2965.0,2888.0,BULLISH,GOLD (BULLISH) Gold Spot Price,2893.2,2929.0,2882.5,2920.9,17.14,
03/12/2025,GOLD,2858.0,2964.0,2915.0,BULLISH,GOLD (BULLISH) Gold Spot Price,2922.3,2948.9,2911.0,2946.8,16.82,
03/13/2025,GOLD,2861.0,2974.0,2934.0,BULLISH,GOLD (BULLISH) Gold Spot Price,2943.3,3001.5,2942.2,2991.3,17.41,
03/14/2025,GOLD,2900.0,3011.0,2989.0,BULLISH,GOLD (BULLISH) Gold Spot Price,3001.4,3017.1,2988.6,3001.1,17.13,
03/17/2025,GOLD,2907.0,3014.0,3000.0,BULLISH,GOLD (BULLISH) Gold Spot Price,2994.8,3010.9,2991.4,3006.1,17.6,
03/18/2025,GOLD,2915.0,3044.0,3021.0,BULLISH,GOLD (BULLISH) Gold Spot Price,3009.4,3047.5,3008.2,3040.8,17.53,
03/19/2025,GOLD,2924.0,3059.0,3034.0,BULLISH,GOLD (BULLISH) Gold Spot Price,3041.4,3061.6,3031.3,3041.2,16.74,
03/20/2025,GOLD,2931.0,3075.0,3047.0,BULLISH,GOLD (BULLISH) Gold Spot Price,3058.0,3065.2,3032.8,3043.8,16.45,
03/21/2025,GOLD,2932.0,3094.0,3044.0,BULLISH,GOLD (BULLISH) Gold Spot Price,3052.6,3055.0,3004.1,3021.4,15.98,
03/24/2025,GOLD,2934.0,3095.0,3024.0,BULLISH,GOLD (BULLISH) Gold Spot Price,3027.6,3038.4,3007.7,3015.6,15.8,
03/25/2025,GOLD,2945.0,3085.0,3011.0,BULLISH,GOLD (BULLISH) Gold Spot Price,3017.5,3042.4,3010.8,3025.9,15.23,
03/26/2025,GOLD,2957.0,3081.0,3020.0,BULLISH,GOLD (BULLISH) Gold Spot Price,3025.8,3036.1,3017.8,3022.5,15.04,
03/27/2025,GOLD,2960.0,3079.0,3053.0,BULLISH,GOLD (BULLISH) Gold Spot Price,3025.6,3071.3,3022.3,3061.0,16.08,
03/28/2025,GOLD,2990.0,3088.0,3057.0,BULLISH,GOLD (BULLISH) Gold Spot Price,3069.7,3094.9,3066.8,3086.5,16.45,
03/31/2025,GOLD,3001.0,3139.0,3085.0,BULLISH,GOLD (BULLISH) Gold Spot Price,3091.0,3132.5,3086.0,3122.8,17.84,
04/01/2025,GOLD,3011.0,3137.0,3135.0,BULLISH,GOLD (BULLISH) Gold Spot Price,3157.3,3177.0,3130.5,3146.0,17.95,
04/02/2025,GOLD,3009.0,3148.0,3146.0,BULLISH,GOLD (BULLISH) Gold Spot Price,3147.5,3201.6,3135.7,3166.2,17.92,
04/03/2025,GOLD,2998.0,3163.0,3093.0,BULLISH,GOLD (BULLISH) Gold Spot Price,3196.6,3196.6,3073.5,3121.7,18.36,
04/04/2025,GOLD,3007.0,3165.0,3106.0,BULLISH,GOLD (BULLISH) Gold Spot Price,3138.0,3160.2,3032.7,3035.4,22.03,
04/07/2025,GOLD,2975.0,3160.0,3035.0,BULLISH,GOLD (BULLISH) Gold Spot Price,3055.1,3084.4,2970.4,2973.6,19.68,
04/08/2025,GOLD,2971.0,3175.0,2976.0,BULLISH,GOLD (BULLISH) Gold Spot Price,2997.5,3037.9,2988.6,2990.2,23.73,
04/09/2025,GOLD,2975.0,3179.0,2990.0,BULLISH,GOLD (BULLISH) Gold Spot Price,2998.3,3118.5,2983.3,3079.4,24.53,
04/10/2025,GOLD,2980.0,3190.0,3092.0,BULLISH,GOLD (BULLISH) Gold Spot Price,3099.1,3195.0,3086.1,3177.5,26.59,
04/11/2025,GOLD,3026.0,3249.0,3177.0,BULLISH,GOLD (BULLISH) Gold Spot Price,3194.2,3263.0,3193.4,3244.6,28.44,
04/14/2025,GOLD,3041.0,3274.0,3223.0,BULLISH,GOLD (BULLISH) Gold Spot Price,3246.0,3261.6,3208.7,3226.3,23.8,
04/15/2025,GOLD,3053.0,3294.0,3227.0,BULLISH,GOLD (BULLISH) Gold Spot Price,3226.1,3250.9,3225.5,3240.4,21.54,
04/16/2025,GOLD,3066.0,3324.0,3240.0,BULLISH,GOLD (BULLISH) Gold Spot Price,3248.4,3358.4,3245.2,3346.4,26.73,
04/17/2025,GOLD,3087.0,3399.0,3346.0,BULLISH,GOLD (BULLISH) Gold Spot Price,3357.5,3371.9,3296.4,3328.4,24.14,
04/21/2025,GOLD,3106.0,3447.0,3428.0,BULLISH,GOLD (BULLISH) Gold Spot Price,3347.0,3442.3,3344.0,3425.3,28.14,
04/22/2025,GOLD,3137.0,3497.0,3423.0,BULLISH,GOLD (BULLISH) Gold Spot Price,3435.1,3509.9,3379.1,3419.4,28.44,
04/23/2025,GOLD,3145.0,3475.0,3338.0,BULLISH,GOLD (BULLISH) Gold Spot Price,3367.7,3396.0,3270.8,3294.1,25.23,
04/24/2025,GOLD,3153.0,3454.0,3308.0,BULLISH,GOLD (BULLISH) Gold Spot Price,3301.8,3377.0,3301.3,3348.6,24.93,
04/25/2025,GOLD,3185.0,3451.0,3348.0,BULLISH,GOLD (BULLISH) Gold Spot Price,3362.0,3384.1,3274.8,3298.4,23.36,
04/28/2025,GOLD,3200.0,3449.0,3298.0,BULLISH,GOLD (BULLISH) Gold Spot Price,3336.5,3363.8,3278.0,3347.7,23.25,
04/29/2025,GOLD,3226.0,3444.0,3362.0,BULLISH,GOLD (BULLISH) Gold Spot Price,3354.9,3359.3,3309.2,3333.6,22.1,
04/30/2025,GOLD,3243.0,3440.0,3317.0,BULLISH,GOLD (BULLISH) Gold Spot Price,3324.5,3337.6,3275.6,3319.1,21.52,
05/01/2025,GOLD,3206.0,3424.0,3288.0,BULLISH,GOLD (BULLISH) Gold Spot Price,3299.0,3300.6,3209.4,3222.2,21.51,
05/02/2025,GOLD,3207.0,3435.0,3233.0,BULLISH,GOLD (BULLISH) Gold Spot Price,3247.6,3277.0,3229.5,3243.3,21.35,
05/05/2025,GOLD,3210.0,3434.0,3245.0,BULLISH,GOLD (BULLISH) Gold Spot Price,3247.1,3346.7,3243.1,3322.3,23.2,
05/06/2025,GOLD,3220.0,3396.0,3338.0,BULLISH,GOLD (BULLISH) Gold Spot Price,3345.7,3444.5,3332.1,3422.8,24.72,
05/07/2025,GOLD,3230.0,3434.0,3431.0,BULLISH,GOLD (BULLISH) Gold Spot Price,3448.1,3448.2,3367.0,3391.9,22.99,
05/08/2025,GOLD,3241.0,3435.0,3379.0,BULLISH,GOLD (BULLISH) Gold Spot Price,3373.1,3422.0,3293.3,3306.0,22.58,
05/09/2025,GOLD,3248.0,3440.0,3311.0,BULLISH,GOLD (BULLISH) Gold Spot Price,3310.2,3352.7,3278.9,3344.0,21.86,
05/12/2025,GOLD,3201.0,3428.0,3333.0,BULLISH,GOLD (BULLISH) Gold Spot Price,3281.0,3295.5,3211.2,3228.0,21.38,
05/13/2025,GOLD,3190.0,3430.0,3240.0,BULLISH,GOLD (BULLISH) Gold Spot Price,3240.7,3270.4,3220.1,3247.8,19.58,
05/14/2025,GOLD,3180.0,3431.0,3250.0,BULLISH,GOLD (BULLISH) Gold Spot Price,3254.1,3261.3,3170.7,3188.3,20.78,
05/15/2025,GOLD,3149.0,3422.0,3177.0,BULLISH,GOLD (BULLISH) Gold Spot Price,3180.8,3244.3,3123.3,3226.6,21.63,
05/16/2025,GOLD,3153.0,3401.0,3234.0,BULLISH,GOLD (BULLISH) Gold Spot Price,3243.5,3255.8,3156.4,3187.2,21.47,
05/19/2025,GOLD,3151.0,3400.0,3194.0,BULLISH,GOLD (BULLISH) Gold Spot Price,3220.0,3252.9,3209.1,3233.5,21.37,
05/20/2025,GOLD,3140.0,3370.0,3235.0,BULLISH,GOLD (BULLISH) Gold Spot Price,3233.0,3298.5,3207.4,3284.6,21.95,
05/21/2025,GOLD,3151.0,3354.0,3296.0,BULLISH,GOLD (BULLISH) Gold Spot Price,3293.0,3327.2,3287.0,3313.5,22.23,
05/22/2025,GOLD,3152.0,3349.0,3320.0,BULLISH,GOLD (BULLISH) Gold Spot Price,3318.0,3346.8,3277.8,3295.0,21.55,
05/23/2025,GOLD,3144.0,3344.0,3290.0,BULLISH,GOLD (BULLISH) Gold Spot Price,3295.1,3366.5,3285.5,3365.8,22.28,
05/27/2025,GOLD,3146.0,3361.0,3358.0,BULLISH,GOLD (BULLISH) Gold Spot Price,3355.6,3356.0,3283.0,3300.4,21.12,
05/28/2025,GOLD,3151.0,3358.0,3303.0,BULLISH,GOLD (BULLISH) Gold Spot Price,3300.9,3324.5,3273.5,3294.9,19.69,
05/29/2025,GOLD,3166.0,3357.0,3328.0,BULLISH,GOLD (BULLISH) Gold Spot Price,3283.7,3328.8,3242.4,3317.1,19.65,
05/30/2025,GOLD,3186.0,3356.0,3340.0,BULLISH,GOLD (BULLISH) Gold Spot Price,3315.1,3318.0,3270.9,3288.9,19.1,
06/02/2025,GOLD,3195.0,3357.0,3319.0,BULLISH,GOLD (BULLISH) Gold Spot Price,3323.0,3408.1,3319.4,3397.2,20.6,
06/03/2025,GOLD,3203.0,3396.0,3381.0,BULLISH,GOLD (BULLISH) Gold Spot Price,3406.5,3417.8,3357.2,3377.1,20.1,
06/04/2025,GOLD,3216.0,3390.0,3373.0,BULLISH,GOLD (BULLISH) Gold Spot Price,3377.8,3409.7,3366.9,3399.2,19.82,
06/05/2025,GOLD,3240.0,3398.0,3397.0,BULLISH,GOLD (BULLISH) Gold Spot Price,3398.0,3427.7,3362.3,3375.1,19.69,
06/06/2025,GOLD,3248.0,3407.0,3381.0,BULLISH,GOLD (BULLISH) Gold Spot Price,3377.4,3398.3,3328.8,3346.6,19.16,
06/09/2025,GOLD,3238.0,3395.0,3334.0,BULLISH,GOLD (BULLISH) Gold Spot Price,3333.4,3359.0,3313.1,3354.9,19.45,
06/10/2025,GOLD,3237.0,3396.0,3340.0,BULLISH,GOLD (BULLISH) Gold Spot Price,3346.3,3370.4,3321.3,3343.4,19.0,
06/11/2025,GOLD,3269.0,3399.0,3350.0,BULLISH,GOLD (BULLISH) Gold Spot Price,3344.3,3382.3,3335.4,3343.7,19.16,
06/12/2025,GOLD,3274.0,3398.0,3368.0,BULLISH,GOLD (BULLISH) Gold Spot Price,3377.5,3419.8,3358.5,3402.4,19.7,
06/13/2025,GOLD,3299.0,3430.0,3408.0,BULLISH,GOLD (BULLISH) Gold Spot Price,3406.7,3468.0,3399.6,3452.8,21.16,
06/16/2025,GOLD,3319.0,3431.0,3430.0,BULLISH,GOLD (BULLISH) Gold Spot Price,3473.0,3476.3,3400.9,3417.3,19.87,
06/17/2025,GOLD,3314.0,3430.0,3403.0,BULLISH,GOLD (BULLISH) Gold Spot Price,3404.2,3422.7,3384.4,3406.9,20.41,
06/18/2025,GOLD,3329.0,3447.0,3404.0,BULLISH,GOLD (BULLISH) Gold Spot Price,3409.0,3419.0,3380.1,3408.1,19.58,
06/20/2025,GOLD,3322.0,3448.0,3384.0,BULLISH,GOLD (BULLISH) Gold Spot Price,3387.1,3405.2,3356.2,3385.7,19.27,
06/23/2025,GOLD,3325.0,3435.0,3381.0,BULLISH,GOLD (BULLISH) Gold Spot Price,3400.7,3413.8,3361.4,3395.0,19.02,
06/24/2025,GOLD,3311.0,3434.0,3388.0,BULLISH,GOLD (BULLISH) Gold Spot Price,3383.8,3385.0,3308.3,3333.9,18.28,
06/25/2025,GOLD,3311.0,3435.0,3337.0,BULLISH,GOLD (BULLISH) Gold Spot Price,3338.1,3351.3,3325.5,3343.1,17.33,
06/26/2025,GOLD,3312.0,3435.0,3343.0,BULLISH,GOLD (BULLISH) Gold Spot Price,3347.5,3363.9,3322.5,3348.0,16.65,
06/27/2025,GOLD,3278.0,3432.0,3336.0,BULLISH,GOLD (BULLISH) Gold Spot Price,3341.3,3341.4,3266.5,3287.6,16.49,
06/30/2025,GOLD,3251.0,3429.0,3289.0,BULLISH,GOLD (BULLISH) Gold Spot Price,3284.3,3321.6,3250.5,3307.7,17.31,
07/01/2025,GOLD,3256.0,3421.0,3318.0,BULLISH,GOLD (BULLISH) Gold Spot Price,3315.7,3370.5,3313.7,3349.8,16.76,
07/02/2025,GOLD,3259.0,3402.0,3349.0,BULLISH,GOLD (BULLISH) Gold Spot Price,3350.0,3371.0,3337.2,3359.7,16.87,
07/03/2025,GOLD,3266.0,3401.0,3368.0,BULLISH,GOLD (BULLISH) Gold Spot Price,3369.0,3376.9,3321.4,3342.9,16.19,
07/04/2025,,,,,,,3335.0,3355.0,3332.8,3346.5,,YES
07/07/2025,GOLD,3269.0,3392.0,3344.0,BULLISH,GOLD (BULLISH) Gold Spot Price,3344.5,3352.9,3304.4,3342.8,16.91,
07/08/2025,GOLD,3279.0,3381.0,3347.0,BULLISH,GOLD (BULLISH) Gold Spot Price,3348.9,3355.6,3295.4,3316.9,16.2,
07/09/2025,GOLD,3252.0,3367.0,3311.0,BULLISH,GOLD (BULLISH) Gold Spot Price,3310.6,3325.6,3290.2,3321.0,15.86,
07/10/2025,GOLD,3260.0,3357.0,3336.0,BULLISH,GOLD (BULLISH) Gold Spot Price,3322.2,3339.4,3319.2,3325.7,16.04,
07/11/2025,GOLD,3258.0,3356.0,3325.0,BULLISH,GOLD (BULLISH) Gold Spot Price,3333.1,3381.6,3332.3,3364.0,16.94,
07/14/2025,GOLD,3275.0,3376.0,3354.0,BULLISH,GOLD (BULLISH) Gold Spot Price,3376.5,3389.3,3348.5,3359.1,16.99,
07/15/2025,GOLD,3287.0,3378.0,3342.0,BULLISH,GOLD (BULLISH) Gold Spot Price,3352.0,3375.4,3327.3,3336.7,16.37,
07/16/2025,GOLD,3286.0,3371.0,3327.0,BULLISH,GOLD (BULLISH) Gold Spot Price,3330.5,3385.8,3326.1,3359.1,17.27,
07/17/2025,GOLD,3290.0,3365.0,3322.0,BULLISH,GOLD (BULLISH) Gold Spot Price,3354.7,3358.2,3314.3,3345.3,16.91,
07/18/2025,GOLD,3300.0,3374.0,3355.0,BULLISH,GOLD (BULLISH) Gold Spot Price,3347.5,3368.0,3337.2,3358.3,16.73,
07/21/2025,GOLD,3295.0,3371.0,3353.0,BULLISH,GOLD (BULLISH) Gold Spot Price,3355.6,3416.9,3351.0,3406.4,17.78,
07/22/2025,GOLD,3321.0,3411.0,3397.0,BULLISH,GOLD (BULLISH) Gold Spot Price,3410.7,3447.5,3394.9,3443.7,19.08,
07/23/2025,GOLD,3344.0,3474.0,3443.0,BULLISH,GOLD (BULLISH) Gold Spot Price,3444.3,3451.7,3390.6,3397.6,18.44,
07/24/2025,GOLD,3338.0,3433.0,3400.0,BULLISH,GOLD (BULLISH) Gold Spot Price,3398.6,3401.1,3355.2,3373.5,17.82,
07/25/2025,GOLD,3302.0,3432.0,3357.0,BULLISH,GOLD (BULLISH) Gold Spot Price,3372.1,3376.6,3325.5,3335.6,17.05,
07/28/2025,GOLD,3301.0,3431.0,3335.0,BULLISH,GOLD (BULLISH) Gold Spot Price,3321.1,3345.4,3300.0,3310.0,16.79,
07/29/2025,GOLD,3278.0,3428.0,3310.0,BULLISH,GOLD (BULLISH) Gold Spot Price,3313.4,3332.3,3305.8,3324.0,16.61,
07/30/2025,GOLD,3279.0,3401.0,3324.0,BULLISH,GOLD (BULLISH) Gold Spot Price,3325.8,3331.8,3263.9,3295.8,16.48,
07/31/2025,GOLD,3261.0,3364.0,3330.0,NEUTRAL,GOLD (NEUTRAL) Gold Spot Price,3272.9,3312.0,3272.9,3293.2,16.04,
08/01/2025,GOLD,3251.0,3357.0,3346.0,NEUTRAL,GOLD (NEUTRAL) Gold Spot Price,3342.7,3416.9,3331.4,3399.8,17.3,
08/04/2025,GOLD,3266.0,3381.0,3367.0,BULLISH,GOLD (BULLISH) Gold Spot Price,3416.6,3439.5,3397.9,3426.4,17.07,
08/05/2025,GOLD,3269.0,3402.0,3353.0,BULLISH,GOLD (BULLISH) Gold Spot Price,3428.9,3444.9,3403.3,3434.7,16.68,
08/06/2025,GOLD,3273.0,3410.0,3365.0,BULLISH,GOLD (BULLISH) Gold Spot Price,3434.9,3440.5,3411.7,3433.4,16.42,
08/07/2025,GOLD,3275.0,3412.0,3381.0,BULLISH,GOLD (BULLISH) Gold Spot Price,3431.8,3483.8,3430.0,3453.7,16.95,
08/08/2025,GOLD,3278.0,3430.0,3380.0,BULLISH,GOLD (BULLISH) Gold Spot Price,3487.9,3534.1,3445.0,3491.3,16.36,
08/11/2025,GOLD,3275.0,3429.0,3351.0,BULLISH,GOLD (BULLISH) Gold Spot Price,3458.1,3466.3,3393.0,3404.7,16.94,
08/12/2025,GOLD,3279.0,3431.0,3350.0,BULLISH,GOLD (BULLISH) Gold Spot Price,3393.6,3410.8,3379.1,3399.0,16.35,
08/13/2025,GOLD,3283.0,3429.0,3360.0,BULLISH,GOLD (BULLISH) Gold Spot Price,3399.6,3422.6,3392.7,3408.3,15.95,
08/14/2025,GOLD,3304.0,3420.0,3355.0,BULLISH,GOLD (BULLISH) Gold Spot Price,3407.2,3423.8,3375.5,3383.2,15.33,
08/15/2025,GOLD,3303.0,3411.0,3339.0,BULLISH,GOLD (BULLISH) Gold Spot Price,3383.2,3394.8,3377.7,3382.6,15.22,
08/18/2025,GOLD,3310.0,3412.0,3347.0,BULLISH,GOLD (BULLISH) Gold Spot Price,3382.4,3403.6,3368.0,3378.0,14.9,
08/19/2025,GOLD,3315.0,3408.0,3343.0,BULLISH,GOLD (BULLISH) Gold Spot Price,3378.3,3389.7,3358.1,3358.7,14.82,
08/20/2025,GOLD,3299.0,3398.0,3331.0,BULLISH,GOLD (BULLISH) Gold Spot Price,3359.0,3394.3,3353.4,3388.5,15.4,
08/21/2025,GOLD,3300.0,3379.0,3329.0,BULLISH,GOLD (BULLISH) Gold Spot Price,3392.2,3394.4,3367.4,3381.6,15.44,
08/22/2025,GOLD,3304.0,3370.0,3328.0,BULLISH,GOLD (BULLISH) Gold Spot Price,3383.3,3423.4,3362.8,3418.5,15.15,
08/25/2025,,,,,,,3417.6,3421.5,3405.5,3417.5,15.09,YES
08/26/2025,GOLD,3315.0,3386.0,3377.0,BULLISH,GOLD (BULLISH) Gold Spot Price,3410.8,3443.3,3396.1,3433.0,15.88,
08/27/2025,GOLD,3317.0,3398.0,3374.0,BULLISH,GOLD (BULLISH) Gold Spot Price,3443.0,3452.5,3422.2,3448.6,15.9,
08/28/2025,GOLD,3318.0,3410.0,3400.0,BULLISH,GOLD (BULLISH) Gold Spot Price,3452.6,3478.7,3442.5,3474.3,16.34,
08/29/2025,GOLD,3329.0,3425.0,3417.0,BULLISH,GOLD (BULLISH) Gold Spot Price,3477.2,3518.5,3463.0,3516.1,17.39,
09/02/2025,GOLD,3367.0,3501.0,3480.0,BULLISH,GOLD (BULLISH) Gold Spot Price,3517.9,3602.4,3506.0,3592.2,19.81,
09/03/2025,GOLD,3402.0,3549.0,3547.0,BULLISH,GOLD (BULLISH) Gold Spot Price,3600.0,3640.1,3592.4,3635.5,19.53,
09/04/2025,GOLD,3426.0,3578.0,3543.0,BULLISH,GOLD (BULLISH) Gold Spot Price,3619.8,3621.6,3573.7,3606.7,18.33,
09/05/2025,GOLD,3458.0,3597.0,3551.0,BULLISH,GOLD (BULLISH) Gold Spot Price,3602.0,3655.5,3595.4,3653.3,18.3,
09/08/2025,GOLD,3482.0,3641.0,3616.0,BULLISH,GOLD (BULLISH) Gold Spot Price,3635.0,3685.7,3621.7,3677.4,19.09,
09/09/2025,GOLD,3451.0,3674.0,3652.0,BULLISH,GOLD (BULLISH) Gold Spot Price,3676.6,3715.2,3663.7,3682.2,17.99,
09/10/2025,GOLD,3508.0,3699.0,3654.0,BULLISH,GOLD (BULLISH) Gold Spot Price,3662.0,3697.5,3651.4,3682.0,17.37,
09/11/2025,GOLD,3525.0,3716.0,3623.0,BULLISH,GOLD (BULLISH) Gold Spot Price,3680.6,3687.5,3651.0,3673.6,16.48,
09/12/2025,GOLD,3582.0,3711.0,3650.0,BULLISH,GOLD (BULLISH) Gold Spot Price,3672.8,3695.5,3667.3,3686.4,16.38,
09/15/2025,GOLD,3529.0,3693.0,3645.0,BULLISH,GOLD (BULLISH) Gold Spot Price,3680.2,3724.9,3662.8,3719.0,17.9,
09/16/2025,GOLD,3557.0,3716.0,3695.0,BULLISH,GOLD (BULLISH) Gold Spot Price,3720.3,3739.9,3711.8,3725.1,18.37,
09/17/2025,GOLD,3571.0,3715.0,3667.0,BULLISH,GOLD (BULLISH) Gold Spot Price,3727.3,3744.0,3679.5,3717.8,17.41,
09/18/2025,GOLD,3598.0,3711.0,3661.0,BULLISH,GOLD (BULLISH) Gold Spot Price,3692.5,3707.3,3660.5,3678.3,16.45,
09/19/2025,GOLD,3600.0,3695.0,3642.0,BULLISH,GOLD (BULLISH) Gold Spot Price,3677.7,3719.6,3664.4,3705.8,16.76,
09/22/2025,GOLD,3621.0,3735.0,3725.0,BULLISH,GOLD (BULLISH) Gold Spot Price,3721.3,3783.3,3718.1,3775.1,18.43,
09/23/2025,GOLD,3645.0,3811.0,3784.0,BULLISH,GOLD (BULLISH) Gold Spot Price,3781.2,3824.6,3772.4,3815.7,19.06,
09/24/2025,GOLD,3654.0,3791.0,3763.0,BULLISH,GOLD (BULLISH) Gold Spot Price,3796.9,3812.6,3749.7,3768.1,18.3,
09/25/2025,GOLD,3691.0,3792.0,3767.0,BULLISH,GOLD (BULLISH) Gold Spot Price,3768.3,3792.3,3751.9,3771.1,19.07,
09/26/2025,GOLD,3645.0,3797.0,3749.0,BULLISH,GOLD (BULLISH) Gold Spot Price,3781.5,3814.4,3764.0,3809.0,18.59,
09/29/2025,GOLD,3658.0,3826.0,3824.0,BULLISH,GOLD (BULLISH) Gold Spot Price,3788.8,3863.7,3785.5,3855.2,19.19,
09/30/2025,GOLD,3711.0,3851.0,3811.0,BULLISH,GOLD (BULLISH) Gold Spot Price,3863.1,3899.2,3820.6,3873.2,19.95,
10/01/2025,GOLD,3744.0,3911.0,3880.0,BULLISH,GOLD (BULLISH) Gold Spot Price,3887.7,3922.7,3880.3,3897.5,19.05,
10/02/2025,GOLD,3774.0,3902.0,3884.0,BULLISH,GOLD (BULLISH) Gold Spot Price,3892.7,3923.3,3842.8,3868.1,18.05,
10/03/2025,GOLD,3765.0,3909.0,3858.0,BULLISH,GOLD (BULLISH) Gold Spot Price,3880.4,3916.8,3861.1,3908.9,17.66,
10/06/2025,GOLD,3765.0,3961.0,3910.0,BULLISH,GOLD (BULLISH) Gold Spot Price,3913.5,3994.5,3909.2,3976.3,19.51,
10/07/2025,GOLD,3806.0,4007.0,3961.0,BULLISH,GOLD (BULLISH) Gold Spot Price,3983.0,4014.6,3963.4,4004.4,19.94,
10/08/2025,GOLD,3851.0,4074.0,4035.0,BULLISH,GOLD (BULLISH) Gold Spot Price,4007.1,4081.0,4005.6,4070.5,21.81,
10/09/2025,GOLD,3890.0,4063.0,4042.0,BULLISH,GOLD (BULLISH) Gold Spot Price,4061.8,4077.9,3957.9,3972.6,21.85,
10/10/2025,GOLD,3908.0,4078.0,3993.0,BULLISH,GOLD (BULLISH) Gold Spot Price,3990.1,4038.6,3961.2,4000.4,23.78,
10/13/2025,GOLD,3940.0,4094.0,4081.0,BULLISH,GOLD (BULLISH) Gold Spot Price,4018.3,4137.2,4011.3,4133.0,24.53,
10/14/2025,GOLD,3976.0,4158.0,4133.0,BULLISH,GOLD (BULLISH) Gold Spot Price,4130.9,4190.9,4105.0,4163.4,26.11,
10/15/2025,GOLD,4001.0,4211.0,4202.0,BULLISH,GOLD (BULLISH) Gold Spot Price,4160.1,4235.8,4157.3,4201.6,27.12,
10/16/2025,GOLD,4048.0,4253.0,4245.0,BULLISH,GOLD (BULLISH) Gold Spot Price,4225.1,4346.7,4214.5,4304.6,32.78,
10/17/2025,GOLD,4092.0,4362.0,4323.0,BULLISH,GOLD (BULLISH) Gold Spot Price,4348.1,4392.0,4196.0,4213.3,31.2,
10/20/2025,GOLD,4124.0,4366.0,4263.0,BULLISH,GOLD (BULLISH) Gold Spot Price,4269.0,4398.0,4229.7,4359.4,31.43,
10/21/2025,GOLD,4171.0,4429.0,4263.0,BULLISH,GOLD (BULLISH) Gold Spot Price,4371.0,4393.6,4093.0,4109.1,29.82,
10/22/2025,GOLD,4044.0,4405.0,4123.0,BULLISH,GOLD (BULLISH) Gold Spot Price,4137.0,4175.0,4021.2,4065.4,27.19,
10/23/2025,GOLD,4001.0,4377.0,4115.0,BULLISH,GOLD (BULLISH) Gold Spot Price,4114.8,4171.5,4079.6,4145.6,26.68,
10/24/2025,GOLD,4005.0,4388.0,4058.0,BULLISH,GOLD (BULLISH) Gold Spot Price,4144.0,4159.0,4055.7,4137.8,24.75,
10/27/2025,GOLD,3991.0,4370.0,4031.0,BULLISH,GOLD (BULLISH) Gold Spot Price,4103.2,4123.8,3985.9,4019.7,23.94,
10/28/2025,GOLD,3864.0,4398.0,3922.0,BULLISH,GOLD (BULLISH) Gold Spot Price,3999.9,4034.2,3901.3,3983.1,24.03,
10/29/2025,GOLD,3874.0,4377.0,3954.0,BULLISH,GOLD (BULLISH) Gold Spot Price,3967.2,4046.2,3930.0,4000.7,24.7,
10/30/2025,GOLD,3857.0,4365.0,3969.0,BULLISH,GOLD (BULLISH) Gold Spot Price,3942.8,4041.5,3925.1,4015.9,24.82,
10/31/2025,GOLD,3832.0,4325.0,4003.0,BULLISH,GOLD (BULLISH) Gold Spot Price,4038.2,4059.9,3982.3,3996.5,22.66,
11/03/2025,GOLD,3901.0,4204.0,4010.0,BULLISH,GOLD (BULLISH) Gold Spot Price,4001.0,4043.1,3971.3,4014.0,21.38,
11/04/2025,GOLD,3921.0,4198.0,3991.0,BULLISH,GOLD (BULLISH) Gold Spot Price,4013.7,4018.0,3937.1,3960.5,21.43,
11/05/2025,GOLD,3925.0,4171.0,3967.0,BULLISH,GOLD (BULLISH) Gold Spot Price,3939.5,4000.7,3935.7,3992.9,20.15,
11/06/2025,GOLD,3932.0,4116.0,4011.0,BULLISH,GOLD (BULLISH) Gold Spot Price,3992.4,4028.7,3973.2,3991.0,20.13,
11/07/2025,GOLD,3910.0,4097.0,4003.0,BULLISH,GOLD (BULLISH) Gold Spot Price,3986.9,4035.8,3981.6,4009.8,20.36,
11/10/2025,GOLD,3931.0,4099.0,4095.0,BULLISH,GOLD (BULLISH) Gold Spot Price,4007.2,4124.0,4004.2,4122.0,23.34,
11/11/2025,GOLD,3932.0,4157.0,4138.0,BULLISH,GOLD (BULLISH) Gold Spot Price,4124.0,4155.0,4102.8,4116.3,23.33,
11/12/2025,GOLD,3951.0,4150.0,4134.0,BULLISH,GOLD (BULLISH) Gold Spot Price,4132.2,4218.5,4104.4,4213.6,25.82,
11/13/2025,GOLD,4019.0,4247.0,4236.0,BULLISH,GOLD (BULLISH) Gold Spot Price,4202.4,4250.0,4148.5,4194.5,24.82,
11/14/2025,GOLD,4019.0,4249.0,4117.0,BULLISH,GOLD (BULLISH) Gold Spot Price,4174.9,4215.1,4032.6,4094.2,24.13,
11/17/2025,GOLD,4024.0,4252.0,4084.0,BULLISH,GOLD (BULLISH) Gold Spot Price,4084.4,4107.6,4006.8,4074.5,24.07,
11/18/2025,GOLD,3980.0,4240.0,4033.0,BULLISH,GOLD (BULLISH) Gold Spot Price,4045.6,4083.7,3997.4,4066.5,23.9,
11/19/2025,GOLD,4036.0,4235.0,4117.0,BULLISH,GOLD (BULLISH) Gold Spot Price,4067.8,4134.3,4055.6,4082.8,23.89,
11/20/2025,GOLD,3995.0,4233.0,4072.0,BULLISH,GOLD (BULLISH) Gold Spot Price,4079.9,4109.6,4034.0,4060.0,22.93,
11/21/2025,GOLD,4002.0,4211.0,4053.0,BULLISH,GOLD (BULLISH) Gold Spot Price,4074.9,4101.0,4018.1,4079.5,21.93,
11/24/2025,GOLD,4001.0,4208.0,4071.0,BULLISH,GOLD (BULLISH) Gold Spot Price,4069.2,4138.2,4036.4,4094.2,22.55,
11/25/2025,GOLD,4004.0,4211.0,4133.0,BULLISH,GOLD (BULLISH) Gold Spot Price,4133.5,4156.3,4106.7,4140.0,22.4,
11/26/2025,GOLD,4025.0,4193.0,4153.0,BULLISH,GOLD (BULLISH) Gold Spot Price,4128.6,4171.0,4127.5,4165.2,21.95,
11/28/2025,GOLD,4062.0,4199.0,4174.0,BULLISH,GOLD (BULLISH) Gold Spot Price,4198.6,4263.1,4174.6,4254.9,22.87,
12/01/2025,GOLD,4076.0,4294.0,4254.0,BULLISH,GOLD (BULLISH) Gold Spot Price,4258.5,4299.6,4241.1,4274.8,23.34,
12/02/2025,GOLD,4086.0,4263.0,4203.0,BULLISH,GOLD (BULLISH) Gold Spot Price,4265.3,4269.2,4194.0,4220.8,22.49,
12/03/2025,GOLD,4095.0,4276.0,4211.0,BULLISH,GOLD (BULLISH) Gold Spot Price,4241.6,4273.3,4225.1,4232.5,21.96,
12/04/2025,GOLD,4103.0,4296.0,4191.0,BULLISH,GOLD (BULLISH) Gold Spot Price,4234.5,4251.1,4203.3,4243.0,20.57,
12/05/2025,GOLD,4110.0,4287.0,4225.0,BULLISH,GOLD (BULLISH) Gold Spot Price,4239.5,4290.5,4221.4,4243.0,19.92,
12/08/2025,GOLD,4115.0,4267.0,4212.0,BULLISH,GOLD (BULLISH) Gold Spot Price,4228.1,4247.9,4204.0,4217.7,19.58,
12/09/2025,GOLD,4132.0,4262.0,4202.0,BULLISH,GOLD (BULLISH) Gold Spot Price,4219.6,4251.7,4197.8,4236.2,20.35,
12/10/2025,GOLD,4157.0,4248.0,4208.0,BULLISH,GOLD (BULLISH) Gold Spot Price,4237.5,4268.8,4207.8,4224.7,20.2,
12/11/2025,GOLD,4175.0,4254.0,4225.0,BULLISH,GOLD (BULLISH) Gold Spot Price,4258.3,4317.3,4231.2,4313.0,20.97,
12/12/2025,GOLD,4207.0,4374.0,4282.0,BULLISH,GOLD (BULLISH) Gold Spot Price,4309.1,4387.8,4286.0,4328.3,21.46,
12/15/2025,GOLD,4204.0,4357.0,4347.0,BULLISH,GOLD (BULLISH) Gold Spot Price,4330.0,4384.3,4315.9,4335.2,21.2,
12/16/2025,GOLD,4215.0,4342.0,4291.0,BULLISH,GOLD (BULLISH) Gold Spot Price,4334.3,4367.9,4297.4,4332.3,20.18,
12/17/2025,GOLD,4236.0,4356.0,4320.0,BULLISH,GOLD (BULLISH) Gold Spot Price,4333.5,4383.6,4330.7,4373.9,21.22,
12/18/2025,GOLD,4251.0,4375.0,4320.0,BULLISH,GOLD (BULLISH) Gold Spot Price,4371.5,4409.5,4338.0,4364.5,21.31,
12/19/2025,GOLD,4265.0,4398.0,4325.0,BULLISH,GOLD (BULLISH) Gold Spot Price,4363.6,4389.0,4336.3,4387.3,20.72,
12/22/2025,GOLD,4290.0,4426.0,4407.0,BULLISH,GOLD (BULLISH) Gold Spot Price,4369.9,4484.5,4367.9,4469.4,23.8,
12/23/2025,GOLD,4328.0,4511.0,4484.0,BULLISH,GOLD (BULLISH) Gold Spot Price,4481.8,4530.8,4457.7,4505.7,24.53,
12/24/2025,GOLD,4338.0,4551.0,4493.0,BULLISH,GOLD (BULLISH) Gold Spot Price,4516.7,4555.1,4474.3,4502.8,23.81,
12/26/2025,GOLD,4380.0,4534.0,4513.0,BULLISH,GOLD (BULLISH) Gold Spot Price,4523.5,4584.0,4518.0,4552.7,25.78,
12/29/2025,GOLD,4392.0,4565.0,4462.0,BULLISH,GOLD (BULLISH) Gold Spot Price,4568.0,4581.3,4316.0,4343.6,25.71,
12/30/2025,GOLD,4286.0,4551.0,4392.0,BULLISH,GOLD (BULLISH) Gold Spot Price,4350.3,4420.5,4338.8,4386.3,24.83,
12/31/2025,GOLD,4288.0,4566.0,4310.0,BULLISH,GOLD (BULLISH) Gold Spot Price,4353.0,4384.9,4284.3,4341.1,23.92,
01/02/2026,GOLD,4291.0,4567.0,4322.0,BULLISH,GOLD (BULLISH) Gold Spot Price,4340.0,4414.8,4319.7,4329.6,23.8,
01/05/2026,GOLD,4296.0,4567.0,4413.0,BULLISH,GOLD (BULLISH) Gold Spot Price,4368.3,4467.6,4354.6,4451.5,24.25,
01/06/2026,GOLD,4306.0,4576.0,4463.0,BULLISH,GOLD (BULLISH) Gold Spot Price,4459.8,4508.3,4437.9,4496.1,24.82,
01/07/2026,GOLD,4319.0,4590.0,4453.0,BULLISH,GOLD (BULLISH) Gold Spot Price,4505.4,4512.4,4432.9,4462.5,24.13,
01/08/2026,GOLD,4329.0,4585.0,4422.0,BULLISH,GOLD (BULLISH) Gold Spot Price,4467.1,4489.3,4415.0,4460.7,24.07,
01/09/2026,GOLD,4340.0,4582.0,4466.0,BULLISH,GOLD (BULLISH) Gold Spot Price,4489.3,4527.0,4461.8,4500.9,23.43,
01/12/2026,GOLD,4351.0,4612.0,4585.0,BULLISH,GOLD (BULLISH) Gold Spot Price,4529.1,4640.5,4520.8,4614.7,25.03,
01/13/2026,GOLD,4387.0,4624.0,4584.0,BULLISH,GOLD (BULLISH) Gold Spot Price,4610.0,4644.0,4576.7,4599.1,23.76,
01/14/2026,GOLD,4407.0,4671.0,4586.0,BULLISH,GOLD (BULLISH) Gold Spot Price,4594.3,4650.5,4594.3,4635.7,23.57,
01/15/2026,GOLD,4501.0,4692.0,4620.0,BULLISH,GOLD (BULLISH) Gold Spot Price,4635.7,4637.2,4584.0,4623.7,22.06,
01/16/2026,GOLD,4506.0,4682.0,4619.0,BULLISH,GOLD (BULLISH) Gold Spot Price,4621.6,4625.5,4539.1,4595.4,22.23,
01/20/2026,GOLD,4561.0,4749.0,4724.0,BULLISH,GOLD (BULLISH) Gold Spot Price,4633.7,4771.5,4622.2,4765.8,24.79,
01/21/2026,GOLD,4603.0,4893.0,4865.0,BULLISH,GOLD (BULLISH) Gold Spot Price,4767.5,4891.1,4757.1,4837.5,26.27,
01/22/2026,GOLD,4613.0,4874.0,4831.0,BULLISH,GOLD (BULLISH) Gold Spot Price,4836.2,4944.3,4772.7,4913.4,28.11,
01/23/2026,GOLD,4696.0,4967.0,4937.0,BULLISH,GOLD (BULLISH) Gold Spot Price,4940.0,4991.4,4901.2,4979.7,30.01,
01/26/2026,GOLD,4736.0,5124.0,5091.0,BULLISH,GOLD (BULLISH) Gold Spot Price,5013.4,5107.9,4983.6,5082.5,32.7,
01/27/2026,GOLD,4786.0,5136.0,5088.0,BULLISH,GOLD (BULLISH) Gold Spot Price,5005.5,5190.8,5004.5,5082.6,33.13,
01/28/2026,GOLD,4858.0,5296.0,5266.0,BULLISH,GOLD (BULLISH) Gold Spot Price,5179.0,5415.2,5154.8,5303.6,39.67,
01/29/2026,GOLD,4993.0,5548.0,5534.0,BULLISH,GOLD (BULLISH) Gold Spot Price,5415.7,5586.2,5097.5,5318.4,46.02,
01/30/2026,GOLD,5008.0,5574.0,5115.0,BULLISH,GOLD (BULLISH) Gold Spot Price,5410.0,5480.2,4700.4,4745.1,44.08,
02/02/2026,GOLD,4601.0,5539.0,4772.0,BULLISH,GOLD (BULLISH) Gold Spot Price,4816.0,4905.6,4423.2,4652.6,37.38,
02/03/2026,GOLD,4628.0,5505.0,4914.0,BULLISH,GOLD (BULLISH) Gold Spot Price,4691.0,5018.1,4690.2,4935.0,41.04,
02/04/2026,GOLD,4660.0,5511.0,5052.0,BULLISH,GOLD (BULLISH) Gold Spot Price,4966.1,5113.9,4867.7,4950.8,36.93,
02/05/2026,GOLD,4660.0,5511.0,4858.0,BULLISH,GOLD (BULLISH) Gold Spot Price,4986.6,5045.0,4779.6,4889.5,35.53,
02/06/2026,GOLD,4708.0,5521.0,4894.0,BULLISH,GOLD (BULLISH) Gold Spot Price,4800.0,4995.6,4670.0,4979.8,33.96,
02/09/2026,GOLD,4751.0,5516.0,5018.0,BULLISH,GOLD (BULLISH) Gold Spot Price,5003.6,5111.1,4988.6,5079.4,32.84,
02/10/2026,GOLD,4788.0,5494.0,5043.0,BULLISH,GOLD (BULLISH) Gold Spot Price,5084.3,5102.7,5011.0,5031.0,28.86,
02/11/2026,GOLD,4827.0,5374.0,5086.0,BULLISH,GOLD (BULLISH) Gold Spot Price,5048.0,5144.5,5036.3,5098.5,29.38,
02/12/2026,GOLD,4824.0,5208.0,5055.0,BULLISH,GOLD (BULLISH) Gold Spot Price,5107.3,5122.8,4900.0,4948.4,30.23,
02/13/2026,GOLD,4842.0,5209.0,4893.0,BULLISH,GOLD (BULLISH) Gold Spot Price,4950.0,5069.1,4907.1,5046.3,30.84,
02/17/2026,GOLD,4812.0,5191.0,4937.0,BULLISH,GOLD (BULLISH) Gold Spot Price,5050.0,5074.4,4854.2,4905.9,33.24,
02/18/2026,GOLD,4790.0,5175.0,4926.0,BULLISH,GOLD (BULLISH) Gold Spot Price,4898.5,5031.9,4868.5,5009.5,33.75,
02/19/2026,GOLD,4857.0,5186.0,4985.0,BULLISH,GOLD (BULLISH) Gold Spot Price,4993.7,5042.8,4971.5,4997.4,33.56,
02/20/2026,GOLD,4859.0,5144.0,5019.0,BULLISH,GOLD (BULLISH) Gold Spot Price,5015.0,5131.0,4999.3,5080.9,36.44,
02/23/2026,GOLD,4893.0,5172.0,5148.0,BULLISH,GOLD (BULLISH) Gold Spot Price,5128.8,5257.3,5120.4,5225.6,38.46,
02/24/2026,GOLD,4907.0,5243.0,5158.0,BULLISH,GOLD (BULLISH) Gold Spot Price,5247.5,5269.4,5109.5,5176.3,37.55,
02/25/2026,GOLD,4934.0,5268.0,5182.0,BULLISH,GOLD (BULLISH) Gold Spot Price,5160.0,5237.3,5135.9,5226.2,34.96,
02/26/2026,GOLD,4951.0,5293.0,5180.0,BULLISH,GOLD (BULLISH) Gold Spot Price,5175.3,5221.9,5144.8,5194.2,33.07,
02/27/2026,GOLD,4975.0,5299.0,5184.0,BULLISH,GOLD (BULLISH) Gold Spot Price,5201.9,5299.0,5182.9,5247.9,33.23,
03/02/2026,GOLD,4998.0,5424.0,5392.0,BULLISH,GOLD (BULLISH) Gold Spot Price,5360.0,5434.1,5272.9,5311.6,34.83,
03/03/2026,,,,,,,5335.7,5394.2,5005.0,5123.7,38.77,YES
03/04/2026,,,,,,,5110.0,5218.3,5092.8,5134.7,36.48,YES
03/05/2026,GOLD,5031.0,5351.0,5163.0,BULLISH,GOLD (BULLISH) Gold Spot Price,5155.7,5204.3,5058.9,5078.7,35.31,
03/06/2026,GOLD,5026.0,5343.0,5089.0,BULLISH,GOLD (BULLISH) Gold Spot Price,5099.7,5185.0,5071.0,5158.7,34.26,
03/09/2026,GOLD,5009.0,5334.0,5091.0,BULLISH,GOLD (BULLISH) Gold Spot Price,5186.7,5210.4,5021.2,5103.7,33.52,
03/10/2026,GOLD,5009.0,5334.0,5176.0,BULLISH,GOLD (BULLISH) Gold Spot Price,5152.4,5248.7,5127.1,5242.1,32.11,
03/11/2026,GOLD,5056.0,5336.0,5185.0,BULLISH,GOLD (BULLISH) Gold Spot Price,5194.0,5230.9,5155.9,5179.1,30.68,
03/12/2026,,,,,,,5185.4,5197.8,5058.2,5125.8,31.09,YES
03/13/2026,GOLD,5020.0,5313.0,5095.0,BULLISH,GOLD (BULLISH) Gold Spot Price,5084.0,5132.4,5014.1,5061.7,32.31,
03/16/2026,GOLD,4965.0,5249.0,5004.0,BULLISH,GOLD (BULLISH) Gold Spot Price,5010.0,5044.5,4970.1,5002.2,30.56,
03/17/2026,GOLD,4974.0,5242.0,5007.0,BULLISH,GOLD (BULLISH) Gold Spot Price,5012.2,5049.4,4977.0,5008.2,27.98,
03/18/2026,GOLD,4951.0,5242.0,4988.0,BULLISH,GOLD (BULLISH) Gold Spot Price,5010.6,5022.0,4809.3,4896.2,29.42,
03/19/2026,GOLD,4701.0,5321.0,4710.0,BULLISH,GOLD (BULLISH) Gold Spot Price,4828.0,4868.7,4505.0,4605.7,31.05,
03/20/2026,GOLD,4651.0,5349.0,4663.0,BULLISH,GOLD (BULLISH) Gold Spot Price,4653.9,4738.2,4478.4,4574.9,35.25,
03/23/2026,GOLD,4249.0,5391.0,4406.0,BULLISH,GOLD (BULLISH) Gold Spot Price,4450.0,4537.1,4100.0,4407.3,43.36,
03/24/2026,GOLD,4331.0,5367.0,4425.0,BULLISH,GOLD (BULLISH) Gold Spot Price,4414.8,4485.6,4306.3,4402.0,41.9,
03/25/2026,GOLD,4401.0,5301.0,4584.0,BULLISH,GOLD (BULLISH) Gold Spot Price,4473.5,4601.0,4458.2,4552.3,38.65,
03/26/2026,GOLD,4323.0,5199.0,4446.0,BULLISH,GOLD (BULLISH) Gold Spot Price,4508.9,4541.6,4348.2,4376.3,45.07,
03/27/2026,GOLD,4278.0,4938.0,4415.0,BULLISH,GOLD (BULLISH) Gold Spot Price,4371.8,4552.1,4369.1,4492.5,45.51,
03/30/2026,GOLD,4379.0,4812.0,4559.0,BULLISH,GOLD (BULLISH) Gold Spot Price,4482.8,4579.1,4413.4,4526.0,42.71,
03/31/2026,GOLD,4297.0,4799.0,4588.0,BULLISH,GOLD (BULLISH) Gold Spot Price,4510.0,4684.1,4508.6,4647.6,38.89,
04/01/2026,GOLD,4307.0,4782.0,4746.0,BULLISH,GOLD (BULLISH) Gold Spot Price,4698.4,4821.0,4690.0,4813.1,36.11,
04/02/2026,GOLD,4272.0,4784.0,4647.0,NEUTRAL,GOLD (NEUTRAL) Gold Spot Price,4783.0,4825.9,4580.4,4679.7,37.85,
04/06/2026,GOLD,4295.0,4796.0,4729.0,BULLISH,GOLD (BULLISH) Gold Spot Price,4675.0,4733.1,4626.2,4684.7,37.04,
04/07/2026,GOLD,4323.0,4784.0,4686.0,BULLISH,GOLD (BULLISH) Gold Spot Price,4678.6,4745.7,4631.9,4684.7,37.43,
04/08/2026,GOLD,4379.0,4864.0,4813.0,BULLISH,GOLD (BULLISH) Gold Spot Price,4747.2,4888.0,4720.6,4777.2,34.21,
04/09/2026,GOLD,4378.0,4795.0,4753.0,BULLISH,GOLD (BULLISH) Gold Spot Price,4744.8,4826.0,4718.6,4818.0,31.66,
04/10/2026,GOLD,4435.0,4867.0,4789.0,BULLISH,GOLD (BULLISH) Gold Spot Price,4790.5,4820.0,4752.7,4787.4,30.46,
04/13/2026,GOLD,4532.0,4836.0,4740.0,BULLISH,GOLD (BULLISH) Gold Spot Price,4710.0,4774.4,4626.0,4767.4,30.0,
04/14/2026,GOLD,4603.0,4826.0,4794.0,BULLISH,GOLD (BULLISH) Gold Spot Price,4769.3,4870.3,4767.6,4850.1,31.04,
04/15/2026,GOLD,4630.0,4852.0,4817.0,BULLISH,GOLD (BULLISH) Gold Spot Price,4862.7,4895.4,4807.9,4823.6,29.97,
04/16/2026,GOLD,4625.0,4863.0,4833.0,BULLISH,GOLD (BULLISH) Gold Spot Price,4813.6,4861.3,4792.1,4808.3,28.65,
04/17/2026,GOLD,4657.0,4876.0,4809.0,BULLISH,GOLD (BULLISH) Gold Spot Price,4811.8,4917.7,4785.9,4879.6,28.95,
04/20/2026,GOLD,4701.0,4851.0,4812.0,BULLISH,GOLD (BULLISH) Gold Spot Price,4811.8,4847.9,4752.0,4828.8,28.46,
04/21/2026,GOLD,4712.0,4877.0,4806.0,BULLISH,GOLD (BULLISH) Gold Spot Price,4842.4,4854.8,4685.8,4719.6,29.31,
04/22/2026,GOLD,4701.0,4873.0,4778.0,BULLISH,GOLD (BULLISH) Gold Spot Price,4738.7,4790.8,4733.1,4753.0,27.09,
04/23/2026,GOLD,4671.0,4883.0,4717.0,BULLISH,GOLD (BULLISH) Gold Spot Price,4759.2,4771.3,4680.1,4724.0,27.87,
04/24/2026,GOLD,4645.0,4891.0,4689.0,BULLISH,GOLD (BULLISH) Gold Spot Price,4715.6,4757.1,4672.2,4740.9,25.88,
04/27/2026,GOLD,4651.0,4865.0,4720.0,BULLISH,GOLD (BULLISH) Gold Spot Price,4713.1,4745.8,4681.2,4693.7,25.37,
04/28/2026,GOLD,4600.0,4842.0,4623.0,BULLISH,GOLD (BULLISH) Gold Spot Price,4697.5,4716.5,4567.6,4608.4,26.19,
04/29/2026,GOLD,4524.0,4791.0,4575.0,BULLISH,GOLD (BULLISH) Gold Spot Price,4611.4,4624.3,4522.2,4561.5,27.77,
04/30/2026,GOLD,4546.0,4831.0,4553.0,BULLISH,GOLD (BULLISH) Gold Spot Price,4557.0,4658.8,4550.8,4629.6,26.64,
05/01/2026,GOLD,4509.0,4721.0,4577.0,NEUTRAL,GOLD (NEUTRAL) Gold Spot Price,4636.9,4673.0,4570.0,4644.5,26.43,
05/04/2026,GOLD,4508.0,4714.0,4594.0,NEUTRAL,GOLD (NEUTRAL) Gold Spot Price,4644.0,4650.6,4510.1,4533.3,27.92,
05/05/2026,GOLD,4476.0,4699.0,4542.0,NEUTRAL,GOLD (NEUTRAL) Gold Spot Price,4534.0,4597.5,4522.7,4568.5,26.61,
05/06/2026,GOLD,4523.0,4759.0,4710.0,NEUTRAL,GOLD (NEUTRAL) Gold Spot Price,4569.3,4734.6,4556.1,4694.3,26.34,
05/07/2026,GOLD,4525.0,4761.0,4743.0,BULLISH,GOLD (BULLISH) Gold Spot Price,4702.2,4775.2,4693.3,4710.9,27.03,
05/08/2026,GOLD,4551.0,4768.0,4722.0,BULLISH,GOLD (BULLISH) Gold Spot Price,4682.5,4760.4,4671.0,4730.7,26.48,
05/11/2026,GOLD,4523.0,4716.0,4669.0,NEUTRAL,GOLD (NEUTRAL) Gold Spot Price,4690.0,4758.4,4655.1,4728.7,27.48,
05/12/2026,GOLD,4513.0,4702.0,4705.0,NEUTRAL,GOLD (NEUTRAL) Gold Spot Price,4745.3,4783.4,4645.2,4686.7,27.16,
05/13/2026,GOLD,4519.0,4736.0,4705.0,NEUTRAL,GOLD (NEUTRAL) Gold Spot Price,4722.3,4734.8,4676.0,4706.7,26.56,
05/14/2026,GOLD,4536.0,4745.0,4714.0,NEUTRAL,GOLD (NEUTRAL) Gold Spot Price,4696.8,4725.8,4649.3,4685.3,25.79,
05/15/2026,GOLD,4523.0,4692.0,4609.0,NEUTRAL,GOLD (NEUTRAL) Gold Spot Price,4654.5,4670.1,4513.8,4561.9,26.34,
05/18/2026,GOLD,4524.0,4688.0,4547.0,NEUTRAL,GOLD (NEUTRAL) Gold Spot Price,4547.6,4588.6,4483.5,4558.0,26.2,
05/19/2026,GOLD,4500.0,4680.0,4542.0,NEUTRAL,GOLD (NEUTRAL) Gold Spot Price,4570.6,4593.2,4467.1,4511.2,26.63,
05/20/2026,GOLD,4424.0,4657.0,4471.0,NEUTRAL,GOLD (NEUTRAL) Gold Spot Price,4486.6,4558.4,4455.0,4535.3,25.17,
05/21/2026,GOLD,4426.0,4644.0,4527.0,NEUTRAL,GOLD (NEUTRAL) Gold Spot Price,4548.0,4572.4,4488.3,4542.5,24.59,
05/22/2026,GOLD,4413.0,4645.0,4527.0,NEUTRAL,GOLD (NEUTRAL) Gold Spot Price,4544.2,4547.0,4488.0,4523.2,23.86,
05/26/2026,GOLD,4430.0,4626.0,4540.0,NEUTRAL,GOLD (NEUTRAL) Gold Spot Price,4532.0,4583.3,4480.0,4502.3,24.27,
05/27/2026,GOLD,4436.0,4618.0,4502.0,NEUTRAL,GOLD (NEUTRAL) Gold Spot Price,4507.4,4528.1,4398.5,4448.4,24.47,
05/28/2026,GOLD,4351.0,4591.0,4399.0,NEUTRAL,GOLD (NEUTRAL) Gold Spot Price,4453.6,4512.6,4363.5,4499.3,24.83,
05/29/2026,GOLD,4443.0,4601.0,4540.0,NEUTRAL,GOLD (NEUTRAL) Gold Spot Price,4527.6,4627.1,4519.5,4593.0,24.91,
06/01/2026,GOLD,4388.0,4593.0,4534.0,NEUTRAL,GOLD (NEUTRAL) Gold Spot Price,4575.2,4577.3,4476.0,4506.3,25.64,
06/02/2026,GOLD,4427.0,4597.0,4539.0,NEUTRAL,GOLD (NEUTRAL) Gold Spot Price,4515.8,4571.3,4492.3,4519.9,24.44,
06/03/2026,GOLD,4421.0,4573.0,4486.0,NEUTRAL,GOLD (NEUTRAL) Gold Spot Price,4520.0,4525.1,4454.0,4466.9,24.49,
06/04/2026,GOLD,4413.0,4568.0,4485.0,NEUTRAL,GOLD (NEUTRAL) Gold Spot Price,4462.6,4543.2,4450.1,4505.0,23.87,
06/05/2026,GOLD,4405.0,4560.0,4469.0,NEUTRAL,GOLD (NEUTRAL) Gold Spot Price,4503.0,4508.7,4336.6,4365.3,28.89,
06/08/2026,GOLD,4251.0,4530.0,4335.0,NEUTRAL,GOLD (NEUTRAL) Gold Spot Price,4354.0,4377.5,4293.0,4363.4,27.17,
06/09/2026,GOLD,4253.0,4518.0,4361.0,NEUTRAL,GOLD (NEUTRAL) Gold Spot Price,4354.7,4388.6,4259.9,4286.4,28.04,
06/10/2026,GOLD,4132.0,4479.0,4209.0,BEARISH,GOLD (BEARISH) Gold Spot Price,4276.1,4281.1,4090.1,4133.3,32.18,
06/11/2026,GOLD,4013.0,4329.0,4098.0,BEARISH,GOLD (BEARISH) Gold Spot Price,4094.4,4241.3,4046.2,4114.0,28.33,
06/12/2026,GOLD,4028.0,4321.0,4214.0,BEARISH,GOLD (BEARISH) Gold Spot Price,4234.9,4267.8,4191.1,4238.8,26.85,
06/15/2026,GOLD,4071.0,4337.0,4329.0,NEUTRAL,GOLD (NEUTRAL) Gold Spot Price,4289.4,4391.5,4283.4,4351.6,26.47,
06/16/2026,GOLD,4075.0,4425.0,4346.0,NEUTRAL,GOLD (NEUTRAL) Gold Spot Price,4331.3,4376.5,4326.7,4354.4,25.18,
06/17/2026,GOLD,4112.0,4438.0,4347.0,BULLISH,GOLD (BULLISH) Gold Spot Price,4352.6,4403.6,4237.4,4381.4,28.45,
06/18/2026,GOLD,4113.0,4416.0,4338.0,BULLISH,GOLD (BULLISH) Gold Spot Price,4275.1,4350.2,4220.3,4245.9,27.9,
06/22/2026,GOLD,4080.0,4389.0,4193.0,NEUTRAL,GOLD (NEUTRAL) Gold Spot Price,4163.9,4238.1,4151.4,4202.7,26.15,
06/23/2026,GOLD,4025.0,4330.0,4133.0,BEARISH,GOLD (BEARISH) Gold Spot Price,4210.8,4216.0,4108.2,4149.4,27.41,
06/24/2026,GOLD,4019.0,4233.0,4081.0,BEARISH,GOLD (BEARISH) Gold Spot Price,4130.0,4132.4,3975.7,4008.8,31.6,
06/25/2026,GOLD,3937.0,4190.0,3998.0,BEARISH,GOLD (BEARISH) Gold Spot Price,4019.0,4060.0,3976.3,4047.6,29.58,
06/26/2026,GOLD,3921.0,4230.0,4025.0,BEARISH,GOLD (BEARISH) Gold Spot Price,4044.4,4111.5,3998.1,4096.3,27.18,
06/29/2026,GOLD,3917.0,4191.0,4081.0,BEARISH,GOLD (BEARISH) Gold Spot Price,4101.1,4102.9,4012.0,4038.9,27.7,
06/30/2026,GOLD,3908.0,4192.0,3990.0,BEARISH,GOLD (BEARISH) Gold Spot Price,4032.5,4078.1,3955.4,4038.5,27.2,
07/01/2026,GOLD,3901.0,4091.0,3988.0,BEARISH,GOLD (BEARISH) Gold Spot Price,4025.0,4131.0,3973.0,4082.4,27.12,
07/02/2026,GOLD,3922.0,4187.0,4076.0,BEARISH,GOLD (BEARISH) Gold Spot Price,4049.2,4157.1,4042.8,4125.7,26.0,
07/06/2026,GOLD,3951.0,4179.0,4136.0,BEARISH,GOLD (BEARISH) Gold Spot Price,4187.5,4215.5,4140.6,4167.5,25.33,
07/07/2026,GOLD,3936.0,4167.0,4167.0,BEARISH,GOLD (BEARISH) Gold Spot Price,4176.4,4192.4,4102.7,4157.4,26.21,
07/08/2026,GOLD,3960.0,4165.0,4113.0,BEARISH,GOLD (BEARISH) Gold Spot Price,4106.5,4144.7,4032.5,4082.4,27.6,
07/09/2026,GOLD,3970.0,4198.0,4116.0,BEARISH,GOLD (BEARISH) Gold Spot Price,4087.6,4148.4,4063.4,4140.8,25.33,
07/10/2026,GOLD,3990.0,4198.0,4111.0,BEARISH,GOLD (BEARISH) Gold Spot Price,4135.4,4144.6,4081.7,4113.7,23.95,
07/13/2026,GOLD,3987.0,4192.0,4114.0,BEARISH,GOLD (BEARISH) Gold Spot Price,4106.6,4111.6,3992.9,4005.7,26.93,
07/14/2026,GOLD,3957.0,4165.0,4006.0,BEARISH,GOLD (BEARISH) Gold Spot Price,4005.9,4112.5,3990.4,4069.7,25.02,
07/15/2026,GOLD,3980.0,4165.0,4056.0,BEARISH,GOLD (BEARISH) Gold Spot Price,4059.8,4089.1,4023.3,4051.8,24.88,
07/16/2026,GOLD,3976.0,4157.0,4070.0,BEARISH,GOLD (BEARISH) Gold Spot Price,4068.9,4071.9,3973.4,3992.1,26.65,
07/17/2026,GOLD,3950.0,4163.0,4002.0,BEARISH,GOLD (BEARISH) Gold Spot Price,3980.1,4028.9,3963.0,4018.8,25.6,
07/20/2026,GOLD,3942.0,4136.0,4023.0,BEARISH,GOLD (BEARISH) Gold Spot Price,4005.6,4046.0,3986.5,4015.9,25.37,
07/21/2026,GOLD,3951.0,4156.0,4067.0,BEARISH,GOLD (BEARISH) Gold Spot Price,4013.4,4092.5,4003.3,4076.4,23.94,
07/22/2026,GOLD,3960.0,4166.0,4121.0,BEARISH,GOLD (BEARISH) Gold Spot Price,4084.7,4171.4,4081.0,4151.9,24.02,
07/23/2026,GOLD,3976.0,4149.0,4096.0,BEARISH,GOLD (BEARISH) Gold Spot Price,4126.0,4144.0,4042.5,4050.2,25.14,
07/24/2026,GOLD,3953.0,4150.0,4040.0,BEARISH,GOLD (BEARISH) Gold Spot Price,4053.4,4085.2,4024.0,4070.8,24.33,
07/27/2026,GOLD,3963.0,4162.0,4104.0,BEARISH,GOLD (BEARISH) Gold Spot Price,4097.5,4119.3,4067.1,4077.0,24.13,
07/28/2026,GOLD,3952.0,4121.0,4027.0,BEARISH,GOLD (BEARISH) Gold Spot Price,4083.0,4085.7,4011.1,4038.7,24.62,
07/29/2026,GOLD,3976.0,4135.0,4034.0,BEARISH,GOLD (BEARISH) Gold Spot Price,4020.9,4115.2,3993.8,4036.3,24.64,
07/30/2026,GOLD,3980.0,4136.0,4136.0,BEARISH,GOLD (BEARISH) Gold Spot Price,4060.7,4118.5,4028.5,4100.1,24.48,
07/31/2026,GOLD,3991.0,4139.0,4109.0,BEARISH,GOLD (BEARISH) Gold Spot Price,4163.9,4170.7,4076.4,4107.0,23.31,
08/03/2026,GOLD,4002.0,4147.0,4112.0,BEARISH,GOLD (BEARISH) Gold Spot Price,4135.2,4145.5,4074.0,4090.5,23.65,
08/04/2026,GOLD,4011.0,4119.0,4105.0,BEARISH,GOLD (BEARISH) Gold Spot Price,4109.6,4163.8,4098.2,4152.6,23.5,
08/05/2026,GOLD,4018.0,4175.0,4138.0,NEUTRAL,GOLD (NEUTRAL) Gold Spot Price,4133.8,4328.2,4121.6,4305.2,25.59,
08/06/2026,GOLD,4029.0,4301.0,4267.0,NEUTRAL,GOLD (NEUTRAL) Gold Spot Price,4307.0,4363.7,4281.2,4299.6,24.86,
08/07/2026,GOLD,4103.0,4331.0,4308.0,BULLISH,GOLD (BULLISH) Gold Spot Price,4298.3,4432.3,4288.0,4399.7,25.64,
08/10/2026,GOLD,4151.0,4416.0,4401.0,BULLISH,GOLD (BULLISH) Gold Spot Price,4400.0,4453.8,4373.9,4419.7,27.9,
08/11/2026,GOLD,4166.0,4484.0,4431.0,BULLISH,GOLD (BULLISH) Gold Spot Price,4446.9,4495.0,4415.7,4441.1,25.99,
08/12/2026,GOLD,4186.0,4538.0,4472.0,BULLISH,GOLD (BULLISH) Gold Spot Price,4430.0,4502.7,4421.4,4467.5,25.58,
08/13/2026,GOLD,4189.0,4545.0,4450.0,BULLISH,GOLD (BULLISH) Gold Spot Price,4468.8,4509.1,4400.0,4420.4,23.87,
08/14/2026,GOLD,4201.0,4524.0,4411.0,BULLISH,GOLD (BULLISH) Gold Spot Price,4408.2,4454.6,4365.5,4437.3,23.92,
08/17/2026,GOLD,4203.0,4483.0,4451.0,BULLISH,GOLD (BULLISH) Gold Spot Price,4440.0,4486.5,4422.3,4473.7,25.12,
08/18/2026,GOLD,4276.0,4475.0,4450.0,BULLISH,GOLD (BULLISH) Gold Spot Price,4473.4,4493.1,4383.3,4420.6,23.98,
08/19/2026,GOLD,4296.0,4446.0,4427.0,BULLISH,GOLD (BULLISH) Gold Spot Price,4391.4,4582.8,4378.0,4545.3,26.68,
08/20/2026,GOLD,4304.0,4550.0,4543.0,BULLISH,GOLD (BULLISH) Gold Spot Price,4580.0,4597.1,4506.0,4571.4,27.28,
08/21/2026,GOLD,4322.0,4617.0,4584.0,BULLISH,GOLD (BULLISH) Gold Spot Price,4577.0,4690.4,4565.5,4680.6,27.29,
08/24/2026,GOLD,4403.0,4694.0,4645.0,BULLISH,GOLD (BULLISH) Gold Spot Price,4673.4,4738.5,4651.8,4697.8,28.28,
08/25/2026,GOLD,4340.0,4702.0,4694.0,BULLISH,GOLD (BULLISH) Gold Spot Price,4710.1,4755.0,4659.5,4694.5,27.69,
08/26/2026,GOLD,4365.0,4750.0,4681.0,BULLISH,GOLD (BULLISH) Gold Spot Price,4715.7,4730.9,4638.2,4653.3,26.96,
08/27/2026,GOLD,4389.0,4751.0,4635.0,BULLISH,GOLD (BULLISH) Gold Spot Price,4650.0,4697.7,4616.0,4664.0,26.8,
08/28/2026,GOLD,4399.0,4763.0,4651.0,BULLISH,GOLD (BULLISH) Gold Spot Price,4656.0,4688.0,4495.0,4529.9,25.17,
08/31/2026,GOLD,4378.0,4703.0,4494.0,BULLISH,GOLD (BULLISH) Gold Spot Price,4483.2,4521.5,4445.6,4481.5,24.4,
09/01/2026,GOLD,4351.0,4724.0,4419.0,BULLISH,GOLD (BULLISH) Gold Spot Price,4498.7,4510.5,4369.7,4396.4,25.43,
09/02/2026,GOLD,4251.0,4752.0,4357.0,BULLISH,GOLD (BULLISH) Gold Spot Price,4377.2,4444.4,4329.2,4414.6,26.14,
09/03/2026,GOLD,4292.0,4698.0,4477.0,BULLISH,GOLD (BULLISH) Gold Spot Price,4436.4,4558.5,4426.7,4539.9,27.18,
09/04/2026,GOLD,4296.0,4691.0,4514.0,BULLISH,GOLD (BULLISH) Gold Spot Price,4522.0,4537.8,4412.0,4476.6,26.63,
09/08/2026,GOLD,4274.0,4646.0,4449.0,BULLISH,GOLD (BULLISH) Gold Spot Price,4466.5,4488.8,4381.0,4439.0,27.26,
09/09/2026,GOLD,4290.0,4599.0,4434.0,BULLISH,GOLD (BULLISH) Gold Spot Price,4399.0,4479.0,4384.1,4460.7,27.79,
09/10/2026,GOLD,4301.0,4502.0,4431.0,BULLISH,GOLD (BULLISH) Gold Spot Price,4448.0,4479.9,4354.7,4407.3,28.48,
09/11/2026,GOLD,4275.0,4503.0,4381.0,BULLISH,GOLD (BULLISH) Gold Spot Price,4359.4,4444.9,4333.0,4408.9,25.68,
09/14/2026,GOLD,4247.0,4473.0,4325.0,NEUTRAL,GOLD (NEUTRAL) Gold Spot Price,4375.0,4396.8,4293.0,4351.9,26.54,
09/15/2026,GOLD,4229.0,4399.0,4309.0,NEUTRAL,GOLD (NEUTRAL) Gold Spot Price,4340.3,4358.2,4301.6,4332.8,26.9,
09/16/2026,GOLD,4241.0,4453.0,4376.0,BULLISH,GOLD (BULLISH) Gold Spot Price,4333.5,4413.1,4273.3,4387.5,26.55,
09/17/2026,GOLD,4243.0,4439.0,4349.0,NEUTRAL,GOLD (NEUTRAL) Gold Spot Price,4301.4,4423.3,4294.5,4399.7,24.98,
09/18/2026,GOLD,4250.0,4424.0,4421.0,NEUTRAL,GOLD (NEUTRAL) Gold Spot Price,4381.6,4439.8,4372.2,4424.9,23.31,
09/21/2026,GOLD,4240.0,4419.0,4385.0,NEUTRAL,GOLD (NEUTRAL) Gold Spot Price,4413.0,4422.1,4360.3,4383.9,23.38,
09/22/2026,GOLD,4244.0,4399.0,4362.0,NEUTRAL,GOLD (NEUTRAL) Gold Spot Price,4382.5,4414.1,4327.6,4376.4,,
09/23/2026,GOLD,4249.0,4383.0,4352.0,NEUTRAL,GOLD (NEUTRAL) Gold Spot Price,4394.7,4407.5,4330.9,4338.5,,
